ID_NUMBER,REL_NUM,CL_SUMMARY_TYPE,CTR_OPERATOR_BIC,CRANE_ID,NO_OF_MOVES,MOVE_DESCRIPTION,TYPE_OF_MOVE,EQ_TYPE,CONTAINER_SIZE,EMPTY_FULL,DEEP_SHORT_SEA,TRANSHIPMENT_FLAG,FK_TERMINAL_CALL,FK_TDR_REL
0,1,O,WHL,,354,LOAD_FUL_45,LOAD,CN,45,FUL,S,,0,1
0,1,O,WHL,,372,DISC_FUL_40,DISC,CN,40,FUL,,,0,1
0,1,O,WHL,,80,RDR_MT_40,RDR,CN,40,MT,D,,0,1
0,1,O,WHL,,44,RSOB_FUL_40,RSOB,CN,40,FUL,D,,0,1
0,1,O,WHL,,35,TSM_FUL_45,TSM,CN,45,FUL,D,Y,0,1
0,1,O,WHL,,1,MCR_FUL_20,MCR,CN,20,FUL,D,,0,1
0,1,O,HLC,,850,LOAD_FUL_40,LOAD,CN,40,FUL,D,,0,1
0,1,O,HLC,,893,DISC_FUL_45,DISC,CN,45,FUL,S,,0,1
0,1,O,HLC,,191,RDR_MT_45,RDR,CN,45,MT,D,,0,1
0,1,O,HLC,,106,RSOB_MT_45,RSOB,CN,45,MT,D,,0,1
0,1,O,HLC,,85,TSM_FUL_20,TSM,CN,20,FUL,S,Y,0,1
0,1,O,HLC,,1,MCR_FUL_40,MCR,CN,40,FUL,S,,0,1
0,1,O,EMC,,709,LOAD_FUL_20,LOAD,CN,20,FUL,S,,0,1
0,1,O,EMC,,744,DISC_FUL_45,DISC,CN,45,FUL,,,0,1
0,1,O,EMC,,159,RDR_FUL_45,RDR,CN,45,FUL,S,,0,1
0,1,O,EMC,,89,RSOB_FUL_45,RSOB,CN,45,FUL,,,0,1
0,1,O,EMC,,71,TSM_FUL_45,TSM,CN,45,FUL,D,Y,0,1
0,1,O,HMM,,425,LOAD_FUL_40,LOAD,CN,40,FUL,D,,0,1
0,1,O,HMM,,446,DISC_FUL_20,DISC,CN,20,FUL,S,,0,1
0,1,O,HMM,,96,RDR_FUL_20,RDR,CN,20,FUL,D,,0,1
0,1,O,HMM,,53,RSOB_MT_20,RSOB,CN,20,MT,S,,0,1
0,1,O,HMM,,42,TSM_FUL_40,TSM,CN,40,FUL,,Y,0,1
0,1,O,MSK,,1417,LOAD_MT_20,LOAD,CN,20,MT,D,,0,1
0,1,O,MSK,,1488,DISC_FUL_45,DISC,CN,45,FUL,D,,0,1
0,1,O,MSK,,319,RDR_FUL_40,RDR,CN,40,FUL,S,,0,1
0,1,O,MSK,,177,RSOB_FUL_45,RSOB,CN,45,FUL,S,,0,1
0,1,O,MSK,,141,TSM_FUL_20,TSM,CN,20,FUL,D,Y,0,1
0,1,V,,,317,TTL_HCV,,HCV,,,,,0,1
0,1,C,,Q01,1941,TTL_MOVES,,,,,,,0,1
0,1,C,,Q02,1941,TTL_MOVES,,,,,,,0,1
0,1,C,,Q03,1941,TTL_MOVES,,,,,,,0,1
0,1,C,,Q04,1941,TTL_MOVES,,,,,,,0,1
0,1,C,,Q05,1941,TTL_MOVES,,,,,,,0,1
1,1,O,OOL,,726,LOAD_FUL_45,LOAD,CN,45,FUL,,,1,1
1,1,O,OOL,,762,DISC_FUL_20,DISC,CN,20,FUL,,,1,1
1,1,O,OOL,,163,RDR_FUL_45,RDR,CN,45,FUL,S,,1,1
1,1,O,OOL,,91,RSOB_FUL_45,RSOB,CN,45,FUL,,,1,1
1,1,O,OOL,,73,TSM_MT_20,TSM,CN,20,MT,S,Y,1,1
1,1,O,WHL,,363,LOAD_MT_20,LOAD,CN,20,MT,,Y,1,1
1,1,O,WHL,,381,DISC_FUL_40,DISC,CN,40,FUL,D,,1,1
1,1,O,WHL,,82,RDR_FUL_20,RDR,CN,20,FUL,,,1,1
1,1,O,WHL,,45,RSOB_MT_45,RSOB,CN,45,MT,D,,1,1
1,1,O,WHL,,36,TSM_FUL_45,TSM,CN,45,FUL,,Y,1,1
1,1,O,WHL,,1,MCR_FUL_20,MCR,CN,20,FUL,S,,1,1
1,1,O,MSC,,1306,LOAD_MT_45,LOAD,CN,45,MT,D,,1,1
1,1,O,MSC,,1372,DISC_FUL_45,DISC,CN,45,FUL,,,1,1
1,1,O,MSC,,294,RDR_FUL_20,RDR,CN,20,FUL,,,1,1
1,1,O,MSC,,163,RSOB_FUL_45,RSOB,CN,45,FUL,,,1,1
1,1,O,MSC,,131,TSM_FUL_40,TSM,CN,40,FUL,,Y,1,1
1,1,O,HMM,,435,LOAD_FUL_20,LOAD,CN,20,FUL,D,,1,1
1,1,O,HMM,,457,DISC_FUL_40,DISC,CN,40,FUL,S,,1,1
1,1,O,HMM,,98,RDR_MT_45,RDR,CN,45,MT,,,1,1
1,1,O,HMM,,54,RSOB_FUL_45,RSOB,CN,45,FUL,S,,1,1
1,1,O,HMM,,44,TSM_MT_20,TSM,CN,20,MT,S,Y,1,1
1,1,O,HLC,,871,LOAD_FUL_20,LOAD,CN,20,FUL,S,,1,1
1,1,O,HLC,,914,DISC_MT_20,DISC,CN,20,MT,S,,1,1
1,1,O,HLC,,196,RDR_FUL_40,RDR,CN,40,FUL,D,,1,1
1,1,O,HLC,,109,RSOB_FUL_40,RSOB,CN,40,FUL,S,,1,1
1,1,O,HLC,,87,TSM_FUL_40,TSM,CN,40,FUL,D,Y,1,1
1,1,O,CMA,,218,LOAD_FUL_45,LOAD,CN,45,FUL,D,Y,1,1
1,1,O,CMA,,228,DISC_FUL_40,DISC,CN,40,FUL,S,,1,1
1,1,O,CMA,,49,RDR_FUL_45,RDR,CN,45,FUL,,,1,1
1,1,O,CMA,,27,RSOB_FUL_20,RSOB,CN,20,FUL,S,,1,1
1,1,O,CMA,,22,TSM_FUL_20,TSM,CN,20,FUL,D,Y,1,1
1,1,V,,,381,TTL_HCV,,HCV,,,,,1,1
1,1,C,,Q01,2036,TTL_MOVES,,,,,,,1,1
1,1,C,,Q02,2036,TTL_MOVES,,,,,,,1,1
1,1,C,,Q03,2035,TTL_MOVES,,,,,,,1,1
1,1,C,,Q04,2036,TTL_MOVES,,,,,,,1,1
1,1,C,,Q05,2036,TTL_MOVES,,,,,,,1,1
2,1,O,HLC,,1283,LOAD_FUL_20,LOAD,CN,20,FUL,,,2,1
2,1,O,HLC,,1347,DISC_FUL_20,DISC,CN,20,FUL,D,,2,1
2,1,O,HLC,,289,RDR_FUL_45,RDR,CN,45,FUL,S,,2,1
2,1,O,HLC,,160,RSOB_FUL_45,RSOB,CN,45,FUL,D,,2,1
2,1,O,HLC,,128,TSM_FUL_20,TSM,CN,20,FUL,D,Y,2,1
2,1,O,HLC,,1,MCR_FUL_40,MCR,CN,40,FUL,S,,2,1
2,1,O,YML,,428,LOAD_FUL_45,LOAD,CN,45,FUL,,,2,1
2,1,O,YML,,449,DISC_FUL_45,DISC,CN,45,FUL,D,,2,1
2,1,O,YML,,96,RDR_FUL_20,RDR,CN,20,FUL,,,2,1
2,1,O,YML,,53,RSOB_FUL_45,RSOB,CN,45,FUL,D,,2,1
2,1,O,YML,,43,TSM_FUL_20,TSM,CN,20,FUL,,Y,2,1
2,1,O,WHL,,534,LOAD_FUL_20,LOAD,CN,20,FUL,S,,2,1
2,1,O,WHL,,561,DISC_FUL_40,DISC,CN,40,FUL,S,Y,2,1
2,1,O,WHL,,120,RDR_FUL_40,RDR,CN,40,FUL,D,,2,1
2,1,O,WHL,,67,RSOB_FUL_20,RSOB,CN,20,FUL,,,2,1
2,1,O,WHL,,53,TSM_FUL_40,TSM,CN,40,FUL,,Y,2,1
2,1,O,WHL,,1,MCR_FUL_45,MCR,CN,45,FUL,S,,2,1
2,1,V,,,211,TTL_HCV,,HCV,,,,,2,1
2,1,C,,Q01,1165,TTL_MOVES,,,,,,,2,1
2,1,C,,Q02,1165,TTL_MOVES,,,,,,,2,1
2,1,C,,Q03,1164,TTL_MOVES,,,,,,,2,1
2,1,C,,Q04,1165,TTL_MOVES,,,,,,,2,1
2,1,C,,Q05,1165,TTL_MOVES,,,,,,,2,1
3,1,O,HLC,,314,LOAD_MT_45,LOAD,CN,45,MT,D,Y,3,1
3,1,O,HLC,,329,DISC_MT_20,DISC,CN,20,MT,D,,3,1
3,1,O,HLC,,71,RDR_FUL_40,RDR,CN,40,FUL,S,,3,1
3,1,O,HLC,,39,RSOB_FUL_20,RSOB,CN,20,FUL,S,,3,1
3,1,O,HLC,,31,TSM_FUL_20,TSM,CN,20,FUL,D,Y,3,1
3,1,O,YML,,105,LOAD_FUL_45,LOAD,CN,45,FUL,,,3,1
3,1,O,YML,,110,DISC_FUL_45,DISC,CN,45,FUL,,,3,1
3,1,O,YML,,24,RDR_FUL_45,RDR,CN,45,FUL,S,,3,1
3,1,O,YML,,13,RSOB_FUL_45,RSOB,CN,45,FUL,D,,3,1
3,1,O,YML,,10,TSM_FUL_40,TSM,CN,40,FUL,D,Y,3,1
3,1,O,HMM,,156,LOAD_FUL_45,LOAD,CN,45,FUL,D,,3,1
3,1,O,HMM,,164,DISC_FUL_20,DISC,CN,20,FUL,,,3,1
3,1,O,HMM,,35,RDR_MT_40,RDR,CN,40,MT,D,,3,1
3,1,O,HMM,,20,RSOB_FUL_20,RSOB,CN,20,FUL,,,3,1
3,1,O,HMM,,16,TSM_MT_20,TSM,CN,20,MT,,Y,3,1
3,1,O,MSK,,522,LOAD_FUL_40,LOAD,CN,40,FUL,,,3,1
3,1,O,MSK,,549,DISC_FUL_45,DISC,CN,45,FUL,,,3,1
3,1,O,MSK,,118,RDR_FUL_20,RDR,CN,20,FUL,,,3,1
3,1,O,MSK,,65,RSOB_FUL_45,RSOB,CN,45,FUL,,,3,1
3,1,O,MSK,,52,TSM_FUL_40,TSM,CN,40,FUL,,Y,3,1
3,1,V,,,38,TTL_HCV,,HCV,,,,,3,1
3,1,C,,Q01,1390,TTL_MOVES,,,,,,,3,1
3,1,C,,Q02,1391,TTL_MOVES,,,,,,,3,1
4,1,O,HMM,,462,LOAD_FUL_45,LOAD,CN,45,FUL,S,,4,1
4,1,O,HMM,,485,DISC_FUL_20,DISC,CN,20,FUL,,,4,1
4,1,O,HMM,,104,RDR_FUL_40,RDR,CN,40,FUL,,,4,1
4,1,O,HMM,,58,RSOB_FUL_20,RSOB,CN,20,FUL,D,,4,1
4,1,O,HMM,,46,TSM_MT_45,TSM,CN,45,MT,S,Y,4,1
4,1,O,MSC,,1385,LOAD_FUL_20,LOAD,CN,20,FUL,,,4,1
4,1,O,MSC,,1454,DISC_FUL_45,DISC,CN,45,FUL,D,Y,4,1
4,1,O,MSC,,312,RDR_FUL_45,RDR,CN,45,FUL,S,,4,1
4,1,O,MSC,,173,RSOB_FUL_40,RSOB,CN,40,FUL,D,,4,1
4,1,O,MSC,,138,TSM_FUL_40,TSM,CN,40,FUL,S,Y,4,1
4,1,O,CMA,,231,LOAD_FUL_40,LOAD,CN,40,FUL,D,,4,1
4,1,O,CMA,,242,DISC_MT_20,DISC,CN,20,MT,,Y,4,1
4,1,O,CMA,,52,RDR_MT_40,RDR,CN,40,MT,,,4,1
4,1,O,CMA,,29,RSOB_FUL_45,RSOB,CN,45,FUL,,,4,1
4,1,O,CMA,,23,TSM_FUL_40,TSM,CN,40,FUL,,Y,4,1
4,1,V,,,98,TTL_HCV,,HCV,,,,,4,1
4,1,C,,Q01,1323,TTL_MOVES,,,,,,,4,1
4,1,C,,Q02,1323,TTL_MOVES,,,,,,,4,1
4,1,C,,Q03,1323,TTL_MOVES,,,,,,,4,1
4,1,C,,Q04,1323,TTL_MOVES,,,,,,,4,1
5,1,O,MSC,,475,LOAD_MT_20,LOAD,CN,20,MT,,,5,1
5,1,O,MSC,,499,DISC_FUL_20,DISC,CN,20,FUL,,,5,1
5,1,O,MSC,,107,RDR_FUL_45,RDR,CN,45,FUL,S,,5,1
5,1,O,MSC,,59,RSOB_MT_20,RSOB,CN,20,MT,S,,5,1
5,1,O,MSC,,47,TSM_FUL_40,TSM,CN,40,FUL,D,Y,5,1
5,1,O,WHL,,132,LOAD_FUL_40,LOAD,CN,40,FUL,S,Y,5,1
5,1,O,WHL,,139,DISC_MT_45,DISC,CN,45,MT,D,Y,5,1
5,1,O,WHL,,30,RDR_FUL_40,RDR,CN,40,FUL,D,,5,1
5,1,O,WHL,,16,RSOB_FUL_45,RSOB,CN,45,FUL,,,5,1
5,1,O,WHL,,13,TSM_FUL_40,TSM,CN,40,FUL,D,Y,5,1
5,1,O,HMM,,158,LOAD_FUL_20,LOAD,CN,20,FUL,D,,5,1
5,1,O,HMM,,166,DISC_FUL_40,DISC,CN,40,FUL,S,,5,1
5,1,O,HMM,,36,RDR_MT_20,RDR,CN,20,MT,D,,5,1
5,1,O,HMM,,20,RSOB_FUL_20,RSOB,CN,20,FUL,S,,5,1
5,1,O,HMM,,15,TSM_FUL_20,TSM,CN,20,FUL,,Y,5,1
5,1,O,ONE,,316,LOAD_FUL_45,LOAD,CN,45,FUL,,,5,1
5,1,O,ONE,,332,DISC_FUL_45,DISC,CN,45,FUL,S,Y,5,1
5,1,O,ONE,,71,RDR_FUL_45,RDR,CN,45,FUL,,,5,1
5,1,O,ONE,,40,RSOB_MT_20,RSOB,CN,20,MT,D,,5,1
5,1,O,ONE,,31,TSM_FUL_40,TSM,CN,40,FUL,,Y,5,1
5,1,V,,,35,TTL_HCV,,HCV,,,,,5,1
5,1,C,,Q01,1369,TTL_MOVES,,,,,,,5,1
5,1,C,,Q02,1368,TTL_MOVES,,,,,,,5,1
6,1,O,YML,,72,LOAD_FUL_40,LOAD,CN,40,FUL,D,,6,1
6,1,O,YML,,76,DISC_FUL_20,DISC,CN,20,FUL,S,,6,1
6,1,O,YML,,16,RDR_MT_40,RDR,CN,40,MT,D,,6,1
6,1,O,YML,,9,RSOB_FUL_45,RSOB,CN,45,FUL,S,,6,1
6,1,O,YML,,7,TSM_FUL_20,TSM,CN,20,FUL,S,Y,6,1
6,1,O,YML,,1,MCR_FUL_40,MCR,CN,40,FUL,D,,6,1
6,1,O,ONE,,217,LOAD_FUL_20,LOAD,CN,20,FUL,,,6,1
6,1,O,ONE,,228,DISC_FUL_40,DISC,CN,40,FUL,S,,6,1
6,1,O,ONE,,49,RDR_FUL_20,RDR,CN,20,FUL,S,,6,1
6,1,O,ONE,,27,RSOB_FUL_20,RSOB,CN,20,FUL,S,,6,1
6,1,O,ONE,,21,TSM_FUL_45,TSM,CN,45,FUL,,Y,6,1
6,1,O,HLC,,216,LOAD_FUL_45,LOAD,CN,45,FUL,,Y,6,1
6,1,O,HLC,,227,DISC_FUL_45,DISC,CN,45,FUL,D,,6,1
6,1,O,HLC,,49,RDR_MT_40,RDR,CN,40,MT,,,6,1
6,1,O,HLC,,27,RSOB_FUL_45,RSOB,CN,45,FUL,S,,6,1
6,1,O,HLC,,22,TSM_FUL_40,TSM,CN,40,FUL,D,Y,6,1
6,1,O,WHL,,90,LOAD_MT_45,LOAD,CN,45,MT,,Y,6,1
6,1,O,WHL,,94,DISC_MT_40,DISC,CN,40,MT,,,6,1
6,1,O,WHL,,20,RDR_FUL_40,RDR,CN,40,FUL,,,6,1
6,1,O,WHL,,11,RSOB_FUL_45,RSOB,CN,45,FUL,D,,6,1
6,1,O,WHL,,9,TSM_FUL_45,TSM,CN,45,FUL,S,Y,6,1
6,1,O,WHL,,1,MCR_FUL_40,MCR,CN,40,FUL,,,6,1
6,1,V,,,16,TTL_HCV,,HCV,,,,,6,1
6,1,C,,Q01,752,TTL_MOVES,,,,,,,6,1
6,1,C,,Q02,753,TTL_MOVES,,,,,,,6,1
7,1,O,HMM,,199,LOAD_FUL_40,LOAD,CN,40,FUL,S,,7,1
7,1,O,HMM,,209,DISC_FUL_40,DISC,CN,40,FUL,D,,7,1
7,1,O,HMM,,45,RDR_MT_40,RDR,CN,40,MT,S,,7,1
7,1,O,HMM,,25,RSOB_FUL_40,RSOB,CN,40,FUL,,,7,1
7,1,O,HMM,,20,TSM_MT_45,TSM,CN,45,MT,,Y,7,1
7,1,O,EMC,,332,LOAD_FUL_45,LOAD,CN,45,FUL,,,7,1
7,1,O,EMC,,348,DISC_FUL_45,DISC,CN,45,FUL,S,,7,1
7,1,O,EMC,,75,RDR_FUL_20,RDR,CN,20,FUL,S,,7,1
7,1,O,EMC,,41,RSOB_FUL_45,RSOB,CN,45,FUL,S,,7,1
7,1,O,EMC,,33,TSM_FUL_40,TSM,CN,40,FUL,,Y,7,1
7,1,O,CMA,,99,LOAD_FUL_20,LOAD,CN,20,FUL,S,Y,7,1
7,1,O,CMA,,104,DISC_MT_45,DISC,CN,45,MT,S,,7,1
7,1,O,CMA,,22,RDR_FUL_40,RDR,CN,40,FUL,S,,7,1
7,1,O,CMA,,12,RSOB_MT_40,RSOB,CN,40,MT,D,,7,1
7,1,O,CMA,,10,TSM_FUL_45,TSM,CN,45,FUL,S,Y,7,1
7,1,O,CMA,,1,MCR_FUL_20,MCR,CN,20,FUL,D,,7,1
7,1,O,MSK,,663,LOAD_MT_45,LOAD,CN,45,MT,D,,7,1
7,1,O,MSK,,696,DISC_FUL_45,DISC,CN,45,FUL,,Y,7,1
7,1,O,MSK,,149,RDR_FUL_20,RDR,CN,20,FUL,D,,7,1
7,1,O,MSK,,83,RSOB_FUL_40,RSOB,CN,40,FUL,S,,7,1
7,1,O,MSK,,66,TSM_FUL_45,TSM,CN,45,FUL,S,Y,7,1
7,1,O,OOL,,331,LOAD_FUL_40,LOAD,CN,40,FUL,D,,7,1
7,1,O,OOL,,348,DISC_MT_40,DISC,CN,40,MT,,,7,1
7,1,O,OOL,,75,RDR_FUL_20,RDR,CN,20,FUL,,,7,1
7,1,O,OOL,,41,RSOB_FUL_20,RSOB,CN,20,FUL,S,,7,1
7,1,O,OOL,,33,TSM_FUL_40,TSM,CN,40,FUL,S,Y,7,1
7,1,V,,,163,TTL_HCV,,HCV,,,,,7,1
7,1,C,,Q01,1056,TTL_MOVES,,,,,,,7,1
7,1,C,,Q02,1056,TTL_MOVES,,,,,,,7,1
7,1,C,,Q03,1055,TTL_MOVES,,,,,,,7,1
7,1,C,,Q04,1056,TTL_MOVES,,,,,,,7,1
8,1,O,OOL,,182,LOAD_FUL_45,LOAD,CN,45,FUL,S,,8,1
8,1,O,OOL,,191,DISC_FUL_45,DISC,CN,45,FUL,S,,8,1
8,1,O,OOL,,41,RDR_FUL_45,RDR,CN,45,FUL,,,8,1
8,1,O,OOL,,23,RSOB_FUL_20,RSOB,CN,20,FUL,,,8,1
8,1,O,OOL,,18,TSM_FUL_40,TSM,CN,40,FUL,,Y,8,1
8,1,O,YML,,73,LOAD_FUL_45,LOAD,CN,45,FUL,S,,8,1
8,1,O,YML,,76,DISC_MT_20,DISC,CN,20,MT,D,,8,1
8,1,O,YML,,16,RDR_FUL_40,RDR,CN,40,FUL,S,,8,1
8,1,O,YML,,9,RSOB_FUL_20,RSOB,CN,20,FUL,D,,8,1
8,1,O,YML,,7,TSM_FUL_45,TSM,CN,45,FUL,,Y,8,1
8,1,O,YML,,1,MCR_FUL_40,MCR,CN,40,FUL,S,,8,1
8,1,O,HLC,,218,LOAD_FUL_40,LOAD,CN,40,FUL,D,,8,1
8,1,O,HLC,,229,DISC_FUL_40,DISC,CN,40,FUL,S,,8,1
8,1,O,HLC,,49,RDR_FUL_45,RDR,CN,45,FUL,D,,8,1
8,1,O,HLC,,27,RSOB_FUL_45,RSOB,CN,45,FUL,S,,8,1
8,1,O,HLC,,22,TSM_FUL_20,TSM,CN,20,FUL,S,Y,8,1
8,1,O,HLC,,1,MCR_FUL_45,MCR,CN,45,FUL,S,,8,1
8,1,O,HMM,,109,LOAD_FUL_20,LOAD,CN,20,FUL,D,,8,1
8,1,O,HMM,,115,DISC_FUL_45,DISC,CN,45,FUL,D,Y,8,1
8,1,O,HMM,,25,RDR_FUL_45,RDR,CN,45,FUL,D,,8,1
8,1,O,HMM,,14,RSOB_FUL_20,RSOB,CN,20,FUL,,,8,1
8,1,O,HMM,,10,TSM_FUL_20,TSM,CN,20,FUL,D,Y,8,1
8,1,O,MSC,,327,LOAD_FUL_45,LOAD,CN,45,FUL,D,,8,1
8,1,O,MSC,,344,DISC_MT_20,DISC,CN,20,MT,D,Y,8,1
8,1,O,MSC,,74,RDR_MT_45,RDR,CN,45,MT,D,,8,1
8,1,O,MSC,,41,RSOB_FUL_40,RSOB,CN,40,FUL,S,,8,1
8,1,O,MSC,,32,TSM_MT_40,TSM,CN,40,MT,S,Y,8,1
8,1,O,EMC,,182,LOAD_FUL_40,LOAD,CN,40,FUL,,,8,1
8,1,O,EMC,,191,DISC_MT_45,DISC,CN,45,MT,D,Y,8,1
8,1,O,EMC,,41,RDR_MT_40,RDR,CN,40,MT,,,8,1
8,1,O,EMC,,23,RSOB_FUL_40,RSOB,CN,40,FUL,S,,8,1
8,1,O,EMC,,17,TSM_FUL_45,TSM,CN,45,FUL,D,Y,8,1
8,1,V,,,108,TTL_HCV,,HCV,,,,,8,1
8,1,C,,Q01,709,TTL_MOVES,,,,,,,8,1
8,1,C,,Q02,709,TTL_MOVES,,,,,,,8,1
8,1,C,,Q03,709,TTL_MOVES,,,,,,,8,1
8,1,C,,Q04,709,TTL_MOVES,,,,,,,8,1
9,1,O,MSK,,282,LOAD_MT_40,LOAD,CN,40,MT,,,9,1
9,1,O,MSK,,297,DISC_FUL_20,DISC,CN,20,FUL,,,9,1
9,1,O,MSK,,64,RDR_FUL_45,RDR,CN,45,FUL,S,,9,1
9,1,O,MSK,,35,RSOB_FUL_45,RSOB,CN,45,FUL,S,,9,1
9,1,O,MSK,,28,TSM_FUL_20,TSM,CN,20,FUL,S,Y,9,1
9,1,O,EMC,,141,LOAD_FUL_20,LOAD,CN,20,FUL,,,9,1
9,1,O,EMC,,148,DISC_MT_40,DISC,CN,40,MT,S,Y,9,1
9,1,O,EMC,,32,RDR_FUL_45,RDR,CN,45,FUL,S,,9,1
9,1,O,EMC,,18,RSOB_FUL_40,RSOB,CN,40,FUL,S,,9,1
9,1,O,EMC,,14,TSM_FUL_45,TSM,CN,45,FUL,S,Y,9,1
9,1,O,HLC,,170,LOAD_FUL_20,LOAD,CN,20,FUL,D,,9,1
9,1,O,HLC,,178,DISC_FUL_20,DISC,CN,20,FUL,,,9,1
9,1,O,HLC,,38,RDR_FUL_20,RDR,CN,20,FUL,,,9,1
9,1,O,HLC,,21,RSOB_FUL_20,RSOB,CN,20,FUL,D,,9,1
9,1,O,HLC,,17,TSM_FUL_20,TSM,CN,20,FUL,,Y,9,1
9,1,O,WHL,,70,LOAD_FUL_20,LOAD,CN,20,FUL,D,,9,1
9,1,O,WHL,,74,DISC_FUL_40,DISC,CN,40,FUL,,,9,1
9,1,O,WHL,,16,RDR_FUL_45,RDR,CN,45,FUL,,,9,1
9,1,O,WHL,,9,RSOB_FUL_45,RSOB,CN,45,FUL,,,9,1
9,1,O,WHL,,7,TSM_FUL_40,TSM,CN,40,FUL,,Y,9,1
9,1,O,ONE,,169,LOAD_FUL_20,LOAD,CN,20,FUL,,Y,9,1
9,1,O,ONE,,178,DISC_FUL_20,DISC,CN,20,FUL,S,,9,1
9,1,O,ONE,,38,RDR_FUL_45,RDR,CN,45,FUL,,,9,1
9,1,O,ONE,,21,RSOB_FUL_40,RSOB,CN,40,FUL,S,,9,1
9,1,O,ONE,,17,TSM_MT_20,TSM,CN,20,MT,D,Y,9,1
9,1,V,,,23,TTL_HCV,,HCV,,,,,9,1
9,1,C,,Q01,1052,TTL_MOVES,,,,,,,9,1
9,1,C,,Q02,1053,TTL_MOVES,,,,,,,9,1
10,1,O,ONE,,198,LOAD_FUL_40,LOAD,CN,40,FUL,D,,10,1
10,1,O,ONE,,207,DISC_MT_20,DISC,CN,20,MT,,,10,1
10,1,O,ONE,,44,RDR_FUL_40,RDR,CN,40,FUL,S,,10,1
10,1,O,ONE,,25,RSOB_FUL_40,RSOB,CN,40,FUL,D,,10,1
10,1,O,ONE,,20,TSM_FUL_20,TSM,CN,20,FUL,D,Y,10,1
10,1,O,OOL,,165,LOAD_FUL_20,LOAD,CN,20,FUL,S,,10,1
10,1,O,OOL,,173,DISC_MT_40,DISC,CN,40,MT,D,,10,1
10,1,O,OOL,,37,RDR_FUL_45,RDR,CN,45,FUL,D,,10,1
10,1,O,OOL,,21,RSOB_FUL_45,RSOB,CN,45,FUL,D,,10,1
10,1,O,OOL,,16,TSM_FUL_45,TSM,CN,45,FUL,,Y,10,1
10,1,O,MSK,,329,LOAD_FUL_40,LOAD,CN,40,FUL,,,10,1
10,1,O,MSK,,346,DISC_MT_45,DISC,CN,45,MT,,,10,1
10,1,O,MSK,,74,RDR_FUL_45,RDR,CN,45,FUL,D,,10,1
10,1,O,MSK,,41,RSOB_MT_20,RSOB,CN,20,MT,,,10,1
10,1,O,MSK,,33,TSM_FUL_40,TSM,CN,40,FUL,S,Y,10,1
10,1,O,MSC,,296,LOAD_FUL_20,LOAD,CN,20,FUL,D,,10,1
10,1,O,MSC,,311,DISC_MT_40,DISC,CN,40,MT,D,,10,1
10,1,O,MSC,,67,RDR_MT_45,RDR,CN,45,MT,D,,10,1
10,1,O,MSC,,37,RSOB_MT_40,RSOB,CN,40,MT,,,10,1
10,1,O,MSC,,29,TSM_MT_40,TSM,CN,40,MT,,Y,10,1
10,1,O,YML,,66,LOAD_FUL_20,LOAD,CN,20,FUL,,,10,1
10,1,O,YML,,69,DISC_FUL_20,DISC,CN,20,FUL,S,,10,1
10,1,O,YML,,15,RDR_FUL_40,RDR,CN,40,FUL,D,,10,1
10,1,O,YML,,8,RSOB_FUL_45,RSOB,CN,45,FUL,S,,10,1
10,1,O,YML,,6,TSM_MT_20,TSM,CN,20,MT,S,Y,10,1
10,1,O,CMA,,49,LOAD_FUL_45,LOAD,CN,45,FUL,D,,10,1
10,1,O,CMA,,52,DISC_FUL_40,DISC,CN,40,FUL,D,,10,1
10,1,O,CMA,,11,RDR_FUL_45,RDR,CN,45,FUL,,,10,1
10,1,O,CMA,,6,RSOB_FUL_20,RSOB,CN,20,FUL,,,10,1
10,1,O,CMA,,5,TSM_FUL_45,TSM,CN,45,FUL,S,Y,10,1
10,1,V,,,73,TTL_HCV,,HCV,,,,,10,1
10,1,C,,Q01,1415,TTL_MOVES,,,,,,,10,1
10,1,C,,Q02,1414,TTL_MOVES,,,,,,,10,1
11,1,O,CMA,,131,LOAD_FUL_45,LOAD,CN,45,FUL,D,,11,1
11,1,O,CMA,,137,DISC_FUL_45,DISC,CN,45,FUL,,,11,1
11,1,O,CMA,,29,RDR_FUL_20,RDR,CN,20,FUL,D,,11,1
11,1,O,CMA,,16,RSOB_FUL_45,RSOB,CN,45,FUL,S,,11,1
11,1,O,CMA,,13,TSM_FUL_20,TSM,CN,20,FUL,,Y,11,1
11,1,O,CMA,,1,MCR_FUL_20,MCR,CN,20,FUL,S,,11,1
11,1,O,OOL,,436,LOAD_FUL_40,LOAD,CN,40,FUL,,,11,1
11,1,O,OOL,,458,DISC_FUL_40,DISC,CN,40,FUL,,,11,1
11,1,O,OOL,,98,RDR_FUL_20,RDR,CN,20,FUL,S,,11,1
11,1,O,OOL,,54,RSOB_FUL_40,RSOB,CN,40,FUL,D,,11,1
11,1,O,OOL,,44,TSM_FUL_45,TSM,CN,45,FUL,D,Y,11,1
11,1,O,HLC,,523,LOAD_FUL_20,LOAD,CN,20,FUL,S,,11,1
11,1,O,HLC,,549,DISC_FUL_45,DISC,CN,45,FUL,S,,11,1
11,1,O,HLC,,118,RDR_MT_45,RDR,CN,45,MT,S,,11,1
11,1,O,HLC,,65,RSOB_FUL_45,RSOB,CN,45,FUL,,,11,1
11,1,O,HLC,,52,TSM_FUL_45,TSM,CN,45,FUL,,Y,11,1
11,1,O,HLC,,1,MCR_FUL_40,MCR,CN,40,FUL,S,,11,1
11,1,O,MSC,,784,LOAD_FUL_45,LOAD,CN,45,FUL,,,11,1
11,1,O,MSC,,824,DISC_MT_40,DISC,CN,40,MT,D,,11,1
11,1,O,MSC,,176,RDR_FUL_40,RDR,CN,40,FUL,D,,11,1
11,1,O,MSC,,98,RSOB_MT_45,RSOB,CN,45,MT,D,,11,1
11,1,O,MSC,,78,TSM_FUL_20,TSM,CN,20,FUL,D,Y,11,1
11,1,O,MSC,,1,MCR_FUL_20,MCR,CN,20,FUL,,,11,1
11,1,V,,,97,TTL_HCV,,HCV,,,,,11,1
11,1,C,,Q01,1594,TTL_MOVES,,,,,,,11,1
11,1,C,,Q02,1595,TTL_MOVES,,,,,,,11,1
11,1,C,,Q03,1594,TTL_MOVES,,,,,,,11,1
12,1,O,HMM,,441,LOAD_FUL_40,LOAD,CN,40,FUL,,Y,12,1
12,1,O,HMM,,463,DISC_FUL_40,DISC,CN,40,FUL,,Y,12,1
12,1,O,HMM,,99,RDR_FUL_45,RDR,CN,45,FUL,S,,12,1
12,1,O,HMM,,55,RSOB_FUL_45,RSOB,CN,45,FUL,,,12,1
12,1,O,HMM,,44,TSM_FUL_45,TSM,CN,45,FUL,D,Y,12,1
12,1,O,WHL,,367,LOAD_FUL_45,LOAD,CN,45,FUL,,,12,1
12,1,O,WHL,,385,DISC_MT_40,DISC,CN,40,MT,D,,12,1
12,1,O,WHL,,83,RDR_FUL_45,RDR,CN,45,FUL,S,,12,1
12,1,O,WHL,,46,RSOB_MT_45,RSOB,CN,45,MT,,,12,1
12,1,O,WHL,,36,TSM_FUL_45,TSM,CN,45,FUL,D,Y,12,1
12,1,O,EMC,,734,LOAD_FUL_40,LOAD,CN,40,FUL,,,12,1
12,1,O,EMC,,771,DISC_FUL_40,DISC,CN,40,FUL,,,12,1
12,1,O,EMC,,165,RDR_FUL_40,RDR,CN,40,FUL,,,12,1
12,1,O,EMC,,92,RSOB_FUL_20,RSOB,CN,20,FUL,S,,12,1
12,1,O,EMC,,73,TSM_FUL_45,TSM,CN,45,FUL,D,Y,12,1
12,1,O,OOL,,734,LOAD_FUL_20,LOAD,CN,20,FUL,S,,12,1
12,1,O,OOL,,771,DISC_MT_20,DISC,CN,20,MT,D,,12,1
12,1,O,OOL,,165,RDR_FUL_45,RDR,CN,45,FUL,,,12,1
12,1,O,OOL,,92,RSOB_FUL_20,RSOB,CN,20,FUL,,,12,1
12,1,O,OOL,,73,TSM_FUL_40,TSM,CN,40,FUL,,Y,12,1
12,1,O,ONE,,881,LOAD_MT_45,LOAD,CN,45,MT,,,12,1
12,1,O,ONE,,925,DISC_FUL_20,DISC,CN,20,FUL,D,,12,1
12,1,O,ONE,,198,RDR_FUL_20,RDR,CN,20,FUL,,,12,1
12,1,O,ONE,,110,RSOB_MT_40,RSOB,CN,40,MT,D,,12,1
12,1,O,ONE,,88,TSM_MT_45,TSM,CN,45,MT,D,Y,12,1
12,1,O,YML,,294,LOAD_FUL_40,LOAD,CN,40,FUL,D,,12,1
12,1,O,YML,,308,DISC_FUL_20,DISC,CN,20,FUL,D,,12,1
12,1,O,YML,,66,RDR_FUL_45,RDR,CN,45,FUL,D,,12,1
12,1,O,YML,,37,RSOB_FUL_45,RSOB,CN,45,FUL,S,,12,1
12,1,O,YML,,29,TSM_MT_40,TSM,CN,40,MT,D,Y,12,1
12,1,V,,,432,TTL_HCV,,HCV,,,,,12,1
12,1,C,,Q01,1132,TTL_MOVES,,,,,,,12,1
12,1,C,,Q02,1132,TTL_MOVES,,,,,,,12,1
12,1,C,,Q03,1132,TTL_MOVES,,,,,,,12,1
12,1,C,,Q04,1132,TTL_MOVES,,,,,,,12,1
12,1,C,,Q05,1132,TTL_MOVES,,,,,,,12,1
12,1,C,,Q06,1132,TTL_MOVES,,,,,,,12,1
12,1,C,,Q07,1132,TTL_MOVES,,,,,,,12,1
12,1,C,,Q08,1133,TTL_MOVES,,,,,,,12,1
13,1,O,HLC,,592,LOAD_MT_40,LOAD,CN,40,MT,,Y,13,1
13,1,O,HLC,,622,DISC_FUL_20,DISC,CN,20,FUL,,,13,1
13,1,O,HLC,,133,RDR_FUL_40,RDR,CN,40,FUL,,,13,1
13,1,O,HLC,,74,RSOB_MT_45,RSOB,CN,45,MT,D,,13,1
13,1,O,HLC,,59,TSM_FUL_45,TSM,CN,45,FUL,D,Y,13,1
13,1,O,HLC,,1,MCR_FUL_45,MCR,CN,45,FUL,S,,13,1
13,1,O,WHL,,247,LOAD_FUL_20,LOAD,CN,20,FUL,D,Y,13,1
13,1,O,WHL,,259,DISC_FUL_45,DISC,CN,45,FUL,D,,13,1
13,1,O,WHL,,56,RDR_FUL_20,RDR,CN,20,FUL,D,,13,1
13,1,O,WHL,,31,RSOB_FUL_20,RSOB,CN,20,FUL,S,,13,1
13,1,O,WHL,,24,TSM_FUL_45,TSM,CN,45,FUL,S,Y,13,1
13,1,O,ONE,,592,LOAD_FUL_20,LOAD,CN,20,FUL,D,,13,1
13,1,O,ONE,,622,DISC_FUL_40,DISC,CN,40,FUL,D,,13,1
13,1,O,ONE,,133,RDR_FUL_45,RDR,CN,45,FUL,D,,13,1
13,1,O,ONE,,74,RSOB_FUL_40,RSOB,CN,40,FUL,,,13,1
13,1,O,ONE,,59,TSM_MT_45,TSM,CN,45,MT,D,Y,13,1
13,1,O,MSC,,888,LOAD_FUL_20,LOAD,CN,20,FUL,,,13,1
13,1,O,MSC,,932,DISC_FUL_40,DISC,CN,40,FUL,S,,13,1
13,1,O,MSC,,200,RDR_FUL_45,RDR,CN,45,FUL,,,13,1
13,1,O,MSC,,111,RSOB_FUL_40,RSOB,CN,40,FUL,S,,13,1
13,1,O,MSC,,89,TSM_FUL_40,TSM,CN,40,FUL,S,Y,13,1
13,1,O,CMA,,148,LOAD_FUL_40,LOAD,CN,40,FUL,S,Y,13,1
13,1,O,CMA,,155,DISC_FUL_45,DISC,CN,45,FUL,S,,13,1
13,1,O,CMA,,33,RDR_FUL_20,RDR,CN,20,FUL,,,13,1
13,1,O,CMA,,18,RSOB_MT_40,RSOB,CN,40,MT,S,,13,1
13,1,O,CMA,,15,TSM_FUL_45,TSM,CN,45,FUL,,Y,13,1
13,1,O,CMA,,1,MCR_FUL_20,MCR,CN,20,FUL,D,,13,1
13,1,V,,,251,TTL_HCV,,HCV,,,,,13,1
13,1,C,,Q01,713,TTL_MOVES,,,,,,,13,1
13,1,C,,Q02,713,TTL_MOVES,,,,,,,13,1
13,1,C,,Q03,713,TTL_MOVES,,,,,,,13,1
13,1,C,,Q04,713,TTL_MOVES,,,,,,,13,1
13,1,C,,Q05,713,TTL_MOVES,,,,,,,13,1
13,1,C,,Q06,714,TTL_MOVES,,,,,,,13,1
13,1,C,,Q07,714,TTL_MOVES,,,,,,,13,1
13,1,C,,Q08,713,TTL_MOVES,,,,,,,13,1
13,1,C,,Q09,713,TTL_MOVES,,,,,,,13,1
14,1,O,WHL,,167,LOAD_MT_40,LOAD,CN,40,MT,S,,14,1
14,1,O,WHL,,176,DISC_FUL_45,DISC,CN,45,FUL,D,,14,1
14,1,O,WHL,,38,RDR_FUL_45,RDR,CN,45,FUL,,,14,1
14,1,O,WHL,,21,RSOB_FUL_40,RSOB,CN,40,FUL,,,14,1
14,1,O,WHL,,16,TSM_FUL_45,TSM,CN,45,FUL,D,Y,14,1
14,1,O,CMA,,100,LOAD_FUL_40,LOAD,CN,40,FUL,S,,14,1
14,1,O,CMA,,105,DISC_FUL_45,DISC,CN,45,FUL,,,14,1
14,1,O,CMA,,23,RDR_FUL_40,RDR,CN,40,FUL,S,,14,1
14,1,O,CMA,,13,RSOB_FUL_45,RSOB,CN,45,FUL,D,,14,1
14,1,O,CMA,,10,TSM_FUL_20,TSM,CN,20,FUL,S,Y,14,1
14,1,O,ONE,,401,LOAD_FUL_20,LOAD,CN,20,FUL,S,Y,14,1
14,1,O,ONE,,421,DISC_MT_20,DISC,CN,20,MT,S,,14,1
14,1,O,ONE,,90,RDR_FUL_20,RDR,CN,20,FUL,,,14,1
14,1,O,ONE,,50,RSOB_FUL_40,RSOB,CN,40,FUL,,,14,1
14,1,O,ONE,,40,TSM_FUL_20,TSM,CN,20,FUL,,Y,14,1
14,1,O,HMM,,200,LOAD_MT_45,LOAD,CN,45,MT,,,14,1
14,1,O,HMM,,210,DISC_FUL_45,DISC,CN,45,FUL,D,,14,1
14,1,O,HMM,,45,RDR_FUL_45,RDR,CN,45,FUL,D,,14,1
14,1,O,HMM,,25,RSOB_FUL_20,RSOB,CN,20,FUL,S,,14,1
14,1,O,HMM,,20,TSM_FUL_45,TSM,CN,45,FUL,,Y,14,1
14,1,O,HMM,,1,MCR_FUL_45,MCR,CN,45,FUL,,,14,1
14,1,O,EMC,,334,LOAD_FUL_20,LOAD,CN,20,FUL,S,,14,1
14,1,O,EMC,,350,DISC_FUL_40,DISC,CN,40,FUL,S,Y,14,1
14,1,O,EMC,,75,RDR_FUL_45,RDR,CN,45,FUL,S,,14,1
14,1,O,EMC,,42,RSOB_FUL_40,RSOB,CN,40,FUL,,,14,1
14,1,O,EMC,,33,TSM_FUL_40,TSM,CN,40,FUL,,Y,14,1
14,1,O,HLC,,400,LOAD_MT_20,LOAD,CN,20,MT,S,,14,1
14,1,O,HLC,,420,DISC_FUL_45,DISC,CN,45,FUL,S,Y,14,1
14,1,O,HLC,,90,RDR_FUL_40,RDR,CN,40,FUL,S,,14,1
14,1,O,HLC,,50,RSOB_FUL_45,RSOB,CN,45,FUL,,,14,1
14,1,O,HLC,,40,TSM_FUL_45,TSM,CN,45,FUL,S,Y,14,1
14,1,O,HLC,,1,MCR_FUL_45,MCR,CN,45,FUL,S,,14,1
14,1,V,,,74,TTL_HCV,,HCV,,,,,14,1
14,1,C,,Q01,816,TTL_MOVES,,,,,,,14,1
14,1,C,,Q02,816,TTL_MOVES,,,,,,,14,1
14,1,C,,Q03,816,TTL_MOVES,,,,,,,14,1
14,1,C,,Q04,817,TTL_MOVES,,,,,,,14,1
14,1,C,,Q05,816,TTL_MOVES,,,,,,,14,1
15,1,O,ONE,,481,LOAD_FUL_40,LOAD,CN,40,FUL,,,15,1
15,1,O,ONE,,505,DISC_FUL_20,DISC,CN,20,FUL,,,15,1
15,1,O,ONE,,108,RDR_FUL_40,RDR,CN,40,FUL,S,,15,1
15,1,O,ONE,,60,RSOB_FUL_40,RSOB,CN,40,FUL,D,,15,1
15,1,O,ONE,,48,TSM_FUL_45,TSM,CN,45,FUL,D,Y,15,1
15,1,O,ONE,,1,MCR_FUL_20,MCR,CN,20,FUL,,,15,1
15,1,O,CMA,,120,LOAD_MT_40,LOAD,CN,40,MT,D,,15,1
15,1,O,CMA,,126,DISC_FUL_40,DISC,CN,40,FUL,,,15,1
15,1,O,CMA,,27,RDR_FUL_40,RDR,CN,40,FUL,D,,15,1
15,1,O,CMA,,15,RSOB_FUL_40,RSOB,CN,40,FUL,,,15,1
15,1,O,CMA,,12,TSM_MT_20,TSM,CN,20,MT,D,Y,15,1
15,1,O,HMM,,240,LOAD_FUL_20,LOAD,CN,20,FUL,D,,15,1
15,1,O,HMM,,252,DISC_MT_40,DISC,CN,40,MT,D,,15,1
15,1,O,HMM,,54,RDR_FUL_45,RDR,CN,45,FUL,S,,15,1
15,1,O,HMM,,30,RSOB_FUL_45,RSOB,CN,45,FUL,,,15,1
15,1,O,HMM,,24,TSM_FUL_40,TSM,CN,40,FUL,,Y,15,1
15,1,O,HMM,,1,MCR_FUL_40,MCR,CN,40,FUL,,,15,1
15,1,V,,,49,TTL_HCV,,HCV,,,,,15,1
15,1,C,,Q01,718,TTL_MOVES,,,,,,,15,1
15,1,C,,Q02,718,TTL_MOVES,,,,,,,15,1
15,1,C,,Q03,717,TTL_MOVES,,,,,,,15,1
16,1,O,ONE,,768,LOAD_FUL_20,LOAD,CN,20,FUL,,,16,1
16,1,O,ONE,,806,DISC_FUL_45,DISC,CN,45,FUL,S,,16,1
16,1,O,ONE,,173,RDR_FUL_45,RDR,CN,45,FUL,S,,16,1
16,1,O,ONE,,96,RSOB_FUL_20,RSOB,CN,20,FUL,,,16,1
16,1,O,ONE,,77,TSM_FUL_45,TSM,CN,45,FUL,S,Y,16,1
16,1,O,YML,,256,LOAD_FUL_45,LOAD,CN,45,FUL,,,16,1
16,1,O,YML,,269,DISC_MT_20,DISC,CN,20,MT,D,Y,16,1
16,1,O,YML,,58,RDR_FUL_20,RDR,CN,20,FUL,D,,16,1
16,1,O,YML,,32,RSOB_FUL_45,RSOB,CN,45,FUL,S,,16,1
16,1,O,YML,,25,TSM_FUL_45,TSM,CN,45,FUL,S,Y,16,1
16,1,O,MSK,,1280,LOAD_FUL_20,LOAD,CN,20,FUL,D,Y,16,1
16,1,O,MSK,,1344,DISC_FUL_45,DISC,CN,45,FUL,S,,16,1
16,1,O,MSK,,288,RDR_FUL_40,RDR,CN,40,FUL,,,16,1
16,1,O,MSK,,160,RSOB_MT_40,RSOB,CN,40,MT,S,,16,1
16,1,O,MSK,,127,TSM_FUL_20,TSM,CN,20,FUL,,Y,16,1
16,1,O,EMC,,640,LOAD_FUL_40,LOAD,CN,40,FUL,,,16,1
16,1,O,EMC,,672,DISC_FUL_20,DISC,CN,20,FUL,,Y,16,1
16,1,O,EMC,,144,RDR_FUL_20,RDR,CN,20,FUL,S,,16,1
16,1,O,EMC,,80,RSOB_FUL_45,RSOB,CN,45,FUL,S,,16,1
16,1,O,EMC,,63,TSM_FUL_20,TSM,CN,20,FUL,D,Y,16,1
16,1,O,WHL,,320,LOAD_FUL_20,LOAD,CN,20,FUL,S,,16,1
16,1,O,WHL,,336,DISC_FUL_20,DISC,CN,20,FUL,S,Y,16,1
16,1,O,WHL,,72,RDR_FUL_20,RDR,CN,20,FUL,S,,16,1
16,1,O,WHL,,40,RSOB_FUL_45,RSOB,CN,45,FUL,S,,16,1
16,1,O,WHL,,31,TSM_FUL_45,TSM,CN,45,FUL,S,Y,16,1
16,1,O,CMA,,192,LOAD_FUL_40,LOAD,CN,40,FUL,D,,16,1
16,1,O,CMA,,201,DISC_FUL_40,DISC,CN,40,FUL,,Y,16,1
16,1,O,CMA,,43,RDR_FUL_40,RDR,CN,40,FUL,D,,16,1
16,1,O,CMA,,24,RSOB_FUL_20,RSOB,CN,20,FUL,D,,16,1
16,1,O,CMA,,19,TSM_FUL_40,TSM,CN,40,FUL,S,Y,16,1
16,1,V,,,169,TTL_HCV,,HCV,,,,,16,1
16,1,C,,Q01,1101,TTL_MOVES,,,,,,,16,1
16,1,C,,Q02,1101,TTL_MOVES,,,,,,,16,1
16,1,C,,Q03,1101,TTL_MOVES,,,,,,,16,1
16,1,C,,Q04,1100,TTL_MOVES,,,,,,,16,1
16,1,C,,Q05,1101,TTL_MOVES,,,,,,,16,1
16,1,C,,Q06,1100,TTL_MOVES,,,,,,,16,1
16,1,C,,Q07,1100,TTL_MOVES,,,,,,,16,1
16,1,C,,Q08,1101,TTL_MOVES,,,,,,,16,1
17,1,O,HMM,,195,LOAD_MT_20,LOAD,CN,20,MT,,Y,17,1
17,1,O,HMM,,205,DISC_FUL_40,DISC,CN,40,FUL,D,,17,1
17,1,O,HMM,,44,RDR_FUL_40,RDR,CN,40,FUL,,,17,1
17,1,O,HMM,,24,RSOB_FUL_20,RSOB,CN,20,FUL,S,,17,1
17,1,O,HMM,,20,TSM_FUL_45,TSM,CN,45,FUL,S,Y,17,1
17,1,O,ONE,,390,LOAD_MT_20,LOAD,CN,20,MT,D,,17,1
17,1,O,ONE,,410,DISC_MT_20,DISC,CN,20,MT,D,,17,1
17,1,O,ONE,,88,RDR_FUL_40,RDR,CN,40,FUL,,,17,1
17,1,O,ONE,,49,RSOB_FUL_45,RSOB,CN,45,FUL,S,,17,1
17,1,O,ONE,,38,TSM_MT_40,TSM,CN,40,MT,D,Y,17,1
17,1,O,EMC,,325,LOAD_FUL_40,LOAD,CN,40,FUL,D,Y,17,1
17,1,O,EMC,,341,DISC_FUL_20,DISC,CN,20,FUL,,Y,17,1
17,1,O,EMC,,73,RDR_FUL_20,RDR,CN,20,FUL,S,,17,1
17,1,O,EMC,,41,RSOB_FUL_45,RSOB,CN,45,FUL,D,,17,1
17,1,O,EMC,,32,TSM_MT_45,TSM,CN,45,MT,,Y,17,1
17,1,O,MSK,,649,LOAD_FUL_20,LOAD,CN,20,FUL,,,17,1
17,1,O,MSK,,682,DISC_FUL_45,DISC,CN,45,FUL,D,,17,1
17,1,O,MSK,,146,RDR_FUL_40,RDR,CN,40,FUL,S,,17,1
17,1,O,MSK,,81,RSOB_MT_20,RSOB,CN,20,MT,S,,17,1
17,1,O,MSK,,65,TSM_FUL_20,TSM,CN,20,FUL,S,Y,17,1
17,1,O,WHL,,162,LOAD_FUL_40,LOAD,CN,40,FUL,,,17,1
17,1,O,WHL,,170,DISC_FUL_40,DISC,CN,40,FUL,,,17,1
17,1,O,WHL,,36,RDR_FUL_20,RDR,CN,20,FUL,S,,17,1
17,1,O,WHL,,20,RSOB_FUL_40,RSOB,CN,40,FUL,,,17,1
17,1,O,WHL,,16,TSM_FUL_45,TSM,CN,45,FUL,D,Y,17,1
17,1,O,WHL,,1,MCR_FUL_20,MCR,CN,20,FUL,S,,17,1
17,1,O,CMA,,97,LOAD_FUL_40,LOAD,CN,40,FUL,S,,17,1
17,1,O,CMA,,102,DISC_FUL_20,DISC,CN,20,FUL,,,17,1
17,1,O,CMA,,22,RDR_FUL_20,RDR,CN,20,FUL,D,,17,1
17,1,O,CMA,,12,RSOB_FUL_45,RSOB,CN,45,FUL,,,17,1
17,1,O,CMA,,10,TSM_FUL_45,TSM,CN,45,FUL,S,Y,17,1
17,1,V,,,201,TTL_HCV,,HCV,,,,,17,1
17,1,C,,Q01,1583,TTL_MOVES,,,,,,,17,1
17,1,C,,Q02,1582,TTL_MOVES,,,,,,,17,1
17,1,C,,Q03,1582,TTL_MOVES,,,,,,,17,1
18,1,O,ONE,,230,LOAD_FUL_40,LOAD,CN,40,FUL,D,,18,1
18,1,O,ONE,,241,DISC_FUL_45,DISC,CN,45,FUL,D,,18,1
18,1,O,ONE,,52,RDR_FUL_20,RDR,CN,20,FUL,D,,18,1
18,1,O,ONE,,29,RSOB_FUL_45,RSOB,CN,45,FUL,,,18,1
18,1,O,ONE,,22,TSM_FUL_45,TSM,CN,45,FUL,D,Y,18,1
18,1,O,OOL,,192,LOAD_FUL_20,LOAD,CN,20,FUL,D,,18,1
18,1,O,OOL,,201,DISC_FUL_45,DISC,CN,45,FUL,S,,18,1
18,1,O,OOL,,43,RDR_FUL_20,RDR,CN,20,FUL,D,,18,1
18,1,O,OOL,,24,RSOB_FUL_40,RSOB,CN,40,FUL,S,,18,1
18,1,O,OOL,,19,TSM_FUL_40,TSM,CN,40,FUL,S,Y,18,1
18,1,O,MSK,,383,LOAD_FUL_45,LOAD,CN,45,FUL,,Y,18,1
18,1,O,MSK,,402,DISC_FUL_45,DISC,CN,45,FUL,S,,18,1
18,1,O,MSK,,86,RDR_FUL_45,RDR,CN,45,FUL,S,,18,1
18,1,O,MSK,,48,RSOB_FUL_40,RSOB,CN,40,FUL,S,,18,1
18,1,O,MSK,,38,TSM_FUL_45,TSM,CN,45,FUL,D,Y,18,1
18,1,O,HMM,,114,LOAD_FUL_40,LOAD,CN,40,FUL,,,18,1
18,1,O,HMM,,120,DISC_FUL_40,DISC,CN,40,FUL,S,,18,1
18,1,O,HMM,,26,RDR_FUL_40,RDR,CN,40,FUL,S,,18,1
18,1,O,HMM,,14,RSOB_FUL_40,RSOB,CN,40,FUL,S,,18,1
18,1,O,HMM,,11,TSM_FUL_20,TSM,CN,20,FUL,D,Y,18,1
18,1,O,HMM,,1,MCR_FUL_40,MCR,CN,40,FUL,D,,18,1
18,1,O,YML,,76,LOAD_FUL_45,LOAD,CN,45,FUL,S,Y,18,1
18,1,O,YML,,80,DISC_FUL_40,DISC,CN,40,FUL,S,,18,1
18,1,O,YML,,17,RDR_FUL_45,RDR,CN,45,FUL,,,18,1
18,1,O,YML,,10,RSOB_FUL_45,RSOB,CN,45,FUL,S,,18,1
18,1,O,YML,,8,TSM_FUL_20,TSM,CN,20,FUL,S,Y,18,1
18,1,O,WHL,,96,LOAD_MT_20,LOAD,CN,20,MT,S,,18,1
18,1,O,WHL,,100,DISC_FUL_40,DISC,CN,40,FUL,D,Y,18,1
18,1,O,WHL,,22,RDR_MT_20,RDR,CN,20,MT,,,18,1
18,1,O,WHL,,12,RSOB_FUL_20,RSOB,CN,20,FUL,,,18,1
18,1,O,WHL,,9,TSM_FUL_45,TSM,CN,45,FUL,D,Y,18,1
18,1,V,,,108,TTL_HCV,,HCV,,,,,18,1
18,1,C,,Q01,708,TTL_MOVES,,,,,,,18,1
18,1,C,,Q02,709,TTL_MOVES,,,,,,,18,1
18,1,C,,Q03,709,TTL_MOVES,,,,,,,18,1
18,1,C,,Q04,708,TTL_MOVES,,,,,,,18,1
19,1,O,OOL,,729,LOAD_MT_45,LOAD,CN,45,MT,S,,19,1
19,1,O,OOL,,765,DISC_MT_45,DISC,CN,45,MT,S,,19,1
19,1,O,OOL,,164,RDR_FUL_40,RDR,CN,40,FUL,D,,19,1
19,1,O,OOL,,91,RSOB_MT_40,RSOB,CN,40,MT,D,,19,1
19,1,O,OOL,,73,TSM_MT_45,TSM,CN,45,MT,,Y,19,1
19,1,O,WHL,,364,LOAD_FUL_20,LOAD,CN,20,FUL,D,,19,1
19,1,O,WHL,,383,DISC_FUL_20,DISC,CN,20,FUL,,Y,19,1
19,1,O,WHL,,82,RDR_FUL_40,RDR,CN,40,FUL,,,19,1
19,1,O,WHL,,46,RSOB_FUL_45,RSOB,CN,45,FUL,,,19,1
19,1,O,WHL,,36,TSM_MT_40,TSM,CN,40,MT,D,Y,19,1
19,1,O,MSC,,1312,LOAD_MT_40,LOAD,CN,40,MT,,Y,19,1
19,1,O,MSC,,1377,DISC_FUL_40,DISC,CN,40,FUL,D,,19,1
19,1,O,MSC,,295,RDR_MT_40,RDR,CN,40,MT,D,,19,1
19,1,O,MSC,,164,RSOB_FUL_20,RSOB,CN,20,FUL,,,19,1
19,1,O,MSC,,131,TSM_FUL_40,TSM,CN,40,FUL,,Y,19,1
19,1,V,,,95,TTL_HCV,,HCV,,,,,19,1
19,1,C,,Q01,1018,TTL_MOVES,,,,,,,19,1
19,1,C,,Q02,1018,TTL_MOVES,,,,,,,19,1
19,1,C,,Q03,1018,TTL_MOVES,,,,,,,19,1
19,1,C,,Q04,1018,TTL_MOVES,,,,,,,19,1
19,1,C,,Q05,1018,TTL_MOVES,,,,,,,19,1
19,1,C,,Q06,1017,TTL_MOVES,,,,,,,19,1
20,1,O,WHL,,557,LOAD_FUL_40,LOAD,CN,40,FUL,D,,20,1
20,1,O,WHL,,585,DISC_MT_20,DISC,CN,20,MT,,Y,20,1
20,1,O,WHL,,125,RDR_FUL_40,RDR,CN,40,FUL,S,,20,1
20,1,O,WHL,,70,RSOB_FUL_40,RSOB,CN,40,FUL,D,,20,1
20,1,O,WHL,,56,TSM_MT_40,TSM,CN,40,MT,,Y,20,1
20,1,O,OOL,,1114,LOAD_FUL_45,LOAD,CN,45,FUL,S,,20,1
20,1,O,OOL,,1169,DISC_FUL_45,DISC,CN,45,FUL,S,,20,1
20,1,O,OOL,,251,RDR_FUL_20,RDR,CN,20,FUL,S,,20,1
20,1,O,OOL,,139,RSOB_FUL_40,RSOB,CN,40,FUL,S,,20,1
20,1,O,OOL,,111,TSM_FUL_45,TSM,CN,45,FUL,D,Y,20,1
20,1,O,CMA,,334,LOAD_FUL_45,LOAD,CN,45,FUL,,Y,20,1
20,1,O,CMA,,351,DISC_FUL_45,DISC,CN,45,FUL,S,,20,1
20,1,O,CMA,,75,RDR_FUL_45,RDR,CN,45,FUL,,,20,1
20,1,O,CMA,,42,RSOB_FUL_45,RSOB,CN,45,FUL,S,,20,1
20,1,O,CMA,,33,TSM_MT_20,TSM,CN,20,MT,D,Y,20,1
20,1,V,,,262,TTL_HCV,,HCV,,,,,20,1
20,1,C,,Q01,1319,TTL_MOVES,,,,,,,20,1
20,1,C,,Q02,1319,TTL_MOVES,,,,,,,20,1
20,1,C,,Q03,1318,TTL_MOVES,,,,,,,20,1
20,1,C,,Q04,1318,TTL_MOVES,,,,,,,20,1
21,1,O,MSK,,454,LOAD_MT_40,LOAD,CN,40,MT,,,21,1
21,1,O,MSK,,477,DISC_MT_20,DISC,CN,20,MT,D,,21,1
21,1,O,MSK,,102,RDR_MT_40,RDR,CN,40,MT,D,,21,1
21,1,O,MSK,,57,RSOB_FUL_40,RSOB,CN,40,FUL,D,,21,1
21,1,O,MSK,,45,TSM_FUL_45,TSM,CN,45,FUL,D,Y,21,1
21,1,O,YML,,91,LOAD_MT_20,LOAD,CN,20,MT,D,,21,1
21,1,O,YML,,95,DISC_FUL_45,DISC,CN,45,FUL,D,,21,1
21,1,O,YML,,20,RDR_FUL_45,RDR,CN,45,FUL,D,,21,1
21,1,O,YML,,11,RSOB_MT_45,RSOB,CN,45,MT,,,21,1
21,1,O,YML,,9,TSM_FUL_40,TSM,CN,40,FUL,S,Y,21,1
21,1,O,YML,,1,MCR_FUL_40,MCR,CN,40,FUL,D,,21,1
21,1,O,CMA,,68,LOAD_FUL_45,LOAD,CN,45,FUL,D,,21,1
21,1,O,CMA,,71,DISC_FUL_20,DISC,CN,20,FUL,D,,21,1
21,1,O,CMA,,15,RDR_MT_45,RDR,CN,45,MT,S,,21,1
21,1,O,CMA,,8,RSOB_FUL_20,RSOB,CN,20,FUL,D,,21,1
21,1,O,CMA,,7,TSM_FUL_45,TSM,CN,45,FUL,D,Y,21,1
21,1,O,CMA,,1,MCR_FUL_40,MCR,CN,40,FUL,D,,21,1
21,1,O,HMM,,136,LOAD_FUL_45,LOAD,CN,45,FUL,,,21,1
21,1,O,HMM,,143,DISC_FUL_20,DISC,CN,20,FUL,,Y,21,1
21,1,O,HMM,,31,RDR_FUL_20,RDR,CN,20,FUL,S,,21,1
21,1,O,HMM,,17,RSOB_FUL_40,RSOB,CN,40,FUL,S,,21,1
21,1,O,HMM,,13,TSM_FUL_45,TSM,CN,45,FUL,,Y,21,1
21,1,V,,,76,TTL_HCV,,HCV,,,,,21,1
21,1,C,,Q01,974,TTL_MOVES,,,,,,,21,1
21,1,C,,Q02,974,TTL_MOVES,,,,,,,21,1
22,1,O,OOL,,1510,LOAD_FUL_45,LOAD,CN,45,FUL,,,22,1
22,1,O,OOL,,1585,DISC_FUL_40,DISC,CN,40,FUL,D,,22,1
22,1,O,OOL,,340,RDR_FUL_40,RDR,CN,40,FUL,S,,22,1
22,1,O,OOL,,189,RSOB_FUL_45,RSOB,CN,45,FUL,S,,22,1
22,1,O,OOL,,150,TSM_FUL_45,TSM,CN,45,FUL,,Y,22,1
22,1,O,CMA,,453,LOAD_FUL_45,LOAD,CN,45,FUL,,Y,22,1
22,1,O,CMA,,475,DISC_FUL_45,DISC,CN,45,FUL,S,,22,1
22,1,O,CMA,,102,RDR_FUL_20,RDR,CN,20,FUL,,,22,1
22,1,O,CMA,,57,RSOB_MT_40,RSOB,CN,40,MT,S,,22,1
22,1,O,CMA,,45,TSM_MT_20,TSM,CN,20,MT,D,Y,22,1
22,1,O,HLC,,1811,LOAD_FUL_45,LOAD,CN,45,FUL,D,Y,22,1
22,1,O,HLC,,1902,DISC_FUL_40,DISC,CN,40,FUL,,,22,1
22,1,O,HLC,,408,RDR_FUL_20,RDR,CN,20,FUL,S,,22,1
22,1,O,HLC,,226,RSOB_MT_40,RSOB,CN,40,MT,S,,22,1
22,1,O,HLC,,181,TSM_FUL_40,TSM,CN,40,FUL,D,Y,22,1
22,1,V,,,473,TTL_HCV,,HCV,,,,,22,1
22,1,C,,Q01,1652,TTL_MOVES,,,,,,,22,1
22,1,C,,Q02,1651,TTL_MOVES,,,,,,,22,1
22,1,C,,Q03,1651,TTL_MOVES,,,,,,,22,1
22,1,C,,Q04,1651,TTL_MOVES,,,,,,,22,1
22,1,C,,Q05,1651,TTL_MOVES,,,,,,,22,1
22,1,C,,Q06,1651,TTL_MOVES,,,,,,,22,1
23,1,O,MSK,,436,LOAD_FUL_20,LOAD,CN,20,FUL,S,,23,1
23,1,O,MSK,,458,DISC_FUL_40,DISC,CN,40,FUL,S,,23,1
23,1,O,MSK,,98,RDR_FUL_40,RDR,CN,40,FUL,S,,23,1
23,1,O,MSK,,55,RSOB_FUL_40,RSOB,CN,40,FUL,S,,23,1
23,1,O,MSK,,44,TSM_FUL_40,TSM,CN,40,FUL,D,Y,23,1
23,1,O,OOL,,218,LOAD_FUL_45,LOAD,CN,45,FUL,D,,23,1
23,1,O,OOL,,229,DISC_FUL_20,DISC,CN,20,FUL,D,,23,1
23,1,O,OOL,,49,RDR_FUL_20,RDR,CN,20,FUL,,,23,1
23,1,O,OOL,,27,RSOB_FUL_20,RSOB,CN,20,FUL,S,,23,1
23,1,O,OOL,,22,TSM_FUL_45,TSM,CN,45,FUL,S,Y,23,1
23,1,O,OOL,,1,MCR_FUL_40,MCR,CN,40,FUL,,,23,1
23,1,O,WHL,,109,LOAD_FUL_40,LOAD,CN,40,FUL,D,Y,23,1
23,1,O,WHL,,115,DISC_FUL_20,DISC,CN,20,FUL,,,23,1
23,1,O,WHL,,25,RDR_FUL_20,RDR,CN,20,FUL,,,23,1
23,1,O,WHL,,14,RSOB_FUL_45,RSOB,CN,45,FUL,,,23,1
23,1,O,WHL,,10,TSM_FUL_40,TSM,CN,40,FUL,D,Y,23,1
23,1,O,MSC,,392,LOAD_MT_20,LOAD,CN,20,MT,,,23,1
23,1,O,MSC,,412,DISC_FUL_20,DISC,CN,20,FUL,D,Y,23,1
23,1,O,MSC,,88,RDR_FUL_20,RDR,CN,20,FUL,S,,23,1
23,1,O,MSC,,49,RSOB_FUL_40,RSOB,CN,40,FUL,,,23,1
23,1,O,MSC,,39,TSM_FUL_20,TSM,CN,20,FUL,,Y,23,1
23,1,O,MSC,,1,MCR_FUL_20,MCR,CN,20,FUL,S,,23,1
23,1,O,ONE,,262,LOAD_FUL_20,LOAD,CN,20,FUL,D,,23,1
23,1,O,ONE,,275,DISC_MT_45,DISC,CN,45,MT,,,23,1
23,1,O,ONE,,59,RDR_FUL_40,RDR,CN,40,FUL,,,23,1
23,1,O,ONE,,33,RSOB_FUL_45,RSOB,CN,45,FUL,,,23,1
23,1,O,ONE,,25,TSM_FUL_20,TSM,CN,20,FUL,D,Y,23,1
23,1,V,,,140,TTL_HCV,,HCV,,,,,23,1
23,1,C,,Q01,921,TTL_MOVES,,,,,,,23,1
23,1,C,,Q02,922,TTL_MOVES,,,,,,,23,1
23,1,C,,Q03,921,TTL_MOVES,,,,,,,23,1
23,1,C,,Q04,921,TTL_MOVES,,,,,,,23,1
24,1,O,HMM,,121,LOAD_FUL_40,LOAD,CN,40,FUL,S,,24,1
24,1,O,HMM,,127,DISC_FUL_45,DISC,CN,45,FUL,,,24,1
24,1,O,HMM,,27,RDR_FUL_45,RDR,CN,45,FUL,S,,24,1
24,1,O,HMM,,15,RSOB_FUL_20,RSOB,CN,20,FUL,S,,24,1
24,1,O,HMM,,12,TSM_FUL_20,TSM,CN,20,FUL,S,Y,24,1
24,1,O,HMM,,1,MCR_FUL_20,MCR,CN,20,FUL,D,,24,1
24,1,O,WHL,,100,LOAD_FUL_45,LOAD,CN,45,FUL,,,24,1
24,1,O,WHL,,105,DISC_FUL_20,DISC,CN,20,FUL,D,,24,1
24,1,O,WHL,,23,RDR_MT_20,RDR,CN,20,MT,S,,24,1
24,1,O,WHL,,13,RSOB_FUL_45,RSOB,CN,45,FUL,,,24,1
24,1,O,WHL,,10,TSM_FUL_45,TSM,CN,45,FUL,,Y,24,1
24,1,O,EMC,,201,LOAD_FUL_40,LOAD,CN,40,FUL,D,,24,1
24,1,O,EMC,,211,DISC_FUL_40,DISC,CN,40,FUL,S,,24,1
24,1,O,EMC,,45,RDR_MT_40,RDR,CN,40,MT,,,24,1
24,1,O,EMC,,25,RSOB_FUL_45,RSOB,CN,45,FUL,S,,24,1
24,1,O,EMC,,20,TSM_FUL_45,TSM,CN,45,FUL,,Y,24,1
24,1,O,EMC,,1,MCR_FUL_20,MCR,CN,20,FUL,,,24,1
24,1,O,ONE,,242,LOAD_FUL_40,LOAD,CN,40,FUL,,,24,1
24,1,O,ONE,,254,DISC_FUL_45,DISC,CN,45,FUL,,,24,1
24,1,O,ONE,,54,RDR_FUL_20,RDR,CN,20,FUL,S,,24,1
24,1,O,ONE,,30,RSOB_FUL_45,RSOB,CN,45,FUL,,,24,1
24,1,O,ONE,,24,TSM_FUL_45,TSM,CN,45,FUL,S,Y,24,1
24,1,V,,,22,TTL_HCV,,HCV,,,,,24,1
24,1,C,,Q01,421,TTL_MOVES,,,,,,,24,1
24,1,C,,Q02,421,TTL_MOVES,,,,,,,24,1
24,1,C,,Q03,420,TTL_MOVES,,,,,,,24,1
24,1,C,,Q04,421,TTL_MOVES,,,,,,,24,1
25,1,O,ONE,,613,LOAD_FUL_45,LOAD,CN,45,FUL,D,,25,1
25,1,O,ONE,,644,DISC_FUL_45,DISC,CN,45,FUL,S,,25,1
25,1,O,ONE,,138,RDR_FUL_20,RDR,CN,20,FUL,S,,25,1
25,1,O,ONE,,77,RSOB_FUL_45,RSOB,CN,45,FUL,D,,25,1
25,1,O,ONE,,61,TSM_MT_20,TSM,CN,20,MT,D,Y,25,1
25,1,O,MSK,,1022,LOAD_FUL_45,LOAD,CN,45,FUL,D,,25,1
25,1,O,MSK,,1073,DISC_FUL_40,DISC,CN,40,FUL,,,25,1
25,1,O,MSK,,230,RDR_FUL_20,RDR,CN,20,FUL,,,25,1
25,1,O,MSK,,128,RSOB_FUL_20,RSOB,CN,20,FUL,,,25,1
25,1,O,MSK,,102,TSM_FUL_20,TSM,CN,20,FUL,,Y,25,1
25,1,O,WHL,,256,LOAD_MT_40,LOAD,CN,40,MT,,Y,25,1
25,1,O,WHL,,268,DISC_MT_40,DISC,CN,40,MT,D,,25,1
25,1,O,WHL,,58,RDR_FUL_20,RDR,CN,20,FUL,S,,25,1
25,1,O,WHL,,32,RSOB_MT_20,RSOB,CN,20,MT,D,,25,1
25,1,O,WHL,,25,TSM_FUL_40,TSM,CN,40,FUL,S,Y,25,1
25,1,O,HMM,,306,LOAD_FUL_45,LOAD,CN,45,FUL,S,,25,1
25,1,O,HMM,,322,DISC_FUL_20,DISC,CN,20,FUL,D,,25,1
25,1,O,HMM,,69,RDR_MT_20,RDR,CN,20,MT,,,25,1
25,1,O,HMM,,38,RSOB_FUL_40,RSOB,CN,40,FUL,D,,25,1
25,1,O,HMM,,31,TSM_FUL_40,TSM,CN,40,FUL,S,Y,25,1
25,1,V,,,120,TTL_HCV,,HCV,,,,,25,1
25,1,C,,Q01,1123,TTL_MOVES,,,,,,,25,1
25,1,C,,Q02,1123,TTL_MOVES,,,,,,,25,1
25,1,C,,Q03,1122,TTL_MOVES,,,,,,,25,1
25,1,C,,Q04,1123,TTL_MOVES,,,,,,,25,1
25,1,C,,Q05,1122,TTL_MOVES,,,,,,,25,1
26,1,O,YML,,111,LOAD_FUL_45,LOAD,CN,45,FUL,,,26,1
26,1,O,YML,,117,DISC_FUL_45,DISC,CN,45,FUL,S,,26,1
26,1,O,YML,,25,RDR_FUL_20,RDR,CN,20,FUL,S,,26,1
26,1,O,YML,,14,RSOB_FUL_20,RSOB,CN,20,FUL,S,,26,1
26,1,O,YML,,11,TSM_FUL_45,TSM,CN,45,FUL,S,Y,26,1
26,1,O,WHL,,139,LOAD_FUL_40,LOAD,CN,40,FUL,D,,26,1
26,1,O,WHL,,146,DISC_MT_40,DISC,CN,40,MT,D,,26,1
26,1,O,WHL,,31,RDR_FUL_20,RDR,CN,20,FUL,S,,26,1
26,1,O,WHL,,17,RSOB_MT_40,RSOB,CN,40,MT,,,26,1
26,1,O,WHL,,14,TSM_MT_20,TSM,CN,20,MT,S,Y,26,1
26,1,O,WHL,,1,MCR_FUL_40,MCR,CN,40,FUL,S,,26,1
26,1,O,EMC,,278,LOAD_FUL_20,LOAD,CN,20,FUL,D,Y,26,1
26,1,O,EMC,,292,DISC_FUL_20,DISC,CN,20,FUL,D,,26,1
26,1,O,EMC,,63,RDR_FUL_40,RDR,CN,40,FUL,D,,26,1
26,1,O,EMC,,35,RSOB_FUL_20,RSOB,CN,20,FUL,D,,26,1
26,1,O,EMC,,27,TSM_FUL_20,TSM,CN,20,FUL,,Y,26,1
26,1,O,ONE,,333,LOAD_FUL_20,LOAD,CN,20,FUL,D,,26,1
26,1,O,ONE,,350,DISC_MT_40,DISC,CN,40,MT,D,,26,1
26,1,O,ONE,,75,RDR_FUL_40,RDR,CN,40,FUL,S,,26,1
26,1,O,ONE,,42,RSOB_FUL_40,RSOB,CN,40,FUL,,,26,1
26,1,O,ONE,,33,TSM_FUL_40,TSM,CN,40,FUL,,Y,26,1
26,1,O,OOL,,278,LOAD_FUL_20,LOAD,CN,20,FUL,D,,26,1
26,1,O,OOL,,291,DISC_FUL_40,DISC,CN,40,FUL,D,,26,1
26,1,O,OOL,,62,RDR_FUL_45,RDR,CN,45,FUL,D,,26,1
26,1,O,OOL,,35,RSOB_FUL_20,RSOB,CN,20,FUL,S,,26,1
26,1,O,OOL,,28,TSM_FUL_20,TSM,CN,20,FUL,S,Y,26,1
26,1,O,MSC,,500,LOAD_FUL_45,LOAD,CN,45,FUL,D,,26,1
26,1,O,MSC,,525,DISC_FUL_20,DISC,CN,20,FUL,S,,26,1
26,1,O,MSC,,112,RDR_MT_40,RDR,CN,40,MT,D,,26,1
26,1,O,MSC,,62,RSOB_FUL_20,RSOB,CN,20,FUL,D,,26,1
26,1,O,MSC,,50,TSM_FUL_40,TSM,CN,40,FUL,,Y,26,1
26,1,O,MSC,,1,MCR_FUL_20,MCR,CN,20,FUL,S,,26,1
26,1,V,,,116,TTL_HCV,,HCV,,,,,26,1
26,1,C,,Q01,1405,TTL_MOVES,,,,,,,26,1
26,1,C,,Q02,1405,TTL_MOVES,,,,,,,26,1
26,1,C,,Q03,1404,TTL_MOVES,,,,,,,26,1
27,1,O,OOL,,87,LOAD_MT_20,LOAD,CN,20,MT,,,27,1
27,1,O,OOL,,92,DISC_FUL_45,DISC,CN,45,FUL,S,,27,1
27,1,O,OOL,,20,RDR_FUL_20,RDR,CN,20,FUL,S,,27,1
27,1,O,OOL,,11,RSOB_FUL_20,RSOB,CN,20,FUL,S,,27,1
27,1,O,OOL,,8,TSM_FUL_20,TSM,CN,20,FUL,S,Y,27,1
27,1,O,HLC,,105,LOAD_FUL_45,LOAD,CN,45,FUL,S,Y,27,1
27,1,O,HLC,,110,DISC_FUL_40,DISC,CN,40,FUL,D,,27,1
27,1,O,HLC,,24,RDR_FUL_45,RDR,CN,45,FUL,S,,27,1
27,1,O,HLC,,13,RSOB_FUL_45,RSOB,CN,45,FUL,,,27,1
27,1,O,HLC,,10,TSM_FUL_45,TSM,CN,45,FUL,D,Y,27,1
27,1,O,ONE,,105,LOAD_MT_40,LOAD,CN,40,MT,,,27,1
27,1,O,ONE,,110,DISC_FUL_20,DISC,CN,20,FUL,S,,27,1
27,1,O,ONE,,24,RDR_FUL_40,RDR,CN,40,FUL,,,27,1
27,1,O,ONE,,13,RSOB_FUL_20,RSOB,CN,20,FUL,D,,27,1
27,1,O,ONE,,10,TSM_FUL_40,TSM,CN,40,FUL,S,Y,27,1
27,1,O,MSK,,174,LOAD_MT_20,LOAD,CN,20,MT,S,,27,1
27,1,O,MSK,,183,DISC_MT_40,DISC,CN,40,MT,D,,27,1
27,1,O,MSK,,39,RDR_MT_40,RDR,CN,40,MT,S,,27,1
27,1,O,MSK,,22,RSOB_FUL_45,RSOB,CN,45,FUL,,,27,1
27,1,O,MSK,,17,TSM_FUL_40,TSM,CN,40,FUL,S,Y,27,1
27,1,O,MSC,,156,LOAD_FUL_20,LOAD,CN,20,FUL,,,27,1
27,1,O,MSC,,164,DISC_FUL_45,DISC,CN,45,FUL,D,,27,1
27,1,O,MSC,,35,RDR_MT_45,RDR,CN,45,MT,S,,27,1
27,1,O,MSC,,20,RSOB_FUL_40,RSOB,CN,40,FUL,,,27,1
27,1,O,MSC,,16,TSM_FUL_45,TSM,CN,45,FUL,S,Y,27,1
27,1,O,HMM,,52,LOAD_FUL_45,LOAD,CN,45,FUL,S,,27,1
27,1,O,HMM,,55,DISC_FUL_20,DISC,CN,20,FUL,,,27,1
27,1,O,HMM,,12,RDR_FUL_20,RDR,CN,20,FUL,,,27,1
27,1,O,HMM,,6,RSOB_FUL_20,RSOB,CN,20,FUL,D,,27,1
27,1,O,HMM,,5,TSM_FUL_45,TSM,CN,45,FUL,S,Y,27,1
27,1,V,,,58,TTL_HCV,,HCV,,,,,27,1
27,1,C,,Q01,878,TTL_MOVES,,,,,,,27,1
27,1,C,,Q02,878,TTL_MOVES,,,,,,,27,1
28,1,O,YML,,230,LOAD_MT_40,LOAD,CN,40,MT,,,28,1
28,1,O,YML,,242,DISC_FUL_20,DISC,CN,20,FUL,,,28,1
28,1,O,YML,,52,RDR_MT_40,RDR,CN,40,MT,S,,28,1
28,1,O,YML,,29,RSOB_FUL_45,RSOB,CN,45,FUL,D,,28,1
28,1,O,YML,,23,TSM_FUL_45,TSM,CN,45,FUL,D,Y,28,1
28,1,O,HMM,,346,LOAD_FUL_40,LOAD,CN,40,FUL,D,,28,1
28,1,O,HMM,,363,DISC_FUL_20,DISC,CN,20,FUL,S,,28,1
28,1,O,HMM,,78,RDR_MT_40,RDR,CN,40,MT,D,,28,1
28,1,O,HMM,,43,RSOB_MT_40,RSOB,CN,40,MT,,,28,1
28,1,O,HMM,,34,TSM_MT_45,TSM,CN,45,MT,S,Y,28,1
28,1,O,MSK,,1152,LOAD_FUL_40,LOAD,CN,40,FUL,S,Y,28,1
28,1,O,MSK,,1210,DISC_FUL_40,DISC,CN,40,FUL,D,,28,1
28,1,O,MSK,,259,RDR_FUL_20,RDR,CN,20,FUL,,,28,1
28,1,O,MSK,,144,RSOB_FUL_40,RSOB,CN,40,FUL,D,,28,1
28,1,O,MSK,,115,TSM_FUL_45,TSM,CN,45,FUL,D,Y,28,1
28,1,O,OOL,,576,LOAD_FUL_20,LOAD,CN,20,FUL,,Y,28,1
28,1,O,OOL,,604,DISC_MT_40,DISC,CN,40,MT,,,28,1
28,1,O,OOL,,130,RDR_FUL_20,RDR,CN,20,FUL,S,,28,1
28,1,O,OOL,,72,RSOB_FUL_40,RSOB,CN,40,FUL,,,28,1
28,1,O,OOL,,57,TSM_FUL_45,TSM,CN,45,FUL,S,Y,28,1
28,1,O,CMA,,172,LOAD_FUL_20,LOAD,CN,20,FUL,D,Y,28,1
28,1,O,CMA,,181,DISC_FUL_45,DISC,CN,45,FUL,S,,28,1
28,1,O,CMA,,39,RDR_MT_20,RDR,CN,20,MT,S,,28,1
28,1,O,CMA,,22,RSOB_FUL_40,RSOB,CN,40,FUL,,,28,1
28,1,O,CMA,,17,TSM_FUL_20,TSM,CN,20,FUL,S,Y,28,1
28,1,V,,,253,TTL_HCV,,HCV,,,,,28,1
28,1,C,,Q01,2148,TTL_MOVES,,,,,,,28,1
28,1,C,,Q02,2147,TTL_MOVES,,,,,,,28,1
28,1,C,,Q03,2148,TTL_MOVES,,,,,,,28,1
29,1,O,WHL,,550,LOAD_FUL_45,LOAD,CN,45,FUL,S,Y,29,1
29,1,O,WHL,,577,DISC_FUL_40,DISC,CN,40,FUL,,,29,1
29,1,O,WHL,,124,RDR_FUL_40,RDR,CN,40,FUL,D,,29,1
29,1,O,WHL,,69,RSOB_FUL_20,RSOB,CN,20,FUL,,,29,1
29,1,O,WHL,,54,TSM_FUL_45,TSM,CN,45,FUL,S,Y,29,1
29,1,O,CMA,,330,LOAD_MT_45,LOAD,CN,45,MT,D,,29,1
29,1,O,CMA,,346,DISC_FUL_20,DISC,CN,20,FUL,,,29,1
29,1,O,CMA,,74,RDR_FUL_45,RDR,CN,45,FUL,D,,29,1
29,1,O,CMA,,41,RSOB_FUL_40,RSOB,CN,40,FUL,,,29,1
29,1,O,CMA,,33,TSM_FUL_20,TSM,CN,20,FUL,D,Y,29,1
29,1,O,HLC,,1318,LOAD_FUL_45,LOAD,CN,45,FUL,D,Y,29,1
29,1,O,HLC,,1384,DISC_FUL_20,DISC,CN,20,FUL,D,,29,1
29,1,O,HLC,,297,RDR_FUL_45,RDR,CN,45,FUL,S,,29,1
29,1,O,HLC,,165,RSOB_MT_45,RSOB,CN,45,MT,D,,29,1
29,1,O,HLC,,131,TSM_MT_20,TSM,CN,20,MT,D,Y,29,1
29,1,O,ONE,,1318,LOAD_FUL_45,LOAD,CN,45,FUL,S,,29,1
29,1,O,ONE,,1384,DISC_FUL_20,DISC,CN,20,FUL,S,,29,1
29,1,O,ONE,,297,RDR_FUL_40,RDR,CN,40,FUL,S,,29,1
29,1,O,ONE,,165,RSOB_FUL_45,RSOB,CN,45,FUL,,,29,1
29,1,O,ONE,,131,TSM_FUL_20,TSM,CN,20,FUL,,Y,29,1
29,1,V,,,223,TTL_HCV,,HCV,,,,,29,1
29,1,C,,Q01,1802,TTL_MOVES,,,,,,,29,1
29,1,C,,Q02,1802,TTL_MOVES,,,,,,,29,1
29,1,C,,Q03,1802,TTL_MOVES,,,,,,,29,1
29,1,C,,Q04,1802,TTL_MOVES,,,,,,,29,1
29,1,C,,Q05,1803,TTL_MOVES,,,,,,,29,1
30,1,O,HLC,,464,LOAD_FUL_40,LOAD,CN,40,FUL,D,,30,1
30,1,O,HLC,,487,DISC_FUL_45,DISC,CN,45,FUL,S,,30,1
30,1,O,HLC,,104,RDR_FUL_40,RDR,CN,40,FUL,S,,30,1
30,1,O,HLC,,58,RSOB_FUL_40,RSOB,CN,40,FUL,,,30,1
30,1,O,HLC,,46,TSM_FUL_45,TSM,CN,45,FUL,S,Y,30,1
30,1,O,HLC,,1,MCR_FUL_20,MCR,CN,20,FUL,D,,30,1
30,1,O,MSC,,696,LOAD_FUL_20,LOAD,CN,20,FUL,,,30,1
30,1,O,MSC,,731,DISC_FUL_20,DISC,CN,20,FUL,,,30,1
30,1,O,MSC,,157,RDR_FUL_45,RDR,CN,45,FUL,S,,30,1
30,1,O,MSC,,87,RSOB_FUL_45,RSOB,CN,45,FUL,S,,30,1
30,1,O,MSC,,69,TSM_MT_40,TSM,CN,40,MT,D,Y,30,1
30,1,O,ONE,,464,LOAD_MT_40,LOAD,CN,40,MT,,,30,1
30,1,O,ONE,,487,DISC_FUL_20,DISC,CN,20,FUL,,,30,1
30,1,O,ONE,,104,RDR_FUL_45,RDR,CN,45,FUL,,,30,1
30,1,O,ONE,,58,RSOB_FUL_20,RSOB,CN,20,FUL,S,,30,1
30,1,O,ONE,,46,TSM_MT_20,TSM,CN,20,MT,,Y,30,1
30,1,V,,,186,TTL_HCV,,HCV,,,,,30,1
30,1,C,,Q01,849,TTL_MOVES,,,,,,,30,1
30,1,C,,Q02,849,TTL_MOVES,,,,,,,30,1
30,1,C,,Q03,849,TTL_MOVES,,,,,,,30,1
30,1,C,,Q04,849,TTL_MOVES,,,,,,,30,1
30,1,C,,Q05,849,TTL_MOVES,,,,,,,30,1
31,1,O,MSC,,365,LOAD_FUL_20,LOAD,CN,20,FUL,D,,31,1
31,1,O,MSC,,383,DISC_FUL_40,DISC,CN,40,FUL,,,31,1
31,1,O,MSC,,82,RDR_FUL_20,RDR,CN,20,FUL,S,,31,1
31,1,O,MSC,,46,RSOB_MT_45,RSOB,CN,45,MT,S,,31,1
31,1,O,MSC,,36,TSM_FUL_45,TSM,CN,45,FUL,,Y,31,1
31,1,O,ONE,,243,LOAD_FUL_20,LOAD,CN,20,FUL,S,Y,31,1
31,1,O,ONE,,255,DISC_FUL_40,DISC,CN,40,FUL,D,Y,31,1
31,1,O,ONE,,55,RDR_FUL_40,RDR,CN,40,FUL,D,,31,1
31,1,O,ONE,,30,RSOB_MT_20,RSOB,CN,20,MT,D,,31,1
31,1,O,ONE,,24,TSM_FUL_40,TSM,CN,40,FUL,D,Y,31,1
31,1,O,ONE,,1,MCR_FUL_45,MCR,CN,45,FUL,D,,31,1
31,1,O,MSK,,405,LOAD_FUL_20,LOAD,CN,20,FUL,D,,31,1
31,1,O,MSK,,425,DISC_FUL_45,DISC,CN,45,FUL,D,,31,1
31,1,O,MSK,,91,RDR_FUL_45,RDR,CN,45,FUL,S,,31,1
31,1,O,MSK,,51,RSOB_MT_40,RSOB,CN,40,MT,S,,31,1
31,1,O,MSK,,40,TSM_FUL_20,TSM,CN,20,FUL,,Y,31,1
31,1,O,HMM,,121,LOAD_FUL_20,LOAD,CN,20,FUL,D,,31,1
31,1,O,HMM,,127,DISC_FUL_45,DISC,CN,45,FUL,,Y,31,1
31,1,O,HMM,,27,RDR_FUL_20,RDR,CN,20,FUL,,,31,1
31,1,O,HMM,,15,RSOB_FUL_40,RSOB,CN,40,FUL,,,31,1
31,1,O,HMM,,12,TSM_FUL_45,TSM,CN,45,FUL,,Y,31,1
31,1,O,HMM,,1,MCR_FUL_45,MCR,CN,45,FUL,D,,31,1
31,1,O,OOL,,202,LOAD_FUL_20,LOAD,CN,20,FUL,D,,31,1
31,1,O,OOL,,213,DISC_FUL_40,DISC,CN,40,FUL,D,,31,1
31,1,O,OOL,,46,RDR_MT_40,RDR,CN,40,MT,D,,31,1
31,1,O,OOL,,25,RSOB_FUL_45,RSOB,CN,45,FUL,,,31,1
31,1,O,OOL,,20,TSM_FUL_40,TSM,CN,40,FUL,,Y,31,1
31,1,O,YML,,81,LOAD_FUL_40,LOAD,CN,40,FUL,S,,31,1
31,1,O,YML,,85,DISC_FUL_45,DISC,CN,45,FUL,S,,31,1
31,1,O,YML,,18,RDR_FUL_45,RDR,CN,45,FUL,D,,31,1
31,1,O,YML,,10,RSOB_MT_45,RSOB,CN,45,MT,D,,31,1
31,1,O,YML,,8,TSM_FUL_40,TSM,CN,40,FUL,S,Y,31,1
31,1,V,,,128,TTL_HCV,,HCV,,,,,31,1
31,1,C,,Q01,612,TTL_MOVES,,,,,,,31,1
31,1,C,,Q02,611,TTL_MOVES,,,,,,,31,1
31,1,C,,Q03,612,TTL_MOVES,,,,,,,31,1
31,1,C,,Q04,612,TTL_MOVES,,,,,,,31,1
31,1,C,,Q05,612,TTL_MOVES,,,,,,,31,1
31,1,C,,Q06,612,TTL_MOVES,,,,,,,31,1
32,1,O,EMC,,445,LOAD_FUL_40,LOAD,CN,40,FUL,,,32,1
32,1,O,EMC,,467,DISC_FUL_45,DISC,CN,45,FUL,D,,32,1
32,1,O,EMC,,100,RDR_FUL_45,RDR,CN,45,FUL,S,,32,1
32,1,O,EMC,,56,RSOB_FUL_20,RSOB,CN,20,FUL,D,,32,1
32,1,O,EMC,,44,TSM_FUL_45,TSM,CN,45,FUL,S,Y,32,1
32,1,O,HMM,,266,LOAD_MT_40,LOAD,CN,40,MT,S,,32,1
32,1,O,HMM,,280,DISC_FUL_45,DISC,CN,45,FUL,S,,32,1
32,1,O,HMM,,60,RDR_FUL_20,RDR,CN,20,FUL,D,,32,1
32,1,O,HMM,,33,RSOB_MT_40,RSOB,CN,40,MT,,,32,1
32,1,O,HMM,,27,TSM_FUL_20,TSM,CN,20,FUL,D,Y,32,1
32,1,O,OOL,,444,LOAD_FUL_20,LOAD,CN,20,FUL,S,,32,1
32,1,O,OOL,,467,DISC_FUL_40,DISC,CN,40,FUL,S,,32,1
32,1,O,OOL,,100,RDR_FUL_45,RDR,CN,45,FUL,D,,32,1
32,1,O,OOL,,56,RSOB_FUL_40,RSOB,CN,40,FUL,S,,32,1
32,1,O,OOL,,44,TSM_MT_40,TSM,CN,40,MT,S,Y,32,1
32,1,O,HLC,,533,LOAD_FUL_45,LOAD,CN,45,FUL,D,Y,32,1
32,1,O,HLC,,560,DISC_MT_20,DISC,CN,20,MT,D,,32,1
32,1,O,HLC,,120,RDR_FUL_40,RDR,CN,40,FUL,,,32,1
32,1,O,HLC,,67,RSOB_FUL_40,RSOB,CN,40,FUL,S,,32,1
32,1,O,HLC,,53,TSM_FUL_45,TSM,CN,45,FUL,S,Y,32,1
32,1,O,ONE,,533,LOAD_FUL_40,LOAD,CN,40,FUL,S,,32,1
32,1,O,ONE,,560,DISC_FUL_40,DISC,CN,40,FUL,,Y,32,1
32,1,O,ONE,,120,RDR_FUL_20,RDR,CN,20,FUL,D,,32,1
32,1,O,ONE,,67,RSOB_FUL_45,RSOB,CN,45,FUL,,,32,1
32,1,O,ONE,,53,TSM_MT_20,TSM,CN,20,MT,S,Y,32,1
32,1,V,,,234,TTL_HCV,,HCV,,,,,32,1
32,1,C,,Q01,1447,TTL_MOVES,,,,,,,32,1
32,1,C,,Q02,1447,TTL_MOVES,,,,,,,32,1
32,1,C,,Q03,1448,TTL_MOVES,,,,,,,32,1
32,1,C,,Q04,1447,TTL_MOVES,,,,,,,32,1
33,1,O,ONE,,428,LOAD_FUL_20,LOAD,CN,20,FUL,,,33,1
33,1,O,ONE,,450,DISC_MT_45,DISC,CN,45,MT,D,,33,1
33,1,O,ONE,,96,RDR_FUL_45,RDR,CN,45,FUL,,,33,1
33,1,O,ONE,,54,RSOB_MT_40,RSOB,CN,40,MT,,,33,1
33,1,O,ONE,,43,TSM_FUL_40,TSM,CN,40,FUL,D,Y,33,1
33,1,O,EMC,,357,LOAD_FUL_40,LOAD,CN,40,FUL,S,,33,1
33,1,O,EMC,,375,DISC_FUL_40,DISC,CN,40,FUL,S,,33,1
33,1,O,EMC,,80,RDR_FUL_45,RDR,CN,45,FUL,S,,33,1
33,1,O,EMC,,45,RSOB_MT_20,RSOB,CN,20,MT,D,,33,1
33,1,O,EMC,,35,TSM_FUL_45,TSM,CN,45,FUL,,Y,33,1
33,1,O,CMA,,107,LOAD_FUL_20,LOAD,CN,20,FUL,D,,33,1
33,1,O,CMA,,112,DISC_FUL_20,DISC,CN,20,FUL,S,,33,1
33,1,O,CMA,,24,RDR_MT_45,RDR,CN,45,MT,S,,33,1
33,1,O,CMA,,13,RSOB_FUL_40,RSOB,CN,40,FUL,D,,33,1
33,1,O,CMA,,11,TSM_FUL_20,TSM,CN,20,FUL,,Y,33,1
33,1,O,HLC,,428,LOAD_FUL_20,LOAD,CN,20,FUL,,,33,1
33,1,O,HLC,,449,DISC_MT_45,DISC,CN,45,MT,,,33,1
33,1,O,HLC,,96,RDR_FUL_40,RDR,CN,40,FUL,D,,33,1
33,1,O,HLC,,54,RSOB_FUL_45,RSOB,CN,45,FUL,D,,33,1
33,1,O,HLC,,43,TSM_FUL_40,TSM,CN,40,FUL,,Y,33,1
33,1,V,,,94,TTL_HCV,,HCV,,,,,33,1
33,1,C,,Q01,848,TTL_MOVES,,,,,,,33,1
33,1,C,,Q02,848,TTL_MOVES,,,,,,,33,1
33,1,C,,Q03,849,TTL_MOVES,,,,,,,33,1
33,1,C,,Q04,849,TTL_MOVES,,,,,,,33,1
34,1,O,MSK,,305,LOAD_FUL_20,LOAD,CN,20,FUL,D,,34,1
34,1,O,MSK,,320,DISC_FUL_45,DISC,CN,45,FUL,D,Y,34,1
34,1,O,MSK,,69,RDR_FUL_45,RDR,CN,45,FUL,,,34,1
34,1,O,MSK,,38,RSOB_FUL_45,RSOB,CN,45,FUL,S,,34,1
34,1,O,MSK,,31,TSM_FUL_45,TSM,CN,45,FUL,,Y,34,1
34,1,O,ONE,,183,LOAD_FUL_45,LOAD,CN,45,FUL,,,34,1
34,1,O,ONE,,192,DISC_MT_40,DISC,CN,40,MT,D,Y,34,1
34,1,O,ONE,,41,RDR_MT_45,RDR,CN,45,MT,D,,34,1
34,1,O,ONE,,23,RSOB_FUL_45,RSOB,CN,45,FUL,S,,34,1
34,1,O,ONE,,18,TSM_FUL_40,TSM,CN,40,FUL,,Y,34,1
34,1,O,ONE,,1,MCR_FUL_45,MCR,CN,45,FUL,S,,34,1
34,1,O,CMA,,46,LOAD_FUL_45,LOAD,CN,45,FUL,S,,34,1
34,1,O,CMA,,48,DISC_FUL_20,DISC,CN,20,FUL,D,,34,1
34,1,O,CMA,,10,RDR_FUL_20,RDR,CN,20,FUL,,,34,1
34,1,O,CMA,,6,RSOB_FUL_45,RSOB,CN,45,FUL,,,34,1
34,1,O,CMA,,4,TSM_FUL_45,TSM,CN,45,FUL,S,Y,34,1
34,1,O,YML,,61,LOAD_FUL_45,LOAD,CN,45,FUL,D,,34,1
34,1,O,YML,,64,DISC_FUL_40,DISC,CN,40,FUL,S,,34,1
34,1,O,YML,,14,RDR_FUL_20,RDR,CN,20,FUL,S,,34,1
34,1,O,YML,,8,RSOB_MT_20,RSOB,CN,20,MT,D,,34,1
34,1,O,YML,,5,TSM_FUL_20,TSM,CN,20,FUL,D,Y,34,1
34,1,O,MSC,,274,LOAD_MT_20,LOAD,CN,20,MT,,,34,1
34,1,O,MSC,,288,DISC_FUL_40,DISC,CN,40,FUL,,,34,1
34,1,O,MSC,,62,RDR_FUL_20,RDR,CN,20,FUL,,,34,1
34,1,O,MSC,,34,RSOB_FUL_40,RSOB,CN,40,FUL,,,34,1
34,1,O,MSC,,27,TSM_MT_45,TSM,CN,45,MT,,Y,34,1
34,1,V,,,28,TTL_HCV,,HCV,,,,,34,1
34,1,C,,Q01,1100,TTL_MOVES,,,,,,,34,1
34,1,C,,Q02,1100,TTL_MOVES,,,,,,,34,1
35,1,O,YML,,263,LOAD_MT_20,LOAD,CN,20,MT,S,,35,1
35,1,O,YML,,276,DISC_FUL_20,DISC,CN,20,FUL,S,,35,1
35,1,O,YML,,59,RDR_MT_45,RDR,CN,45,MT,,,35,1
35,1,O,YML,,33,RSOB_FUL_45,RSOB,CN,45,FUL,D,,35,1
35,1,O,YML,,26,TSM_FUL_45,TSM,CN,45,FUL,D,Y,35,1
35,1,O,HLC,,788,LOAD_FUL_20,LOAD,CN,20,FUL,D,,35,1
35,1,O,HLC,,827,DISC_FUL_45,DISC,CN,45,FUL,,,35,1
35,1,O,HLC,,177,RDR_FUL_45,RDR,CN,45,FUL,D,,35,1
35,1,O,HLC,,98,RSOB_FUL_45,RSOB,CN,45,FUL,D,,35,1
35,1,O,HLC,,79,TSM_FUL_45,TSM,CN,45,FUL,,Y,35,1
35,1,O,HLC,,1,MCR_FUL_40,MCR,CN,40,FUL,,,35,1
35,1,O,WHL,,328,LOAD_FUL_40,LOAD,CN,40,FUL,S,,35,1
35,1,O,WHL,,344,DISC_FUL_45,DISC,CN,45,FUL,S,,35,1
35,1,O,WHL,,74,RDR_FUL_45,RDR,CN,45,FUL,D,,35,1
35,1,O,WHL,,41,RSOB_FUL_45,RSOB,CN,45,FUL,D,,35,1
35,1,O,WHL,,33,TSM_FUL_40,TSM,CN,40,FUL,S,Y,35,1
35,1,O,MSK,,1312,LOAD_MT_45,LOAD,CN,45,MT,D,,35,1
35,1,O,MSK,,1378,DISC_FUL_20,DISC,CN,20,FUL,S,,35,1
35,1,O,MSK,,295,RDR_FUL_45,RDR,CN,45,FUL,D,,35,1
35,1,O,MSK,,164,RSOB_FUL_20,RSOB,CN,20,FUL,,,35,1
35,1,O,MSK,,131,TSM_FUL_40,TSM,CN,40,FUL,S,Y,35,1
35,1,O,MSK,,1,MCR_FUL_40,MCR,CN,40,FUL,,,35,1
35,1,V,,,78,TTL_HCV,,HCV,,,,,35,1
35,1,C,,Q01,972,TTL_MOVES,,,,,,,35,1
35,1,C,,Q02,972,TTL_MOVES,,,,,,,35,1
35,1,C,,Q03,973,TTL_MOVES,,,,,,,35,1
35,1,C,,Q04,973,TTL_MOVES,,,,,,,35,1
35,1,C,,Q05,972,TTL_MOVES,,,,,,,35,1
35,1,C,,Q06,972,TTL_MOVES,,,,,,,35,1
35,1,C,,Q07,972,TTL_MOVES,,,,,,,35,1
36,1,O,WHL,,430,LOAD_FUL_45,LOAD,CN,45,FUL,,,36,1
36,1,O,WHL,,452,DISC_FUL_40,DISC,CN,40,FUL,,Y,36,1
36,1,O,WHL,,97,RDR_FUL_40,RDR,CN,40,FUL,,,36,1
36,1,O,WHL,,54,RSOB_FUL_45,RSOB,CN,45,FUL,S,,36,1
36,1,O,WHL,,42,TSM_FUL_40,TSM,CN,40,FUL,S,Y,36,1
36,1,O,HLC,,1031,LOAD_MT_40,LOAD,CN,40,MT,,,36,1
36,1,O,HLC,,1083,DISC_FUL_45,DISC,CN,45,FUL,D,,36,1
36,1,O,HLC,,232,RDR_FUL_40,RDR,CN,40,FUL,S,,36,1
36,1,O,HLC,,129,RSOB_FUL_20,RSOB,CN,20,FUL,,,36,1
36,1,O,HLC,,103,TSM_FUL_20,TSM,CN,20,FUL,S,Y,36,1
36,1,O,ONE,,1031,LOAD_MT_40,LOAD,CN,40,MT,,,36,1
36,1,O,ONE,,1083,DISC_FUL_20,DISC,CN,20,FUL,D,,36,1
36,1,O,ONE,,232,RDR_FUL_20,RDR,CN,20,FUL,D,,36,1
36,1,O,ONE,,129,RSOB_FUL_20,RSOB,CN,20,FUL,,,36,1
36,1,O,ONE,,103,TSM_FUL_45,TSM,CN,45,FUL,,Y,36,1
36,1,V,,,146,TTL_HCV,,HCV,,,,,36,1
36,1,C,,Q01,2126,TTL_MOVES,,,,,,,36,1
36,1,C,,Q02,2125,TTL_MOVES,,,,,,,36,1
36,1,C,,Q03,2126,TTL_MOVES,,,,,,,36,1
37,1,O,OOL,,518,LOAD_MT_45,LOAD,CN,45,MT,S,Y,37,1
37,1,O,OOL,,543,DISC_FUL_20,DISC,CN,20,FUL,S,,37,1
37,1,O,OOL,,116,RDR_MT_20,RDR,CN,20,MT,,,37,1
37,1,O,OOL,,65,RSOB_FUL_45,RSOB,CN,45,FUL,D,,37,1
37,1,O,OOL,,52,TSM_FUL_20,TSM,CN,20,FUL,S,Y,37,1
37,1,O,ONE,,621,LOAD_FUL_45,LOAD,CN,45,FUL,,,37,1
37,1,O,ONE,,652,DISC_FUL_40,DISC,CN,40,FUL,D,Y,37,1
37,1,O,ONE,,140,RDR_FUL_45,RDR,CN,45,FUL,D,,37,1
37,1,O,ONE,,78,RSOB_FUL_45,RSOB,CN,45,FUL,D,,37,1
37,1,O,ONE,,62,TSM_FUL_45,TSM,CN,45,FUL,S,Y,37,1
37,1,O,HMM,,311,LOAD_FUL_40,LOAD,CN,40,FUL,D,,37,1
37,1,O,HMM,,326,DISC_MT_20,DISC,CN,20,MT,S,,37,1
37,1,O,HMM,,70,RDR_FUL_40,RDR,CN,40,FUL,D,,37,1
37,1,O,HMM,,39,RSOB_FUL_20,RSOB,CN,20,FUL,,,37,1
37,1,O,HMM,,31,TSM_FUL_45,TSM,CN,45,FUL,S,Y,37,1
37,1,O,EMC,,517,LOAD_FUL_20,LOAD,CN,20,FUL,D,,37,1
37,1,O,EMC,,543,DISC_FUL_45,DISC,CN,45,FUL,D,,37,1
37,1,O,EMC,,116,RDR_FUL_20,RDR,CN,20,FUL,,,37,1
37,1,O,EMC,,65,RSOB_FUL_45,RSOB,CN,45,FUL,D,,37,1
37,1,O,EMC,,52,TSM_FUL_20,TSM,CN,20,FUL,D,Y,37,1
37,1,O,YML,,207,LOAD_FUL_40,LOAD,CN,40,FUL,,,37,1
37,1,O,YML,,217,DISC_FUL_45,DISC,CN,45,FUL,D,,37,1
37,1,O,YML,,47,RDR_FUL_20,RDR,CN,20,FUL,D,,37,1
37,1,O,YML,,26,RSOB_FUL_20,RSOB,CN,20,FUL,S,,37,1
37,1,O,YML,,20,TSM_MT_45,TSM,CN,45,MT,S,Y,37,1
37,1,O,WHL,,258,LOAD_FUL_45,LOAD,CN,45,FUL,,,37,1
37,1,O,WHL,,271,DISC_FUL_40,DISC,CN,40,FUL,D,Y,37,1
37,1,O,WHL,,58,RDR_MT_20,RDR,CN,20,MT,,,37,1
37,1,O,WHL,,32,RSOB_MT_20,RSOB,CN,20,MT,S,,37,1
37,1,O,WHL,,26,TSM_FUL_45,TSM,CN,45,FUL,,Y,37,1
37,1,O,WHL,,1,MCR_FUL_40,MCR,CN,40,FUL,S,,37,1
37,1,V,,,269,TTL_HCV,,HCV,,,,,37,1
37,1,C,,Q01,1270,TTL_MOVES,,,,,,,37,1
37,1,C,,Q02,1270,TTL_MOVES,,,,,,,37,1
37,1,C,,Q03,1269,TTL_MOVES,,,,,,,37,1
37,1,C,,Q04,1270,TTL_MOVES,,,,,,,37,1
37,1,C,,Q05,1270,TTL_MOVES,,,,,,,37,1
38,1,O,HMM,,249,LOAD_MT_40,LOAD,CN,40,MT,D,,38,1
38,1,O,HMM,,262,DISC_FUL_45,DISC,CN,45,FUL,D,Y,38,1
38,1,O,HMM,,56,RDR_FUL_40,RDR,CN,40,FUL,D,,38,1
38,1,O,HMM,,31,RSOB_FUL_40,RSOB,CN,40,FUL,,,38,1
38,1,O,HMM,,25,TSM_MT_45,TSM,CN,45,MT,,Y,38,1
38,1,O,OOL,,415,LOAD_MT_20,LOAD,CN,20,MT,S,,38,1
38,1,O,OOL,,436,DISC_FUL_45,DISC,CN,45,FUL,D,,38,1
38,1,O,OOL,,93,RDR_FUL_45,RDR,CN,45,FUL,S,,38,1
38,1,O,OOL,,52,RSOB_MT_45,RSOB,CN,45,MT,D,,38,1
38,1,O,OOL,,42,TSM_MT_40,TSM,CN,40,MT,,Y,38,1
38,1,O,CMA,,124,LOAD_FUL_40,LOAD,CN,40,FUL,S,,38,1
38,1,O,CMA,,131,DISC_FUL_45,DISC,CN,45,FUL,D,,38,1
38,1,O,CMA,,28,RDR_FUL_40,RDR,CN,40,FUL,,,38,1
38,1,O,CMA,,16,RSOB_MT_40,RSOB,CN,40,MT,,,38,1
38,1,O,CMA,,12,TSM_FUL_45,TSM,CN,45,FUL,S,Y,38,1
38,1,O,ONE,,498,LOAD_FUL_40,LOAD,CN,40,FUL,,,38,1
38,1,O,ONE,,523,DISC_FUL_45,DISC,CN,45,FUL,D,,38,1
38,1,O,ONE,,112,RDR_FUL_45,RDR,CN,45,FUL,D,,38,1
38,1,O,ONE,,62,RSOB_FUL_20,RSOB,CN,20,FUL,S,,38,1
38,1,O,ONE,,50,TSM_FUL_20,TSM,CN,20,FUL,S,Y,38,1
38,1,O,HLC,,498,LOAD_FUL_40,LOAD,CN,40,FUL,S,Y,38,1
38,1,O,HLC,,523,DISC_MT_45,DISC,CN,45,MT,,,38,1
38,1,O,HLC,,112,RDR_FUL_40,RDR,CN,40,FUL,D,,38,1
38,1,O,HLC,,62,RSOB_FUL_40,RSOB,CN,40,FUL,,,38,1
38,1,O,HLC,,50,TSM_MT_40,TSM,CN,40,MT,,Y,38,1
38,1,V,,,195,TTL_HCV,,HCV,,,,,38,1
38,1,C,,Q01,1552,TTL_MOVES,,,,,,,38,1
38,1,C,,Q02,1552,TTL_MOVES,,,,,,,38,1
38,1,C,,Q03,1553,TTL_MOVES,,,,,,,38,1
39,1,O,YML,,51,LOAD_FUL_20,LOAD,CN,20,FUL,D,,39,1
39,1,O,YML,,54,DISC_FUL_20,DISC,CN,20,FUL,D,,39,1
39,1,O,YML,,12,RDR_MT_45,RDR,CN,45,MT,,,39,1
39,1,O,YML,,6,RSOB_FUL_40,RSOB,CN,40,FUL,S,,39,1
39,1,O,YML,,5,TSM_MT_20,TSM,CN,20,MT,S,Y,39,1
39,1,O,HLC,,154,LOAD_FUL_20,LOAD,CN,20,FUL,,Y,39,1
39,1,O,HLC,,161,DISC_FUL_40,DISC,CN,40,FUL,D,,39,1
39,1,O,HLC,,35,RDR_FUL_40,RDR,CN,40,FUL,D,,39,1
39,1,O,HLC,,19,RSOB_FUL_20,RSOB,CN,20,FUL,S,,39,1
39,1,O,HLC,,15,TSM_FUL_20,TSM,CN,20,FUL,,Y,39,1
39,1,O,ONE,,154,LOAD_FUL_20,LOAD,CN,20,FUL,D,,39,1
39,1,O,ONE,,161,DISC_MT_45,DISC,CN,45,MT,D,,39,1
39,1,O,ONE,,35,RDR_FUL_45,RDR,CN,45,FUL,D,,39,1
39,1,O,ONE,,19,RSOB_MT_20,RSOB,CN,20,MT,D,,39,1
39,1,O,ONE,,15,TSM_FUL_40,TSM,CN,40,FUL,S,Y,39,1
39,1,O,EMC,,128,LOAD_MT_40,LOAD,CN,40,MT,S,Y,39,1
39,1,O,EMC,,134,DISC_MT_45,DISC,CN,45,MT,D,,39,1
39,1,O,EMC,,29,RDR_FUL_40,RDR,CN,40,FUL,,,39,1
39,1,O,EMC,,16,RSOB_FUL_45,RSOB,CN,45,FUL,S,,39,1
39,1,O,EMC,,13,TSM_MT_20,TSM,CN,20,MT,S,Y,39,1
39,1,O,MSC,,230,LOAD_MT_45,LOAD,CN,45,MT,D,Y,39,1
39,1,O,MSC,,242,DISC_MT_40,DISC,CN,40,MT,,,39,1
39,1,O,MSC,,52,RDR_FUL_20,RDR,CN,20,FUL,S,,39,1
39,1,O,MSC,,29,RSOB_FUL_40,RSOB,CN,40,FUL,,,39,1
39,1,O,MSC,,22,TSM_FUL_45,TSM,CN,45,FUL,D,Y,39,1
39,1,V,,,33,TTL_HCV,,HCV,,,,,39,1
39,1,C,,Q01,608,TTL_MOVES,,,,,,,39,1
39,1,C,,Q02,608,TTL_MOVES,,,,,,,39,1
39,1,C,,Q03,608,TTL_MOVES,,,,,,,39,1
40,1,O,EMC,,180,LOAD_FUL_45,LOAD,CN,45,FUL,D,,40,1
40,1,O,EMC,,189,DISC_MT_20,DISC,CN,20,MT,S,Y,40,1
40,1,O,EMC,,41,RDR_FUL_45,RDR,CN,45,FUL,S,,40,1
40,1,O,EMC,,23,RSOB_FUL_20,RSOB,CN,20,FUL,D,,40,1
40,1,O,EMC,,18,TSM_FUL_20,TSM,CN,20,FUL,S,Y,40,1
40,1,O,MSK,,360,LOAD_MT_20,LOAD,CN,20,MT,S,,40,1
40,1,O,MSK,,378,DISC_MT_20,DISC,CN,20,MT,,,40,1
40,1,O,MSK,,81,RDR_MT_45,RDR,CN,45,MT,S,,40,1
40,1,O,MSK,,45,RSOB_FUL_20,RSOB,CN,20,FUL,,,40,1
40,1,O,MSK,,36,TSM_MT_20,TSM,CN,20,MT,D,Y,40,1
40,1,O,HLC,,216,LOAD_MT_45,LOAD,CN,45,MT,,,40,1
40,1,O,HLC,,227,DISC_MT_20,DISC,CN,20,MT,D,,40,1
40,1,O,HLC,,49,RDR_FUL_20,RDR,CN,20,FUL,S,,40,1
40,1,O,HLC,,27,RSOB_FUL_20,RSOB,CN,20,FUL,D,,40,1
40,1,O,HLC,,21,TSM_MT_45,TSM,CN,45,MT,,Y,40,1
40,1,O,YML,,72,LOAD_MT_45,LOAD,CN,45,MT,S,,40,1
40,1,O,YML,,76,DISC_FUL_20,DISC,CN,20,FUL,S,,40,1
40,1,O,YML,,16,RDR_FUL_20,RDR,CN,20,FUL,S,,40,1
40,1,O,YML,,9,RSOB_FUL_40,RSOB,CN,40,FUL,D,,40,1
40,1,O,YML,,7,TSM_FUL_20,TSM,CN,20,FUL,D,Y,40,1
40,1,O,OOL,,180,LOAD_FUL_40,LOAD,CN,40,FUL,,,40,1
40,1,O,OOL,,189,DISC_FUL_20,DISC,CN,20,FUL,S,Y,40,1
40,1,O,OOL,,40,RDR_FUL_45,RDR,CN,45,FUL,S,,40,1
40,1,O,OOL,,22,RSOB_FUL_20,RSOB,CN,20,FUL,,,40,1
40,1,O,OOL,,18,TSM_MT_45,TSM,CN,45,MT,,Y,40,1
40,1,O,OOL,,1,MCR_FUL_40,MCR,CN,40,FUL,,,40,1
40,1,O,ONE,,216,LOAD_MT_40,LOAD,CN,40,MT,S,,40,1
40,1,O,ONE,,227,DISC_FUL_20,DISC,CN,20,FUL,D,,40,1
40,1,O,ONE,,49,RDR_FUL_20,RDR,CN,20,FUL,D,,40,1
40,1,O,ONE,,27,RSOB_FUL_20,RSOB,CN,20,FUL,S,,40,1
40,1,O,ONE,,21,TSM_FUL_40,TSM,CN,40,FUL,S,Y,40,1
40,1,V,,,141,TTL_HCV,,HCV,,,,,40,1
40,1,C,,Q01,1601,TTL_MOVES,,,,,,,40,1
40,1,C,,Q02,1601,TTL_MOVES,,,,,,,40,1
41,1,O,HLC,,214,LOAD_MT_20,LOAD,CN,20,MT,D,,41,1
41,1,O,HLC,,225,DISC_FUL_20,DISC,CN,20,FUL,S,,41,1
41,1,O,HLC,,48,RDR_FUL_40,RDR,CN,40,FUL,,,41,1
41,1,O,HLC,,27,RSOB_FUL_40,RSOB,CN,40,FUL,,,41,1
41,1,O,HLC,,21,TSM_MT_45,TSM,CN,45,MT,,Y,41,1
41,1,O,MSC,,321,LOAD_FUL_20,LOAD,CN,20,FUL,D,,41,1
41,1,O,MSC,,337,DISC_MT_20,DISC,CN,20,MT,S,,41,1
41,1,O,MSC,,72,RDR_FUL_20,RDR,CN,20,FUL,D,,41,1
41,1,O,MSC,,40,RSOB_FUL_45,RSOB,CN,45,FUL,S,,41,1
41,1,O,MSC,,32,TSM_FUL_40,TSM,CN,40,FUL,D,Y,41,1
41,1,O,HMM,,107,LOAD_MT_20,LOAD,CN,20,MT,,,41,1
41,1,O,HMM,,112,DISC_FUL_20,DISC,CN,20,FUL,D,,41,1
41,1,O,HMM,,24,RDR_FUL_20,RDR,CN,20,FUL,,,41,1
41,1,O,HMM,,13,RSOB_FUL_20,RSOB,CN,20,FUL,D,,41,1
41,1,O,HMM,,11,TSM_FUL_20,TSM,CN,20,FUL,,Y,41,1
41,1,V,,,55,TTL_HCV,,HCV,,,,,41,1
41,1,C,,Q01,414,TTL_MOVES,,,,,,,41,1
41,1,C,,Q02,415,TTL_MOVES,,,,,,,41,1
41,1,C,,Q03,415,TTL_MOVES,,,,,,,41,1
41,1,C,,Q04,415,TTL_MOVES,,,,,,,41,1
42,1,O,HMM,,327,LOAD_FUL_20,LOAD,CN,20,FUL,D,,42,1
42,1,O,HMM,,344,DISC_MT_20,DISC,CN,20,MT,S,,42,1
42,1,O,HMM,,74,RDR_FUL_45,RDR,CN,45,FUL,S,,42,1
42,1,O,HMM,,41,RSOB_FUL_20,RSOB,CN,20,FUL,S,,42,1
42,1,O,HMM,,32,TSM_FUL_20,TSM,CN,20,FUL,S,Y,42,1
42,1,O,HLC,,654,LOAD_FUL_40,LOAD,CN,40,FUL,S,,42,1
42,1,O,HLC,,687,DISC_FUL_45,DISC,CN,45,FUL,,,42,1
42,1,O,HLC,,147,RDR_FUL_20,RDR,CN,20,FUL,D,,42,1
42,1,O,HLC,,82,RSOB_MT_45,RSOB,CN,45,MT,D,,42,1
42,1,O,HLC,,65,TSM_FUL_20,TSM,CN,20,FUL,,Y,42,1
42,1,O,EMC,,544,LOAD_FUL_20,LOAD,CN,20,FUL,S,,42,1
42,1,O,EMC,,572,DISC_FUL_20,DISC,CN,20,FUL,,,42,1
42,1,O,EMC,,122,RDR_FUL_45,RDR,CN,45,FUL,,,42,1
42,1,O,EMC,,68,RSOB_FUL_45,RSOB,CN,45,FUL,S,,42,1
42,1,O,EMC,,54,TSM_FUL_40,TSM,CN,40,FUL,D,Y,42,1
42,1,O,EMC,,1,MCR_FUL_40,MCR,CN,40,FUL,D,,42,1
42,1,O,CMA,,163,LOAD_FUL_20,LOAD,CN,20,FUL,S,Y,42,1
42,1,O,CMA,,171,DISC_FUL_45,DISC,CN,45,FUL,D,,42,1
42,1,O,CMA,,37,RDR_MT_40,RDR,CN,40,MT,,,42,1
42,1,O,CMA,,20,RSOB_FUL_45,RSOB,CN,45,FUL,,,42,1
42,1,O,CMA,,16,TSM_FUL_45,TSM,CN,45,FUL,D,Y,42,1
42,1,O,CMA,,1,MCR_FUL_20,MCR,CN,20,FUL,D,,42,1
42,1,O,MSK,,1089,LOAD_MT_20,LOAD,CN,20,MT,,,42,1
42,1,O,MSK,,1144,DISC_FUL_45,DISC,CN,45,FUL,S,,42,1
42,1,O,MSK,,245,RDR_MT_40,RDR,CN,40,MT,D,,42,1
42,1,O,MSK,,136,RSOB_FUL_40,RSOB,CN,40,FUL,D,,42,1
42,1,O,MSK,,109,TSM_FUL_40,TSM,CN,40,FUL,,Y,42,1
42,1,V,,,329,TTL_HCV,,HCV,,,,,42,1
42,1,C,,Q01,1039,TTL_MOVES,,,,,,,42,1
42,1,C,,Q02,1039,TTL_MOVES,,,,,,,42,1
42,1,C,,Q03,1040,TTL_MOVES,,,,,,,42,1
42,1,C,,Q04,1039,TTL_MOVES,,,,,,,42,1
42,1,C,,Q05,1039,TTL_MOVES,,,,,,,42,1
42,1,C,,Q06,1039,TTL_MOVES,,,,,,,42,1
42,1,C,,Q07,1039,TTL_MOVES,,,,,,,42,1
43,1,O,ONE,,1429,LOAD_FUL_45,LOAD,CN,45,FUL,,Y,43,1
43,1,O,ONE,,1501,DISC_FUL_20,DISC,CN,20,FUL,,,43,1
43,1,O,ONE,,322,RDR_FUL_45,RDR,CN,45,FUL,D,,43,1
43,1,O,ONE,,179,RSOB_FUL_45,RSOB,CN,45,FUL,D,,43,1
43,1,O,ONE,,142,TSM_FUL_20,TSM,CN,20,FUL,S,Y,43,1
43,1,O,OOL,,1191,LOAD_FUL_40,LOAD,CN,40,FUL,D,,43,1
43,1,O,OOL,,1251,DISC_FUL_45,DISC,CN,45,FUL,,,43,1
43,1,O,OOL,,268,RDR_FUL_45,RDR,CN,45,FUL,,,43,1
43,1,O,OOL,,149,RSOB_FUL_45,RSOB,CN,45,FUL,,,43,1
43,1,O,OOL,,119,TSM_FUL_45,TSM,CN,45,FUL,D,Y,43,1
43,1,O,WHL,,596,LOAD_FUL_40,LOAD,CN,40,FUL,,Y,43,1
43,1,O,WHL,,625,DISC_FUL_20,DISC,CN,20,FUL,D,Y,43,1
43,1,O,WHL,,134,RDR_FUL_20,RDR,CN,20,FUL,D,,43,1
43,1,O,WHL,,74,RSOB_FUL_40,RSOB,CN,40,FUL,,,43,1
43,1,O,WHL,,60,TSM_MT_45,TSM,CN,45,MT,,Y,43,1
43,1,O,YML,,476,LOAD_FUL_40,LOAD,CN,40,FUL,,,43,1
43,1,O,YML,,500,DISC_FUL_20,DISC,CN,20,FUL,,,43,1
43,1,O,YML,,107,RDR_FUL_45,RDR,CN,45,FUL,S,,43,1
43,1,O,YML,,60,RSOB_FUL_45,RSOB,CN,45,FUL,D,,43,1
43,1,O,YML,,47,TSM_MT_20,TSM,CN,20,MT,D,Y,43,1
43,1,V,,,140,TTL_HCV,,HCV,,,,,43,1
43,1,C,,Q01,1874,TTL_MOVES,,,,,,,43,1
43,1,C,,Q02,1874,TTL_MOVES,,,,,,,43,1
43,1,C,,Q03,1874,TTL_MOVES,,,,,,,43,1
43,1,C,,Q04,1874,TTL_MOVES,,,,,,,43,1
43,1,C,,Q05,1874,TTL_MOVES,,,,,,,43,1
44,1,O,CMA,,145,LOAD_FUL_45,LOAD,CN,45,FUL,,,44,1
44,1,O,CMA,,152,DISC_FUL_40,DISC,CN,40,FUL,D,,44,1
44,1,O,CMA,,33,RDR_FUL_20,RDR,CN,20,FUL,D,,44,1
44,1,O,CMA,,18,RSOB_FUL_20,RSOB,CN,20,FUL,S,,44,1
44,1,O,CMA,,15,TSM_FUL_45,TSM,CN,45,FUL,S,Y,44,1
44,1,O,OOL,,484,LOAD_FUL_45,LOAD,CN,45,FUL,S,,44,1
44,1,O,OOL,,508,DISC_FUL_40,DISC,CN,40,FUL,S,,44,1
44,1,O,OOL,,109,RDR_FUL_20,RDR,CN,20,FUL,S,,44,1
44,1,O,OOL,,60,RSOB_MT_40,RSOB,CN,40,MT,,,44,1
44,1,O,OOL,,48,TSM_MT_20,TSM,CN,20,MT,S,Y,44,1
44,1,O,OOL,,1,MCR_FUL_20,MCR,CN,20,FUL,S,,44,1
44,1,O,WHL,,242,LOAD_FUL_40,LOAD,CN,40,FUL,D,Y,44,1
44,1,O,WHL,,254,DISC_FUL_40,DISC,CN,40,FUL,S,,44,1
44,1,O,WHL,,54,RDR_FUL_20,RDR,CN,20,FUL,D,,44,1
44,1,O,WHL,,30,RSOB_MT_45,RSOB,CN,45,MT,S,,44,1
44,1,O,WHL,,24,TSM_MT_45,TSM,CN,45,MT,,Y,44,1
44,1,O,WHL,,1,MCR_FUL_45,MCR,CN,45,FUL,,,44,1
44,1,O,MSC,,871,LOAD_FUL_40,LOAD,CN,40,FUL,D,,44,1
44,1,O,MSC,,915,DISC_FUL_40,DISC,CN,40,FUL,,,44,1
44,1,O,MSC,,196,RDR_FUL_45,RDR,CN,45,FUL,D,,44,1
44,1,O,MSC,,109,RSOB_FUL_20,RSOB,CN,20,FUL,,,44,1
44,1,O,MSC,,87,TSM_FUL_20,TSM,CN,20,FUL,,Y,44,1
44,1,O,YML,,194,LOAD_FUL_45,LOAD,CN,45,FUL,,,44,1
44,1,O,YML,,203,DISC_FUL_40,DISC,CN,40,FUL,,,44,1
44,1,O,YML,,44,RDR_FUL_45,RDR,CN,45,FUL,S,,44,1
44,1,O,YML,,24,RSOB_FUL_40,RSOB,CN,40,FUL,D,,44,1
44,1,O,YML,,19,TSM_FUL_20,TSM,CN,20,FUL,D,Y,44,1
44,1,O,EMC,,484,LOAD_MT_45,LOAD,CN,45,MT,,,44,1
44,1,O,EMC,,508,DISC_MT_40,DISC,CN,40,MT,,,44,1
44,1,O,EMC,,109,RDR_FUL_20,RDR,CN,20,FUL,D,,44,1
44,1,O,EMC,,60,RSOB_FUL_40,RSOB,CN,40,FUL,,,44,1
44,1,O,EMC,,48,TSM_MT_40,TSM,CN,40,MT,S,Y,44,1
44,1,V,,,283,TTL_HCV,,HCV,,,,,44,1
44,1,C,,Q01,1583,TTL_MOVES,,,,,,,44,1
44,1,C,,Q02,1583,TTL_MOVES,,,,,,,44,1
44,1,C,,Q03,1583,TTL_MOVES,,,,,,,44,1
44,1,C,,Q04,1583,TTL_MOVES,,,,,,,44,1
45,1,O,WHL,,344,LOAD_FUL_45,LOAD,CN,45,FUL,S,,45,1
45,1,O,WHL,,361,DISC_FUL_45,DISC,CN,45,FUL,S,,45,1
45,1,O,WHL,,77,RDR_FUL_40,RDR,CN,40,FUL,S,,45,1
45,1,O,WHL,,43,RSOB_FUL_40,RSOB,CN,40,FUL,,,45,1
45,1,O,WHL,,34,TSM_FUL_45,TSM,CN,45,FUL,S,Y,45,1
45,1,O,WHL,,1,MCR_FUL_45,MCR,CN,45,FUL,D,,45,1
45,1,O,CMA,,206,LOAD_FUL_40,LOAD,CN,40,FUL,,Y,45,1
45,1,O,CMA,,217,DISC_FUL_40,DISC,CN,40,FUL,D,,45,1
45,1,O,CMA,,46,RDR_FUL_20,RDR,CN,20,FUL,S,,45,1
45,1,O,CMA,,26,RSOB_MT_20,RSOB,CN,20,MT,,,45,1
45,1,O,CMA,,21,TSM_MT_40,TSM,CN,40,MT,D,Y,45,1
45,1,O,MSK,,1375,LOAD_MT_40,LOAD,CN,40,MT,S,,45,1
45,1,O,MSK,,1444,DISC_FUL_20,DISC,CN,20,FUL,,,45,1
45,1,O,MSK,,309,RDR_MT_45,RDR,CN,45,MT,D,,45,1
45,1,O,MSK,,172,RSOB_FUL_45,RSOB,CN,45,FUL,D,,45,1
45,1,O,MSK,,137,TSM_FUL_45,TSM,CN,45,FUL,S,Y,45,1
45,1,V,,,219,TTL_HCV,,HCV,,,,,45,1
45,1,C,,Q01,1677,TTL_MOVES,,,,,,,45,1
45,1,C,,Q02,1677,TTL_MOVES,,,,,,,45,1
45,1,C,,Q03,1678,TTL_MOVES,,,,,,,45,1
46,1,O,EMC,,786,LOAD_FUL_20,LOAD,CN,20,FUL,,,46,1
46,1,O,EMC,,825,DISC_MT_40,DISC,CN,40,MT,,,46,1
46,1,O,EMC,,177,RDR_FUL_45,RDR,CN,45,FUL,,,46,1
46,1,O,EMC,,98,RSOB_FUL_40,RSOB,CN,40,FUL,S,,46,1
46,1,O,EMC,,79,TSM_MT_20,TSM,CN,20,MT,,Y,46,1
46,1,O,HMM,,472,LOAD_FUL_20,LOAD,CN,20,FUL,S,,46,1
46,1,O,HMM,,495,DISC_FUL_45,DISC,CN,45,FUL,S,,46,1
46,1,O,HMM,,106,RDR_FUL_45,RDR,CN,45,FUL,,,46,1
46,1,O,HMM,,59,RSOB_FUL_45,RSOB,CN,45,FUL,,,46,1
46,1,O,HMM,,47,TSM_FUL_45,TSM,CN,45,FUL,,Y,46,1
46,1,O,YML,,314,LOAD_MT_40,LOAD,CN,40,MT,D,,46,1
46,1,O,YML,,330,DISC_MT_45,DISC,CN,45,MT,,,46,1
46,1,O,YML,,71,RDR_MT_40,RDR,CN,40,MT,D,,46,1
46,1,O,YML,,39,RSOB_FUL_20,RSOB,CN,20,FUL,,,46,1
46,1,O,YML,,31,TSM_FUL_45,TSM,CN,45,FUL,D,Y,46,1
46,1,O,MSC,,1414,LOAD_MT_40,LOAD,CN,40,MT,S,Y,46,1
46,1,O,MSC,,1485,DISC_FUL_45,DISC,CN,45,FUL,D,,46,1
46,1,O,MSC,,318,RDR_FUL_40,RDR,CN,40,FUL,D,,46,1
46,1,O,MSC,,177,RSOB_MT_40,RSOB,CN,40,MT,,,46,1
46,1,O,MSC,,141,TSM_MT_20,TSM,CN,20,MT,,Y,46,1
46,1,O,MSC,,1,MCR_FUL_45,MCR,CN,45,FUL,S,,46,1
46,1,V,,,360,TTL_HCV,,HCV,,,,,46,1
46,1,C,,Q01,869,TTL_MOVES,,,,,,,46,1
46,1,C,,Q02,870,TTL_MOVES,,,,,,,46,1
46,1,C,,Q03,869,TTL_MOVES,,,,,,,46,1
46,1,C,,Q04,870,TTL_MOVES,,,,,,,46,1
46,1,C,,Q05,870,TTL_MOVES,,,,,,,46,1
46,1,C,,Q06,869,TTL_MOVES,,,,,,,46,1
46,1,C,,Q07,870,TTL_MOVES,,,,,,,46,1
46,1,C,,Q08,869,TTL_MOVES,,,,,,,46,1
46,1,C,,Q09,869,TTL_MOVES,,,,,,,46,1
47,1,O,WHL,,90,LOAD_FUL_20,LOAD,CN,20,FUL,D,Y,47,1
47,1,O,WHL,,94,DISC_FUL_40,DISC,CN,40,FUL,D,,47,1
47,1,O,WHL,,20,RDR_MT_20,RDR,CN,20,MT,D,,47,1
47,1,O,WHL,,11,RSOB_FUL_45,RSOB,CN,45,FUL,S,,47,1
47,1,O,WHL,,9,TSM_FUL_20,TSM,CN,20,FUL,S,Y,47,1
47,1,O,WHL,,1,MCR_FUL_20,MCR,CN,20,FUL,D,,47,1
47,1,O,MSC,,323,LOAD_FUL_40,LOAD,CN,40,FUL,D,,47,1
47,1,O,MSC,,339,DISC_FUL_45,DISC,CN,45,FUL,,Y,47,1
47,1,O,MSC,,73,RDR_MT_40,RDR,CN,40,MT,S,,47,1
47,1,O,MSC,,40,RSOB_MT_40,RSOB,CN,40,MT,,,47,1
47,1,O,MSC,,32,TSM_FUL_45,TSM,CN,45,FUL,S,Y,47,1
47,1,O,ONE,,215,LOAD_FUL_40,LOAD,CN,40,FUL,S,,47,1
47,1,O,ONE,,226,DISC_FUL_20,DISC,CN,20,FUL,D,Y,47,1
47,1,O,ONE,,48,RDR_MT_20,RDR,CN,20,MT,D,,47,1
47,1,O,ONE,,27,RSOB_FUL_20,RSOB,CN,20,FUL,S,,47,1
47,1,O,ONE,,21,TSM_FUL_20,TSM,CN,20,FUL,S,Y,47,1
47,1,O,YML,,72,LOAD_FUL_20,LOAD,CN,20,FUL,D,,47,1
47,1,O,YML,,75,DISC_FUL_40,DISC,CN,40,FUL,S,Y,47,1
47,1,O,YML,,16,RDR_MT_20,RDR,CN,20,MT,D,,47,1
47,1,O,YML,,9,RSOB_FUL_45,RSOB,CN,45,FUL,S,,47,1
47,1,O,YML,,7,TSM_FUL_45,TSM,CN,45,FUL,,Y,47,1
47,1,O,CMA,,54,LOAD_MT_40,LOAD,CN,40,MT,S,,47,1
47,1,O,CMA,,56,DISC_MT_40,DISC,CN,40,MT,,,47,1
47,1,O,CMA,,12,RDR_FUL_20,RDR,CN,20,FUL,,,47,1
47,1,O,CMA,,7,RSOB_FUL_45,RSOB,CN,45,FUL,D,,47,1
47,1,O,CMA,,5,TSM_FUL_20,TSM,CN,20,FUL,S,Y,47,1
47,1,V,,,39,TTL_HCV,,HCV,,,,,47,1
47,1,C,,Q01,640,TTL_MOVES,,,,,,,47,1
47,1,C,,Q02,641,TTL_MOVES,,,,,,,47,1
47,1,C,,Q03,640,TTL_MOVES,,,,,,,47,1
48,1,O,OOL,,133,LOAD_MT_40,LOAD,CN,40,MT,S,,48,1
48,1,O,OOL,,140,DISC_FUL_20,DISC,CN,20,FUL,D,,48,1
48,1,O,OOL,,30,RDR_MT_40,RDR,CN,40,MT,S,,48,1
48,1,O,OOL,,17,RSOB_FUL_40,RSOB,CN,40,FUL,S,,48,1
48,1,O,OOL,,13,TSM_MT_40,TSM,CN,40,MT,,Y,48,1
48,1,O,HMM,,80,LOAD_FUL_45,LOAD,CN,45,FUL,S,,48,1
48,1,O,HMM,,84,DISC_FUL_40,DISC,CN,40,FUL,D,,48,1
48,1,O,HMM,,18,RDR_FUL_40,RDR,CN,40,FUL,S,,48,1
48,1,O,HMM,,10,RSOB_FUL_20,RSOB,CN,20,FUL,S,,48,1
48,1,O,HMM,,8,TSM_MT_45,TSM,CN,45,MT,S,Y,48,1
48,1,O,WHL,,67,LOAD_MT_20,LOAD,CN,20,MT,,,48,1
48,1,O,WHL,,70,DISC_MT_40,DISC,CN,40,MT,S,,48,1
48,1,O,WHL,,15,RDR_MT_20,RDR,CN,20,MT,,,48,1
48,1,O,WHL,,8,RSOB_FUL_20,RSOB,CN,20,FUL,S,,48,1
48,1,O,WHL,,7,TSM_MT_45,TSM,CN,45,MT,D,Y,48,1
48,1,O,ONE,,159,LOAD_FUL_45,LOAD,CN,45,FUL,,,48,1
48,1,O,ONE,,167,DISC_MT_20,DISC,CN,20,MT,,,48,1
48,1,O,ONE,,36,RDR_MT_45,RDR,CN,45,MT,,,48,1
48,1,O,ONE,,20,RSOB_FUL_45,RSOB,CN,45,FUL,S,,48,1
48,1,O,ONE,,16,TSM_FUL_20,TSM,CN,20,FUL,D,Y,48,1
48,1,O,HLC,,159,LOAD_FUL_40,LOAD,CN,40,FUL,D,,48,1
48,1,O,HLC,,167,DISC_FUL_20,DISC,CN,20,FUL,,,48,1
48,1,O,HLC,,36,RDR_MT_40,RDR,CN,40,MT,D,,48,1
48,1,O,HLC,,20,RSOB_FUL_45,RSOB,CN,45,FUL,D,,48,1
48,1,O,HLC,,16,TSM_FUL_20,TSM,CN,20,FUL,D,Y,48,1
48,1,V,,,49,TTL_HCV,,HCV,,,,,48,1
48,1,C,,Q01,515,TTL_MOVES,,,,,,,48,1
48,1,C,,Q02,515,TTL_MOVES,,,,,,,48,1
48,1,C,,Q03,515,TTL_MOVES,,,,,,,48,1
49,1,O,WHL,,200,LOAD_FUL_40,LOAD,CN,40,FUL,D,,49,1
49,1,O,WHL,,210,DISC_MT_40,DISC,CN,40,MT,,,49,1
49,1,O,WHL,,45,RDR_FUL_20,RDR,CN,20,FUL,D,,49,1
49,1,O,WHL,,25,RSOB_FUL_20,RSOB,CN,20,FUL,,,49,1
49,1,O,WHL,,19,TSM_FUL_45,TSM,CN,45,FUL,D,Y,49,1
49,1,O,MSK,,797,LOAD_FUL_40,LOAD,CN,40,FUL,D,,49,1
49,1,O,MSK,,837,DISC_FUL_45,DISC,CN,45,FUL,D,,49,1
49,1,O,MSK,,179,RDR_MT_40,RDR,CN,40,MT,,,49,1
49,1,O,MSK,,100,RSOB_FUL_45,RSOB,CN,45,FUL,S,,49,1
49,1,O,MSK,,79,TSM_MT_20,TSM,CN,20,MT,S,Y,49,1
49,1,O,HMM,,239,LOAD_MT_20,LOAD,CN,20,MT,S,,49,1
49,1,O,HMM,,251,DISC_FUL_45,DISC,CN,45,FUL,S,,49,1
49,1,O,HMM,,54,RDR_FUL_45,RDR,CN,45,FUL,S,,49,1
49,1,O,HMM,,30,RSOB_FUL_20,RSOB,CN,20,FUL,S,,49,1
49,1,O,HMM,,23,TSM_FUL_20,TSM,CN,20,FUL,,Y,49,1
49,1,O,YML,,159,LOAD_MT_40,LOAD,CN,40,MT,D,Y,49,1
49,1,O,YML,,167,DISC_FUL_40,DISC,CN,40,FUL,,,49,1
49,1,O,YML,,36,RDR_MT_40,RDR,CN,40,MT,D,,49,1
49,1,O,YML,,20,RSOB_MT_20,RSOB,CN,20,MT,,,49,1
49,1,O,YML,,16,TSM_FUL_45,TSM,CN,45,FUL,,Y,49,1
49,1,V,,,110,TTL_HCV,,HCV,,,,,49,1
49,1,C,,Q01,1198,TTL_MOVES,,,,,,,49,1
49,1,C,,Q02,1199,TTL_MOVES,,,,,,,49,1
49,1,C,,Q03,1199,TTL_MOVES,,,,,,,49,1
50,1,O,YML,,144,LOAD_FUL_40,LOAD,CN,40,FUL,D,,50,1
50,1,O,YML,,151,DISC_FUL_40,DISC,CN,40,FUL,,,50,1
50,1,O,YML,,32,RDR_FUL_40,RDR,CN,40,FUL,,,50,1
50,1,O,YML,,18,RSOB_FUL_40,RSOB,CN,40,FUL,,,50,1
50,1,O,YML,,14,TSM_MT_40,TSM,CN,40,MT,S,Y,50,1
50,1,O,YML,,1,MCR_FUL_45,MCR,CN,45,FUL,D,,50,1
50,1,O,MSK,,719,LOAD_MT_20,LOAD,CN,20,MT,S,,50,1
50,1,O,MSK,,755,DISC_MT_20,DISC,CN,20,MT,D,,50,1
50,1,O,MSK,,162,RDR_MT_45,RDR,CN,45,MT,D,,50,1
50,1,O,MSK,,90,RSOB_MT_40,RSOB,CN,40,MT,S,,50,1
50,1,O,MSK,,71,TSM_MT_40,TSM,CN,40,MT,S,Y,50,1
50,1,O,EMC,,359,LOAD_FUL_20,LOAD,CN,20,FUL,S,,50,1
50,1,O,EMC,,377,DISC_FUL_20,DISC,CN,20,FUL,,,50,1
50,1,O,EMC,,81,RDR_FUL_45,RDR,CN,45,FUL,,,50,1
50,1,O,EMC,,45,RSOB_MT_20,RSOB,CN,20,MT,D,,50,1
50,1,O,EMC,,36,TSM_FUL_40,TSM,CN,40,FUL,D,Y,50,1
50,1,O,OOL,,359,LOAD_MT_40,LOAD,CN,40,MT,S,,50,1
50,1,O,OOL,,377,DISC_MT_45,DISC,CN,45,MT,D,,50,1
50,1,O,OOL,,81,RDR_MT_20,RDR,CN,20,MT,D,,50,1
50,1,O,OOL,,45,RSOB_FUL_20,RSOB,CN,20,FUL,,,50,1
50,1,O,OOL,,36,TSM_FUL_45,TSM,CN,45,FUL,D,Y,50,1
50,1,O,ONE,,431,LOAD_FUL_40,LOAD,CN,40,FUL,S,,50,1
50,1,O,ONE,,453,DISC_FUL_45,DISC,CN,45,FUL,D,,50,1
50,1,O,ONE,,97,RDR_FUL_45,RDR,CN,45,FUL,S,,50,1
50,1,O,ONE,,54,RSOB_FUL_45,RSOB,CN,45,FUL,S,,50,1
50,1,O,ONE,,43,TSM_FUL_20,TSM,CN,20,FUL,,Y,50,1
50,1,O,WHL,,180,LOAD_FUL_20,LOAD,CN,20,FUL,S,,50,1
50,1,O,WHL,,189,DISC_FUL_45,DISC,CN,45,FUL,,,50,1
50,1,O,WHL,,40,RDR_FUL_40,RDR,CN,40,FUL,S,,50,1
50,1,O,WHL,,22,RSOB_FUL_45,RSOB,CN,45,FUL,,,50,1
50,1,O,WHL,,18,TSM_FUL_45,TSM,CN,45,FUL,,Y,50,1
50,1,V,,,170,TTL_HCV,,HCV,,,,,50,1
50,1,C,,Q01,1883,TTL_MOVES,,,,,,,50,1
50,1,C,,Q02,1883,TTL_MOVES,,,,,,,50,1
50,1,C,,Q03,1884,TTL_MOVES,,,,,,,50,1
51,1,O,MSC,,654,LOAD_FUL_40,LOAD,CN,40,FUL,S,,51,1
51,1,O,MSC,,686,DISC_FUL_45,DISC,CN,45,FUL,,,51,1
51,1,O,MSC,,147,RDR_MT_45,RDR,CN,45,MT,S,,51,1
51,1,O,MSC,,82,RSOB_FUL_20,RSOB,CN,20,FUL,D,,51,1
51,1,O,MSC,,65,TSM_FUL_45,TSM,CN,45,FUL,,Y,51,1
51,1,O,OOL,,363,LOAD_FUL_45,LOAD,CN,45,FUL,,Y,51,1
51,1,O,OOL,,381,DISC_FUL_40,DISC,CN,40,FUL,,,51,1
51,1,O,OOL,,82,RDR_FUL_45,RDR,CN,45,FUL,,,51,1
51,1,O,OOL,,45,RSOB_FUL_45,RSOB,CN,45,FUL,,,51,1
51,1,O,OOL,,36,TSM_MT_40,TSM,CN,40,MT,,Y,51,1
51,1,O,OOL,,1,MCR_FUL_20,MCR,CN,20,FUL,D,,51,1
51,1,O,ONE,,435,LOAD_FUL_20,LOAD,CN,20,FUL,D,,51,1
51,1,O,ONE,,457,DISC_FUL_20,DISC,CN,20,FUL,D,Y,51,1
51,1,O,ONE,,98,RDR_FUL_20,RDR,CN,20,FUL,,,51,1
51,1,O,ONE,,54,RSOB_FUL_45,RSOB,CN,45,FUL,,,51,1
51,1,O,ONE,,44,TSM_FUL_45,TSM,CN,45,FUL,,Y,51,1
51,1,O,CMA,,109,LOAD_FUL_40,LOAD,CN,40,FUL,D,,51,1
51,1,O,CMA,,114,DISC_FUL_45,DISC,CN,45,FUL,,,51,1
51,1,O,CMA,,24,RDR_FUL_45,RDR,CN,45,FUL,,,51,1
51,1,O,CMA,,14,RSOB_FUL_45,RSOB,CN,45,FUL,,,51,1
51,1,O,CMA,,11,TSM_FUL_20,TSM,CN,20,FUL,,Y,51,1
51,1,V,,,155,TTL_HCV,,HCV,,,,,51,1
51,1,C,,Q01,1014,TTL_MOVES,,,,,,,51,1
51,1,C,,Q02,1014,TTL_MOVES,,,,,,,51,1
51,1,C,,Q03,1015,TTL_MOVES,,,,,,,51,1
51,1,C,,Q04,1014,TTL_MOVES,,,,,,,51,1
52,1,O,MSC,,321,LOAD_FUL_40,LOAD,CN,40,FUL,S,,52,1
52,1,O,MSC,,337,DISC_FUL_20,DISC,CN,20,FUL,D,,52,1
52,1,O,MSC,,72,RDR_FUL_45,RDR,CN,45,FUL,,,52,1
52,1,O,MSC,,40,RSOB_FUL_40,RSOB,CN,40,FUL,,,52,1
52,1,O,MSC,,32,TSM_FUL_40,TSM,CN,40,FUL,S,Y,52,1
52,1,O,MSC,,1,MCR_FUL_40,MCR,CN,40,FUL,,,52,1
52,1,O,CMA,,54,LOAD_FUL_45,LOAD,CN,45,FUL,S,,52,1
52,1,O,CMA,,56,DISC_MT_40,DISC,CN,40,MT,D,,52,1
52,1,O,CMA,,12,RDR_MT_20,RDR,CN,20,MT,S,,52,1
52,1,O,CMA,,7,RSOB_MT_40,RSOB,CN,40,MT,S,,52,1
52,1,O,CMA,,5,TSM_FUL_40,TSM,CN,40,FUL,S,Y,52,1
52,1,O,WHL,,89,LOAD_FUL_40,LOAD,CN,40,FUL,,,52,1
52,1,O,WHL,,94,DISC_FUL_20,DISC,CN,20,FUL,D,,52,1
52,1,O,WHL,,20,RDR_FUL_20,RDR,CN,20,FUL,,,52,1
52,1,O,WHL,,11,RSOB_MT_40,RSOB,CN,40,MT,,,52,1
52,1,O,WHL,,9,TSM_FUL_20,TSM,CN,20,FUL,,Y,52,1
52,1,O,HLC,,214,LOAD_FUL_40,LOAD,CN,40,FUL,S,,52,1
52,1,O,HLC,,225,DISC_FUL_20,DISC,CN,20,FUL,,,52,1
52,1,O,HLC,,48,RDR_FUL_20,RDR,CN,20,FUL,D,,52,1
52,1,O,HLC,,27,RSOB_MT_20,RSOB,CN,20,MT,,,52,1
52,1,O,HLC,,21,TSM_MT_20,TSM,CN,20,MT,,Y,52,1
52,1,O,EMC,,178,LOAD_FUL_20,LOAD,CN,20,FUL,D,,52,1
52,1,O,EMC,,187,DISC_FUL_45,DISC,CN,45,FUL,D,,52,1
52,1,O,EMC,,40,RDR_FUL_45,RDR,CN,45,FUL,D,,52,1
52,1,O,EMC,,22,RSOB_FUL_20,RSOB,CN,20,FUL,D,,52,1
52,1,O,EMC,,18,TSM_FUL_45,TSM,CN,45,FUL,,Y,52,1
52,1,V,,,38,TTL_HCV,,HCV,,,,,52,1
52,1,C,,Q01,1089,TTL_MOVES,,,,,,,52,1
52,1,C,,Q02,1089,TTL_MOVES,,,,,,,52,1
53,1,O,MSC,,207,LOAD_FUL_20,LOAD,CN,20,FUL,S,,53,1
53,1,O,MSC,,218,DISC_FUL_45,DISC,CN,45,FUL,S,,53,1
53,1,O,MSC,,47,RDR_FUL_45,RDR,CN,45,FUL,,,53,1
53,1,O,MSC,,26,RSOB_FUL_45,RSOB,CN,45,FUL,S,,53,1
53,1,O,MSC,,20,TSM_FUL_45,TSM,CN,45,FUL,,Y,53,1
53,1,O,YML,,46,LOAD_FUL_20,LOAD,CN,20,FUL,,,53,1
53,1,O,YML,,49,DISC_FUL_20,DISC,CN,20,FUL,,,53,1
53,1,O,YML,,10,RDR_FUL_20,RDR,CN,20,FUL,,,53,1
53,1,O,YML,,6,RSOB_FUL_45,RSOB,CN,45,FUL,,,53,1
53,1,O,YML,,5,TSM_MT_20,TSM,CN,20,MT,D,Y,53,1
53,1,O,EMC,,115,LOAD_FUL_45,LOAD,CN,45,FUL,S,,53,1
53,1,O,EMC,,121,DISC_FUL_20,DISC,CN,20,FUL,S,,53,1
53,1,O,EMC,,26,RDR_FUL_40,RDR,CN,40,FUL,,,53,1
53,1,O,EMC,,14,RSOB_MT_20,RSOB,CN,20,MT,D,,53,1
53,1,O,EMC,,12,TSM_FUL_40,TSM,CN,40,FUL,S,Y,53,1
53,1,O,WHL,,58,LOAD_MT_20,LOAD,CN,20,MT,S,Y,53,1
53,1,O,WHL,,60,DISC_FUL_20,DISC,CN,20,FUL,S,Y,53,1
53,1,O,WHL,,13,RDR_MT_40,RDR,CN,40,MT,D,,53,1
53,1,O,WHL,,7,RSOB_FUL_45,RSOB,CN,45,FUL,,,53,1
53,1,O,WHL,,6,TSM_FUL_40,TSM,CN,40,FUL,,Y,53,1
53,1,O,MSK,,230,LOAD_FUL_40,LOAD,CN,40,FUL,S,,53,1
53,1,O,MSK,,242,DISC_FUL_45,DISC,CN,45,FUL,D,,53,1
53,1,O,MSK,,52,RDR_FUL_40,RDR,CN,40,FUL,D,,53,1
53,1,O,MSK,,29,RSOB_FUL_45,RSOB,CN,45,FUL,D,,53,1
53,1,O,MSK,,22,TSM_FUL_20,TSM,CN,20,FUL,S,Y,53,1
53,1,O,OOL,,115,LOAD_MT_20,LOAD,CN,20,MT,D,,53,1
53,1,O,OOL,,121,DISC_FUL_40,DISC,CN,40,FUL,D,Y,53,1
53,1,O,OOL,,26,RDR_FUL_45,RDR,CN,45,FUL,D,,53,1
53,1,O,OOL,,14,RSOB_FUL_20,RSOB,CN,20,FUL,S,,53,1
53,1,O,OOL,,11,TSM_MT_45,TSM,CN,45,MT,,Y,53,1
53,1,V,,,70,TTL_HCV,,HCV,,,,,53,1
53,1,C,,Q01,500,TTL_MOVES,,,,,,,53,1
53,1,C,,Q02,499,TTL_MOVES,,,,,,,53,1
53,1,C,,Q03,500,TTL_MOVES,,,,,,,53,1
53,1,C,,Q04,499,TTL_MOVES,,,,,,,53,1
54,1,O,OOL,,381,LOAD_FUL_40,LOAD,CN,40,FUL,S,,54,1
54,1,O,OOL,,400,DISC_MT_40,DISC,CN,40,MT,D,,54,1
54,1,O,OOL,,86,RDR_MT_45,RDR,CN,45,MT,D,,54,1
54,1,O,OOL,,48,RSOB_FUL_20,RSOB,CN,20,FUL,S,,54,1
54,1,O,OOL,,38,TSM_MT_45,TSM,CN,45,MT,S,Y,54,1
54,1,O,EMC,,381,LOAD_FUL_45,LOAD,CN,45,FUL,D,Y,54,1
54,1,O,EMC,,400,DISC_FUL_40,DISC,CN,40,FUL,D,,54,1
54,1,O,EMC,,86,RDR_FUL_40,RDR,CN,40,FUL,,,54,1
54,1,O,EMC,,48,RSOB_FUL_45,RSOB,CN,45,FUL,,,54,1
54,1,O,EMC,,38,TSM_FUL_40,TSM,CN,40,FUL,,Y,54,1
54,1,O,HMM,,229,LOAD_MT_20,LOAD,CN,20,MT,D,,54,1
54,1,O,HMM,,240,DISC_FUL_45,DISC,CN,45,FUL,,Y,54,1
54,1,O,HMM,,51,RDR_FUL_20,RDR,CN,20,FUL,D,,54,1
54,1,O,HMM,,29,RSOB_FUL_20,RSOB,CN,20,FUL,,,54,1
54,1,O,HMM,,23,TSM_MT_20,TSM,CN,20,MT,D,Y,54,1
54,1,O,MSK,,762,LOAD_FUL_20,LOAD,CN,20,FUL,D,,54,1
54,1,O,MSK,,801,DISC_FUL_45,DISC,CN,45,FUL,,,54,1
54,1,O,MSK,,172,RDR_MT_45,RDR,CN,45,MT,D,,54,1
54,1,O,MSK,,95,RSOB_FUL_20,RSOB,CN,20,FUL,,,54,1
54,1,O,MSK,,76,TSM_FUL_20,TSM,CN,20,FUL,,Y,54,1
54,1,O,YML,,152,LOAD_FUL_45,LOAD,CN,45,FUL,S,Y,54,1
54,1,O,YML,,160,DISC_FUL_20,DISC,CN,20,FUL,S,,54,1
54,1,O,YML,,34,RDR_FUL_20,RDR,CN,20,FUL,,,54,1
54,1,O,YML,,19,RSOB_FUL_40,RSOB,CN,40,FUL,D,,54,1
54,1,O,YML,,15,TSM_FUL_20,TSM,CN,20,FUL,D,Y,54,1
54,1,O,YML,,1,MCR_FUL_45,MCR,CN,45,FUL,D,,54,1
54,1,O,ONE,,457,LOAD_FUL_20,LOAD,CN,20,FUL,,,54,1
54,1,O,ONE,,480,DISC_MT_20,DISC,CN,20,MT,D,,54,1
54,1,O,ONE,,103,RDR_FUL_45,RDR,CN,45,FUL,D,,54,1
54,1,O,ONE,,57,RSOB_FUL_20,RSOB,CN,20,FUL,S,,54,1
54,1,O,ONE,,46,TSM_FUL_20,TSM,CN,20,FUL,,Y,54,1
54,1,V,,,174,TTL_HCV,,HCV,,,,,54,1
54,1,C,,Q01,2028,TTL_MOVES,,,,,,,54,1
54,1,C,,Q02,2027,TTL_MOVES,,,,,,,54,1
54,1,C,,Q03,2027,TTL_MOVES,,,,,,,54,1
55,1,O,HLC,,381,LOAD_MT_45,LOAD,CN,45,MT,S,,55,1
55,1,O,HLC,,400,DISC_FUL_40,DISC,CN,40,FUL,S,,55,1
55,1,O,HLC,,86,RDR_FUL_45,RDR,CN,45,FUL,S,,55,1
55,1,O,HLC,,48,RSOB_MT_20,RSOB,CN,20,MT,D,,55,1
55,1,O,HLC,,38,TSM_FUL_45,TSM,CN,45,FUL,,Y,55,1
55,1,O,OOL,,317,LOAD_FUL_40,LOAD,CN,40,FUL,,Y,55,1
55,1,O,OOL,,333,DISC_FUL_45,DISC,CN,45,FUL,D,,55,1
55,1,O,OOL,,71,RDR_FUL_45,RDR,CN,45,FUL,,,55,1
55,1,O,OOL,,40,RSOB_MT_20,RSOB,CN,20,MT,,,55,1
55,1,O,OOL,,32,TSM_FUL_20,TSM,CN,20,FUL,S,Y,55,1
55,1,O,ONE,,381,LOAD_FUL_45,LOAD,CN,45,FUL,S,,55,1
55,1,O,ONE,,400,DISC_FUL_45,DISC,CN,45,FUL,,Y,55,1
55,1,O,ONE,,86,RDR_FUL_40,RDR,CN,40,FUL,,,55,1
55,1,O,ONE,,48,RSOB_MT_20,RSOB,CN,20,MT,,,55,1
55,1,O,ONE,,37,TSM_FUL_45,TSM,CN,45,FUL,S,Y,55,1
55,1,O,YML,,127,LOAD_MT_40,LOAD,CN,40,MT,,,55,1
55,1,O,YML,,133,DISC_FUL_45,DISC,CN,45,FUL,D,,55,1
55,1,O,YML,,29,RDR_FUL_20,RDR,CN,20,FUL,D,,55,1
55,1,O,YML,,16,RSOB_FUL_40,RSOB,CN,40,FUL,,,55,1
55,1,O,YML,,12,TSM_FUL_45,TSM,CN,45,FUL,,Y,55,1
55,1,O,HMM,,190,LOAD_MT_20,LOAD,CN,20,MT,S,,55,1
55,1,O,HMM,,200,DISC_FUL_45,DISC,CN,45,FUL,D,Y,55,1
55,1,O,HMM,,43,RDR_FUL_45,RDR,CN,45,FUL,,,55,1
55,1,O,HMM,,24,RSOB_MT_20,RSOB,CN,20,MT,,,55,1
55,1,O,HMM,,19,TSM_FUL_45,TSM,CN,45,FUL,,Y,55,1
55,1,V,,,145,TTL_HCV,,HCV,,,,,55,1
55,1,C,,Q01,1212,TTL_MOVES,,,,,,,55,1
55,1,C,,Q02,1212,TTL_MOVES,,,,,,,55,1
55,1,C,,Q03,1212,TTL_MOVES,,,,,,,55,1
56,1,O,WHL,,202,LOAD_MT_40,LOAD,CN,40,MT,S,Y,56,1
56,1,O,WHL,,213,DISC_FUL_20,DISC,CN,20,FUL,,Y,56,1
56,1,O,WHL,,46,RDR_FUL_40,RDR,CN,40,FUL,S,,56,1
56,1,O,WHL,,25,RSOB_FUL_40,RSOB,CN,40,FUL,D,,56,1
56,1,O,WHL,,20,TSM_FUL_45,TSM,CN,45,FUL,S,Y,56,1
56,1,O,ONE,,486,LOAD_FUL_40,LOAD,CN,40,FUL,D,Y,56,1
56,1,O,ONE,,510,DISC_FUL_20,DISC,CN,20,FUL,S,Y,56,1
56,1,O,ONE,,109,RDR_FUL_20,RDR,CN,20,FUL,,,56,1
56,1,O,ONE,,61,RSOB_FUL_45,RSOB,CN,45,FUL,,,56,1
56,1,O,ONE,,48,TSM_MT_40,TSM,CN,40,MT,,Y,56,1
56,1,O,EMC,,405,LOAD_FUL_45,LOAD,CN,45,FUL,,,56,1
56,1,O,EMC,,425,DISC_FUL_20,DISC,CN,20,FUL,D,,56,1
56,1,O,EMC,,91,RDR_FUL_20,RDR,CN,20,FUL,D,,56,1
56,1,O,EMC,,51,RSOB_FUL_20,RSOB,CN,20,FUL,S,,56,1
56,1,O,EMC,,40,TSM_FUL_45,TSM,CN,45,FUL,D,Y,56,1
56,1,O,CMA,,122,LOAD_FUL_20,LOAD,CN,20,FUL,D,,56,1
56,1,O,CMA,,128,DISC_FUL_45,DISC,CN,45,FUL,S,Y,56,1
56,1,O,CMA,,27,RDR_MT_40,RDR,CN,40,MT,,,56,1
56,1,O,CMA,,15,RSOB_FUL_45,RSOB,CN,45,FUL,D,,56,1
56,1,O,CMA,,12,TSM_FUL_40,TSM,CN,40,FUL,D,Y,56,1
56,1,O,HMM,,242,LOAD_FUL_45,LOAD,CN,45,FUL,,,56,1
56,1,O,HMM,,255,DISC_FUL_40,DISC,CN,40,FUL,S,,56,1
56,1,O,HMM,,55,RDR_FUL_40,RDR,CN,40,FUL,D,,56,1
56,1,O,HMM,,30,RSOB_FUL_45,RSOB,CN,45,FUL,S,,56,1
56,1,O,HMM,,24,TSM_FUL_20,TSM,CN,20,FUL,D,Y,56,1
56,1,O,MSC,,728,LOAD_MT_20,LOAD,CN,20,MT,,,56,1
56,1,O,MSC,,764,DISC_FUL_45,DISC,CN,45,FUL,S,Y,56,1
56,1,O,MSC,,164,RDR_FUL_20,RDR,CN,20,FUL,D,,56,1
56,1,O,MSC,,91,RSOB_FUL_45,RSOB,CN,45,FUL,D,,56,1
56,1,O,MSC,,73,TSM_FUL_45,TSM,CN,45,FUL,,Y,56,1
56,1,V,,,282,TTL_HCV,,HCV,,,,,56,1
56,1,C,,Q01,1149,TTL_MOVES,,,,,,,56,1
56,1,C,,Q02,1149,TTL_MOVES,,,,,,,56,1
56,1,C,,Q03,1149,TTL_MOVES,,,,,,,56,1
56,1,C,,Q04,1148,TTL_MOVES,,,,,,,56,1
56,1,C,,Q05,1149,TTL_MOVES,,,,,,,56,1
57,1,O,WHL,,388,LOAD_FUL_45,LOAD,CN,45,FUL,S,,57,1
57,1,O,WHL,,407,DISC_FUL_40,DISC,CN,40,FUL,D,,57,1
57,1,O,WHL,,87,RDR_FUL_20,RDR,CN,20,FUL,S,,57,1
57,1,O,WHL,,48,RSOB_FUL_45,RSOB,CN,45,FUL,D,,57,1
57,1,O,WHL,,39,TSM_FUL_45,TSM,CN,45,FUL,S,Y,57,1
57,1,O,WHL,,1,MCR_FUL_45,MCR,CN,45,FUL,D,,57,1
57,1,O,EMC,,776,LOAD_FUL_40,LOAD,CN,40,FUL,D,Y,57,1
57,1,O,EMC,,814,DISC_FUL_20,DISC,CN,20,FUL,S,,57,1
57,1,O,EMC,,175,RDR_MT_45,RDR,CN,45,MT,,,57,1
57,1,O,EMC,,97,RSOB_FUL_40,RSOB,CN,40,FUL,D,,57,1
57,1,O,EMC,,77,TSM_FUL_20,TSM,CN,20,FUL,,Y,57,1
57,1,O,MSK,,1551,LOAD_FUL_45,LOAD,CN,45,FUL,,Y,57,1
57,1,O,MSK,,1629,DISC_MT_45,DISC,CN,45,MT,S,,57,1
57,1,O,MSK,,349,RDR_FUL_20,RDR,CN,20,FUL,,,57,1
57,1,O,MSK,,194,RSOB_FUL_45,RSOB,CN,45,FUL,S,,57,1
57,1,O,MSK,,155,TSM_FUL_40,TSM,CN,40,FUL,,Y,57,1
57,1,O,HLC,,930,LOAD_MT_45,LOAD,CN,45,MT,D,,57,1
57,1,O,HLC,,977,DISC_FUL_20,DISC,CN,20,FUL,,,57,1
57,1,O,HLC,,209,RDR_MT_20,RDR,CN,20,MT,D,,57,1
57,1,O,HLC,,116,RSOB_FUL_20,RSOB,CN,20,FUL,,,57,1
57,1,O,HLC,,93,TSM_FUL_20,TSM,CN,20,FUL,D,Y,57,1
57,1,O,HLC,,1,MCR_FUL_45,MCR,CN,45,FUL,S,,57,1
57,1,O,CMA,,232,LOAD_FUL_40,LOAD,CN,40,FUL,S,,57,1
57,1,O,CMA,,244,DISC_MT_45,DISC,CN,45,MT,D,,57,1
57,1,O,CMA,,52,RDR_MT_40,RDR,CN,40,MT,,,57,1
57,1,O,CMA,,29,RSOB_FUL_45,RSOB,CN,45,FUL,D,,57,1
57,1,O,CMA,,23,TSM_FUL_20,TSM,CN,20,FUL,,Y,57,1
57,1,O,CMA,,1,MCR_FUL_20,MCR,CN,20,FUL,D,,57,1
57,1,V,,,425,TTL_HCV,,HCV,,,,,57,1
57,1,C,,Q01,2024,TTL_MOVES,,,,,,,57,1
57,1,C,,Q02,2024,TTL_MOVES,,,,,,,57,1
57,1,C,,Q03,2024,TTL_MOVES,,,,,,,57,1
57,1,C,,Q04,2023,TTL_MOVES,,,,,,,57,1
57,1,C,,Q05,2024,TTL_MOVES,,,,,,,57,1
58,1,O,YML,,93,LOAD_FUL_20,LOAD,CN,20,FUL,D,,58,1
58,1,O,YML,,98,DISC_FUL_45,DISC,CN,45,FUL,,,58,1
58,1,O,YML,,21,RDR_FUL_40,RDR,CN,40,FUL,D,,58,1
58,1,O,YML,,12,RSOB_FUL_45,RSOB,CN,45,FUL,,,58,1
58,1,O,YML,,9,TSM_FUL_45,TSM,CN,45,FUL,,Y,58,1
58,1,O,OOL,,233,LOAD_MT_45,LOAD,CN,45,MT,D,,58,1
58,1,O,OOL,,244,DISC_FUL_40,DISC,CN,40,FUL,S,,58,1
58,1,O,OOL,,52,RDR_FUL_40,RDR,CN,40,FUL,,,58,1
58,1,O,OOL,,29,RSOB_FUL_45,RSOB,CN,45,FUL,D,,58,1
58,1,O,OOL,,23,TSM_MT_40,TSM,CN,40,MT,,Y,58,1
58,1,O,OOL,,1,MCR_FUL_20,MCR,CN,20,FUL,S,,58,1
58,1,O,HLC,,279,LOAD_MT_20,LOAD,CN,20,MT,D,,58,1
58,1,O,HLC,,293,DISC_FUL_20,DISC,CN,20,FUL,,,58,1
58,1,O,HLC,,63,RDR_MT_20,RDR,CN,20,MT,,,58,1
58,1,O,HLC,,35,RSOB_FUL_20,RSOB,CN,20,FUL,,,58,1
58,1,O,HLC,,27,TSM_FUL_40,TSM,CN,40,FUL,D,Y,58,1
58,1,O,EMC,,232,LOAD_FUL_40,LOAD,CN,40,FUL,,,58,1
58,1,O,EMC,,244,DISC_FUL_40,DISC,CN,40,FUL,D,Y,58,1
58,1,O,EMC,,52,RDR_FUL_40,RDR,CN,40,FUL,S,,58,1
58,1,O,EMC,,29,RSOB_FUL_45,RSOB,CN,45,FUL,,,58,1
58,1,O,EMC,,23,TSM_FUL_45,TSM,CN,45,FUL,,Y,58,1
58,1,O,EMC,,1,MCR_FUL_20,MCR,CN,20,FUL,D,,58,1
58,1,V,,,47,TTL_HCV,,HCV,,,,,58,1
58,1,C,,Q01,1070,TTL_MOVES,,,,,,,58,1
58,1,C,,Q02,1070,TTL_MOVES,,,,,,,58,1
59,1,O,HMM,,220,LOAD_FUL_20,LOAD,CN,20,FUL,D,,59,1
59,1,O,HMM,,231,DISC_MT_45,DISC,CN,45,MT,S,,59,1
59,1,O,HMM,,49,RDR_MT_40,RDR,CN,40,MT,S,,59,1
59,1,O,HMM,,27,RSOB_FUL_20,RSOB,CN,20,FUL,,,59,1
59,1,O,HMM,,22,TSM_FUL_40,TSM,CN,40,FUL,S,Y,59,1
59,1,O,YML,,146,LOAD_MT_20,LOAD,CN,20,MT,,,59,1
59,1,O,YML,,154,DISC_FUL_20,DISC,CN,20,FUL,S,,59,1
59,1,O,YML,,33,RDR_FUL_40,RDR,CN,40,FUL,S,,59,1
59,1,O,YML,,18,RSOB_FUL_20,RSOB,CN,20,FUL,D,,59,1
59,1,O,YML,,15,TSM_MT_45,TSM,CN,45,MT,S,Y,59,1
59,1,O,EMC,,366,LOAD_FUL_20,LOAD,CN,20,FUL,S,,59,1
59,1,O,EMC,,384,DISC_FUL_40,DISC,CN,40,FUL,S,,59,1
59,1,O,EMC,,82,RDR_FUL_40,RDR,CN,40,FUL,D,,59,1
59,1,O,EMC,,46,RSOB_MT_40,RSOB,CN,40,MT,D,,59,1
59,1,O,EMC,,36,TSM_FUL_40,TSM,CN,40,FUL,,Y,59,1
59,1,O,OOL,,366,LOAD_FUL_45,LOAD,CN,45,FUL,D,Y,59,1
59,1,O,OOL,,384,DISC_FUL_40,DISC,CN,40,FUL,S,,59,1
59,1,O,OOL,,82,RDR_FUL_40,RDR,CN,40,FUL,S,,59,1
59,1,O,OOL,,46,RSOB_FUL_40,RSOB,CN,40,FUL,S,,59,1
59,1,O,OOL,,36,TSM_MT_20,TSM,CN,20,MT,,Y,59,1
59,1,O,HLC,,438,LOAD_MT_20,LOAD,CN,20,MT,D,,59,1
59,1,O,HLC,,460,DISC_MT_40,DISC,CN,40,MT,D,,59,1
59,1,O,HLC,,99,RDR_FUL_45,RDR,CN,45,FUL,D,,59,1
59,1,O,HLC,,55,RSOB_MT_20,RSOB,CN,20,MT,S,,59,1
59,1,O,HLC,,44,TSM_MT_40,TSM,CN,40,MT,S,Y,59,1
59,1,O,CMA,,110,LOAD_FUL_40,LOAD,CN,40,FUL,D,,59,1
59,1,O,CMA,,115,DISC_FUL_45,DISC,CN,45,FUL,,,59,1
59,1,O,CMA,,25,RDR_FUL_40,RDR,CN,40,FUL,S,,59,1
59,1,O,CMA,,14,RSOB_MT_45,RSOB,CN,45,MT,S,,59,1
59,1,O,CMA,,10,TSM_MT_45,TSM,CN,45,MT,D,Y,59,1
59,1,V,,,52,TTL_HCV,,HCV,,,,,59,1
59,1,C,,Q01,1389,TTL_MOVES,,,,,,,59,1
59,1,C,,Q02,1388,TTL_MOVES,,,,,,,59,1
59,1,C,,Q03,1388,TTL_MOVES,,,,,,,59,1
60,1,O,YML,,115,LOAD_FUL_40,LOAD,CN,40,FUL,,,60,1
60,1,O,YML,,121,DISC_FUL_40,DISC,CN,40,FUL,D,,60,1
60,1,O,YML,,26,RDR_FUL_20,RDR,CN,20,FUL,S,,60,1
60,1,O,YML,,14,RSOB_FUL_20,RSOB,CN,20,FUL,,,60,1
60,1,O,YML,,12,TSM_FUL_40,TSM,CN,40,FUL,S,Y,60,1
60,1,O,MSC,,518,LOAD_MT_20,LOAD,CN,20,MT,,,60,1
60,1,O,MSC,,544,DISC_FUL_45,DISC,CN,45,FUL,D,,60,1
60,1,O,MSC,,117,RDR_FUL_45,RDR,CN,45,FUL,D,,60,1
60,1,O,MSC,,65,RSOB_FUL_40,RSOB,CN,40,FUL,S,,60,1
60,1,O,MSC,,52,TSM_FUL_45,TSM,CN,45,FUL,D,Y,60,1
60,1,O,OOL,,288,LOAD_FUL_40,LOAD,CN,40,FUL,,,60,1
60,1,O,OOL,,302,DISC_MT_45,DISC,CN,45,MT,D,,60,1
60,1,O,OOL,,65,RDR_MT_40,RDR,CN,40,MT,,,60,1
60,1,O,OOL,,36,RSOB_FUL_20,RSOB,CN,20,FUL,D,,60,1
60,1,O,OOL,,29,TSM_MT_45,TSM,CN,45,MT,,Y,60,1
60,1,O,CMA,,86,LOAD_MT_45,LOAD,CN,45,MT,,,60,1
60,1,O,CMA,,90,DISC_FUL_45,DISC,CN,45,FUL,D,,60,1
60,1,O,CMA,,19,RDR_FUL_45,RDR,CN,45,FUL,D,,60,1
60,1,O,CMA,,11,RSOB_FUL_20,RSOB,CN,20,FUL,,,60,1
60,1,O,CMA,,9,TSM_FUL_45,TSM,CN,45,FUL,S,Y,60,1
60,1,O,ONE,,345,LOAD_MT_40,LOAD,CN,40,MT,,,60,1
60,1,O,ONE,,362,DISC_MT_20,DISC,CN,20,MT,,,60,1
60,1,O,ONE,,78,RDR_FUL_20,RDR,CN,20,FUL,S,,60,1
60,1,O,ONE,,43,RSOB_MT_40,RSOB,CN,40,MT,D,,60,1
60,1,O,ONE,,35,TSM_FUL_45,TSM,CN,45,FUL,,Y,60,1
60,1,V,,,178,TTL_HCV,,HCV,,,,,60,1
60,1,C,,Q01,1186,TTL_MOVES,,,,,,,60,1
60,1,C,,Q02,1187,TTL_MOVES,,,,,,,60,1
60,1,C,,Q03,1187,TTL_MOVES,,,,,,,60,1
61,1,O,EMC,,132,LOAD_FUL_40,LOAD,CN,40,FUL,S,,61,1
61,1,O,EMC,,139,DISC_FUL_20,DISC,CN,20,FUL,D,,61,1
61,1,O,EMC,,30,RDR_FUL_20,RDR,CN,20,FUL,S,,61,1
61,1,O,EMC,,16,RSOB_MT_45,RSOB,CN,45,MT,S,,61,1
61,1,O,EMC,,13,TSM_FUL_20,TSM,CN,20,FUL,S,Y,61,1
61,1,O,WHL,,66,LOAD_MT_40,LOAD,CN,40,MT,D,,61,1
61,1,O,WHL,,69,DISC_FUL_45,DISC,CN,45,FUL,,,61,1
61,1,O,WHL,,15,RDR_FUL_40,RDR,CN,40,FUL,D,,61,1
61,1,O,WHL,,8,RSOB_FUL_45,RSOB,CN,45,FUL,D,,61,1
61,1,O,WHL,,7,TSM_FUL_40,TSM,CN,40,FUL,,Y,61,1
61,1,O,HLC,,158,LOAD_FUL_20,LOAD,CN,20,FUL,S,Y,61,1
61,1,O,HLC,,166,DISC_FUL_20,DISC,CN,20,FUL,D,,61,1
61,1,O,HLC,,36,RDR_FUL_40,RDR,CN,40,FUL,D,,61,1
61,1,O,HLC,,20,RSOB_FUL_40,RSOB,CN,40,FUL,,,61,1
61,1,O,HLC,,15,TSM_FUL_45,TSM,CN,45,FUL,D,Y,61,1
61,1,O,MSK,,263,LOAD_MT_40,LOAD,CN,40,MT,D,,61,1
61,1,O,MSK,,276,DISC_MT_40,DISC,CN,40,MT,D,,61,1
61,1,O,MSK,,59,RDR_FUL_40,RDR,CN,40,FUL,S,,61,1
61,1,O,MSK,,33,RSOB_FUL_40,RSOB,CN,40,FUL,S,,61,1
61,1,O,MSK,,26,TSM_FUL_45,TSM,CN,45,FUL,S,Y,61,1
61,1,O,MSK,,1,MCR_FUL_40,MCR,CN,40,FUL,,,61,1
61,1,O,CMA,,39,LOAD_FUL_20,LOAD,CN,20,FUL,,,61,1
61,1,O,CMA,,41,DISC_FUL_20,DISC,CN,20,FUL,D,,61,1
61,1,O,CMA,,9,RDR_MT_20,RDR,CN,20,MT,D,,61,1
61,1,O,CMA,,5,RSOB_FUL_45,RSOB,CN,45,FUL,,,61,1
61,1,O,CMA,,4,TSM_FUL_45,TSM,CN,45,FUL,,Y,61,1
61,1,O,HMM,,79,LOAD_MT_40,LOAD,CN,40,MT,,Y,61,1
61,1,O,HMM,,83,DISC_MT_45,DISC,CN,45,MT,S,,61,1
61,1,O,HMM,,18,RDR_FUL_40,RDR,CN,40,FUL,D,,61,1
61,1,O,HMM,,10,RSOB_FUL_40,RSOB,CN,40,FUL,D,,61,1
61,1,O,HMM,,7,TSM_MT_40,TSM,CN,40,MT,S,Y,61,1
61,1,V,,,80,TTL_HCV,,HCV,,,,,61,1
61,1,C,,Q01,641,TTL_MOVES,,,,,,,61,1
61,1,C,,Q02,641,TTL_MOVES,,,,,,,61,1
61,1,C,,Q03,641,TTL_MOVES,,,,,,,61,1
62,1,O,WHL,,227,LOAD_FUL_20,LOAD,CN,20,FUL,D,Y,62,1
62,1,O,WHL,,238,DISC_FUL_45,DISC,CN,45,FUL,S,,62,1
62,1,O,WHL,,51,RDR_MT_20,RDR,CN,20,MT,D,,62,1
62,1,O,WHL,,28,RSOB_FUL_40,RSOB,CN,40,FUL,,,62,1
62,1,O,WHL,,23,TSM_FUL_40,TSM,CN,40,FUL,,Y,62,1
62,1,O,EMC,,453,LOAD_FUL_40,LOAD,CN,40,FUL,,,62,1
62,1,O,EMC,,476,DISC_FUL_45,DISC,CN,45,FUL,S,,62,1
62,1,O,EMC,,102,RDR_FUL_45,RDR,CN,45,FUL,D,,62,1
62,1,O,EMC,,57,RSOB_FUL_40,RSOB,CN,40,FUL,D,,62,1
62,1,O,EMC,,45,TSM_FUL_45,TSM,CN,45,FUL,S,Y,62,1
62,1,O,MSC,,815,LOAD_FUL_20,LOAD,CN,20,FUL,S,,62,1
62,1,O,MSC,,856,DISC_FUL_40,DISC,CN,40,FUL,S,,62,1
62,1,O,MSC,,183,RDR_FUL_45,RDR,CN,45,FUL,,,62,1
62,1,O,MSC,,102,RSOB_FUL_45,RSOB,CN,45,FUL,,,62,1
62,1,O,MSC,,82,TSM_FUL_20,TSM,CN,20,FUL,,Y,62,1
62,1,O,YML,,181,LOAD_FUL_45,LOAD,CN,45,FUL,D,,62,1
62,1,O,YML,,190,DISC_FUL_40,DISC,CN,40,FUL,D,,62,1
62,1,O,YML,,41,RDR_FUL_20,RDR,CN,20,FUL,,,62,1
62,1,O,YML,,23,RSOB_FUL_40,RSOB,CN,40,FUL,,,62,1
62,1,O,YML,,18,TSM_FUL_40,TSM,CN,40,FUL,S,Y,62,1
62,1,V,,,132,TTL_HCV,,HCV,,,,,62,1
62,1,C,,Q01,1441,TTL_MOVES,,,,,,,62,1
62,1,C,,Q02,1441,TTL_MOVES,,,,,,,62,1
62,1,C,,Q03,1441,TTL_MOVES,,,,,,,62,1
63,1,O,EMC,,608,LOAD_FUL_20,LOAD,CN,20,FUL,D,,63,1
63,1,O,EMC,,639,DISC_MT_20,DISC,CN,20,MT,S,,63,1
63,1,O,EMC,,137,RDR_FUL_45,RDR,CN,45,FUL,D,,63,1
63,1,O,EMC,,76,RSOB_FUL_40,RSOB,CN,40,FUL,D,,63,1
63,1,O,EMC,,61,TSM_FUL_40,TSM,CN,40,FUL,,Y,63,1
63,1,O,MSC,,1094,LOAD_FUL_20,LOAD,CN,20,FUL,S,,63,1
63,1,O,MSC,,1149,DISC_FUL_20,DISC,CN,20,FUL,,,63,1
63,1,O,MSC,,246,RDR_FUL_45,RDR,CN,45,FUL,,,63,1
63,1,O,MSC,,137,RSOB_FUL_20,RSOB,CN,20,FUL,,,63,1
63,1,O,MSC,,109,TSM_FUL_40,TSM,CN,40,FUL,,Y,63,1
63,1,O,MSC,,1,MCR_FUL_45,MCR,CN,45,FUL,,,63,1
63,1,O,CMA,,182,LOAD_FUL_45,LOAD,CN,45,FUL,S,Y,63,1
63,1,O,CMA,,192,DISC_FUL_20,DISC,CN,20,FUL,D,,63,1
63,1,O,CMA,,41,RDR_FUL_20,RDR,CN,20,FUL,,,63,1
63,1,O,CMA,,23,RSOB_FUL_40,RSOB,CN,40,FUL,,,63,1
63,1,O,CMA,,18,TSM_FUL_20,TSM,CN,20,FUL,D,Y,63,1
63,1,O,WHL,,304,LOAD_FUL_40,LOAD,CN,40,FUL,S,,63,1
63,1,O,WHL,,319,DISC_FUL_40,DISC,CN,40,FUL,D,,63,1
63,1,O,WHL,,68,RDR_MT_40,RDR,CN,40,MT,S,,63,1
63,1,O,WHL,,38,RSOB_FUL_40,RSOB,CN,40,FUL,D,,63,1
63,1,O,WHL,,30,TSM_FUL_45,TSM,CN,45,FUL,S,Y,63,1
63,1,O,WHL,,1,MCR_FUL_20,MCR,CN,20,FUL,S,,63,1
63,1,V,,,66,TTL_HCV,,HCV,,,,,63,1
63,1,C,,Q01,923,TTL_MOVES,,,,,,,63,1
63,1,C,,Q02,923,TTL_MOVES,,,,,,,63,1
63,1,C,,Q03,923,TTL_MOVES,,,,,,,63,1
63,1,C,,Q04,924,TTL_MOVES,,,,,,,63,1
63,1,C,,Q05,923,TTL_MOVES,,,,,,,63,1
63,1,C,,Q06,923,TTL_MOVES,,,,,,,63,1
64,1,O,MSK,,479,LOAD_FUL_20,LOAD,CN,20,FUL,,Y,64,1
64,1,O,MSK,,503,DISC_FUL_40,DISC,CN,40,FUL,S,,64,1
64,1,O,MSK,,108,RDR_FUL_20,RDR,CN,20,FUL,,,64,1
64,1,O,MSK,,60,RSOB_FUL_20,RSOB,CN,20,FUL,D,,64,1
64,1,O,MSK,,47,TSM_FUL_45,TSM,CN,45,FUL,S,Y,64,1
64,1,O,HMM,,144,LOAD_FUL_45,LOAD,CN,45,FUL,,Y,64,1
64,1,O,HMM,,151,DISC_FUL_45,DISC,CN,45,FUL,,,64,1
64,1,O,HMM,,32,RDR_FUL_45,RDR,CN,45,FUL,,,64,1
64,1,O,HMM,,18,RSOB_FUL_20,RSOB,CN,20,FUL,,,64,1
64,1,O,HMM,,14,TSM_MT_20,TSM,CN,20,MT,,Y,64,1
64,1,O,CMA,,72,LOAD_FUL_20,LOAD,CN,20,FUL,,,64,1
64,1,O,CMA,,76,DISC_MT_40,DISC,CN,40,MT,,,64,1
64,1,O,CMA,,16,RDR_FUL_45,RDR,CN,45,FUL,S,,64,1
64,1,O,CMA,,9,RSOB_FUL_45,RSOB,CN,45,FUL,D,,64,1
64,1,O,CMA,,7,TSM_FUL_20,TSM,CN,20,FUL,S,Y,64,1
64,1,O,ONE,,287,LOAD_FUL_45,LOAD,CN,45,FUL,,,64,1
64,1,O,ONE,,302,DISC_FUL_40,DISC,CN,40,FUL,S,,64,1
64,1,O,ONE,,65,RDR_MT_45,RDR,CN,45,MT,S,,64,1
64,1,O,ONE,,36,RSOB_FUL_45,RSOB,CN,45,FUL,,,64,1
64,1,O,ONE,,28,TSM_FUL_20,TSM,CN,20,FUL,,Y,64,1
64,1,O,YML,,96,LOAD_FUL_45,LOAD,CN,45,FUL,D,,64,1
64,1,O,YML,,100,DISC_FUL_20,DISC,CN,20,FUL,S,,64,1
64,1,O,YML,,22,RDR_FUL_40,RDR,CN,40,FUL,D,,64,1
64,1,O,YML,,12,RSOB_FUL_40,RSOB,CN,40,FUL,S,,64,1
64,1,O,YML,,9,TSM_FUL_45,TSM,CN,45,FUL,,Y,64,1
64,1,O,HLC,,287,LOAD_MT_20,LOAD,CN,20,MT,,Y,64,1
64,1,O,HLC,,301,DISC_MT_45,DISC,CN,45,MT,D,Y,64,1
64,1,O,HLC,,65,RDR_FUL_20,RDR,CN,20,FUL,D,,64,1
64,1,O,HLC,,36,RSOB_FUL_45,RSOB,CN,45,FUL,,,64,1
64,1,O,HLC,,28,TSM_FUL_45,TSM,CN,45,FUL,D,Y,64,1
64,1,V,,,88,TTL_HCV,,HCV,,,,,64,1
64,1,C,,Q01,874,TTL_MOVES,,,,,,,64,1
64,1,C,,Q02,875,TTL_MOVES,,,,,,,64,1
64,1,C,,Q03,875,TTL_MOVES,,,,,,,64,1
64,1,C,,Q04,874,TTL_MOVES,,,,,,,64,1
65,1,O,WHL,,132,LOAD_FUL_45,LOAD,CN,45,FUL,D,,65,1
65,1,O,WHL,,139,DISC_FUL_45,DISC,CN,45,FUL,S,,65,1
65,1,O,WHL,,30,RDR_FUL_40,RDR,CN,40,FUL,,,65,1
65,1,O,WHL,,16,RSOB_FUL_40,RSOB,CN,40,FUL,S,,65,1
65,1,O,WHL,,13,TSM_FUL_45,TSM,CN,45,FUL,,Y,65,1
65,1,O,MSK,,528,LOAD_FUL_40,LOAD,CN,40,FUL,S,,65,1
65,1,O,MSK,,554,DISC_FUL_40,DISC,CN,40,FUL,D,,65,1
65,1,O,MSK,,119,RDR_MT_40,RDR,CN,40,MT,D,,65,1
65,1,O,MSK,,66,RSOB_MT_40,RSOB,CN,40,MT,D,,65,1
65,1,O,MSK,,53,TSM_FUL_20,TSM,CN,20,FUL,,Y,65,1
65,1,O,HLC,,317,LOAD_FUL_40,LOAD,CN,40,FUL,D,,65,1
65,1,O,HLC,,333,DISC_FUL_20,DISC,CN,20,FUL,,,65,1
65,1,O,HLC,,71,RDR_FUL_45,RDR,CN,45,FUL,,,65,1
65,1,O,HLC,,40,RSOB_MT_20,RSOB,CN,20,MT,S,,65,1
65,1,O,HLC,,31,TSM_FUL_45,TSM,CN,45,FUL,D,Y,65,1
65,1,O,YML,,105,LOAD_FUL_40,LOAD,CN,40,FUL,D,,65,1
65,1,O,YML,,110,DISC_MT_45,DISC,CN,45,MT,D,,65,1
65,1,O,YML,,24,RDR_MT_45,RDR,CN,45,MT,,,65,1
65,1,O,YML,,13,RSOB_FUL_20,RSOB,CN,20,FUL,S,,65,1
65,1,O,YML,,11,TSM_FUL_40,TSM,CN,40,FUL,S,Y,65,1
65,1,V,,,123,TTL_HCV,,HCV,,,,,65,1
65,1,C,,Q01,1414,TTL_MOVES,,,,,,,65,1
65,1,C,,Q02,1414,TTL_MOVES,,,,,,,65,1
66,1,O,YML,,342,LOAD_FUL_45,LOAD,CN,45,FUL,D,,66,1
66,1,O,YML,,360,DISC_FUL_40,DISC,CN,40,FUL,,Y,66,1
66,1,O,YML,,77,RDR_FUL_45,RDR,CN,45,FUL,S,,66,1
66,1,O,YML,,43,RSOB_FUL_45,RSOB,CN,45,FUL,S,,66,1
66,1,O,YML,,34,TSM_MT_20,TSM,CN,20,MT,S,Y,66,1
66,1,O,ONE,,1027,LOAD_FUL_20,LOAD,CN,20,FUL,S,,66,1
66,1,O,ONE,,1078,DISC_FUL_40,DISC,CN,40,FUL,S,,66,1
66,1,O,ONE,,231,RDR_FUL_45,RDR,CN,45,FUL,,,66,1
66,1,O,ONE,,128,RSOB_MT_45,RSOB,CN,45,MT,,,66,1
66,1,O,ONE,,103,TSM_FUL_20,TSM,CN,20,FUL,S,Y,66,1
66,1,O,HMM,,513,LOAD_FUL_45,LOAD,CN,45,FUL,,,66,1
66,1,O,HMM,,539,DISC_FUL_45,DISC,CN,45,FUL,,,66,1
66,1,O,HMM,,115,RDR_FUL_20,RDR,CN,20,FUL,D,,66,1
66,1,O,HMM,,64,RSOB_MT_20,RSOB,CN,20,MT,S,,66,1
66,1,O,HMM,,51,TSM_MT_20,TSM,CN,20,MT,S,Y,66,1
66,1,O,HMM,,1,MCR_FUL_40,MCR,CN,40,FUL,,,66,1
66,1,V,,,245,TTL_HCV,,HCV,,,,,66,1
66,1,C,,Q01,991,TTL_MOVES,,,,,,,66,1
66,1,C,,Q02,990,TTL_MOVES,,,,,,,66,1
66,1,C,,Q03,990,TTL_MOVES,,,,,,,66,1
66,1,C,,Q04,990,TTL_MOVES,,,,,,,66,1
66,1,C,,Q05,990,TTL_MOVES,,,,,,,66,1
67,1,O,ONE,,213,LOAD_FUL_40,LOAD,CN,40,FUL,S,,67,1
67,1,O,ONE,,224,DISC_MT_45,DISC,CN,45,MT,D,,67,1
67,1,O,ONE,,48,RDR_FUL_40,RDR,CN,40,FUL,D,,67,1
67,1,O,ONE,,27,RSOB_FUL_40,RSOB,CN,40,FUL,,,67,1
67,1,O,ONE,,21,TSM_FUL_40,TSM,CN,40,FUL,D,Y,67,1
67,1,O,EMC,,178,LOAD_FUL_45,LOAD,CN,45,FUL,D,,67,1
67,1,O,EMC,,186,DISC_MT_40,DISC,CN,40,MT,,,67,1
67,1,O,EMC,,40,RDR_FUL_45,RDR,CN,45,FUL,,,67,1
67,1,O,EMC,,22,RSOB_FUL_45,RSOB,CN,45,FUL,,,67,1
67,1,O,EMC,,18,TSM_FUL_40,TSM,CN,40,FUL,,Y,67,1
67,1,O,MSK,,355,LOAD_FUL_45,LOAD,CN,45,FUL,D,,67,1
67,1,O,MSK,,373,DISC_FUL_45,DISC,CN,45,FUL,,,67,1
67,1,O,MSK,,80,RDR_FUL_40,RDR,CN,40,FUL,,,67,1
67,1,O,MSK,,44,RSOB_FUL_45,RSOB,CN,45,FUL,S,,67,1
67,1,O,MSK,,35,TSM_FUL_40,TSM,CN,40,FUL,S,Y,67,1
67,1,O,YML,,71,LOAD_FUL_40,LOAD,CN,40,FUL,,,67,1
67,1,O,YML,,74,DISC_FUL_20,DISC,CN,20,FUL,,,67,1
67,1,O,YML,,16,RDR_MT_45,RDR,CN,45,MT,D,,67,1
67,1,O,YML,,9,RSOB_FUL_20,RSOB,CN,20,FUL,D,,67,1
67,1,O,YML,,7,TSM_FUL_20,TSM,CN,20,FUL,S,Y,67,1
67,1,O,HMM,,106,LOAD_MT_20,LOAD,CN,20,MT,D,,67,1
67,1,O,HMM,,112,DISC_FUL_45,DISC,CN,45,FUL,,,67,1
67,1,O,HMM,,24,RDR_FUL_40,RDR,CN,40,FUL,D,,67,1
67,1,O,HMM,,13,RSOB_MT_20,RSOB,CN,20,MT,D,,67,1
67,1,O,HMM,,11,TSM_FUL_40,TSM,CN,40,FUL,,Y,67,1
67,1,O,HLC,,213,LOAD_MT_20,LOAD,CN,20,MT,D,,67,1
67,1,O,HLC,,223,DISC_FUL_20,DISC,CN,20,FUL,S,,67,1
67,1,O,HLC,,48,RDR_FUL_20,RDR,CN,20,FUL,S,,67,1
67,1,O,HLC,,27,RSOB_FUL_45,RSOB,CN,45,FUL,D,,67,1
67,1,O,HLC,,21,TSM_MT_45,TSM,CN,45,MT,,Y,67,1
67,1,V,,,76,TTL_HCV,,HCV,,,,,67,1
67,1,C,,Q01,729,TTL_MOVES,,,,,,,67,1
67,1,C,,Q02,729,TTL_MOVES,,,,,,,67,1
67,1,C,,Q03,728,TTL_MOVES,,,,,,,67,1
67,1,C,,Q04,729,TTL_MOVES,,,,,,,67,1
68,1,O,MSK,,1152,LOAD_MT_45,LOAD,CN,45,MT,,,68,1
68,1,O,MSK,,1209,DISC_FUL_40,DISC,CN,40,FUL,D,,68,1
68,1,O,MSK,,259,RDR_FUL_20,RDR,CN,20,FUL,S,,68,1
68,1,O,MSK,,144,RSOB_MT_20,RSOB,CN,20,MT,D,,68,1
68,1,O,MSK,,115,TSM_FUL_45,TSM,CN,45,FUL,,Y,68,1
68,1,O,OOL,,576,LOAD_FUL_20,LOAD,CN,20,FUL,,,68,1
68,1,O,OOL,,605,DISC_FUL_40,DISC,CN,40,FUL,D,,68,1
68,1,O,OOL,,130,RDR_FUL_45,RDR,CN,45,FUL,S,,68,1
68,1,O,OOL,,72,RSOB_MT_20,RSOB,CN,20,MT,D,,68,1
68,1,O,OOL,,57,TSM_FUL_20,TSM,CN,20,FUL,S,Y,68,1
68,1,O,HMM,,345,LOAD_FUL_40,LOAD,CN,40,FUL,D,,68,1
68,1,O,HMM,,362,DISC_FUL_40,DISC,CN,40,FUL,,Y,68,1
68,1,O,HMM,,78,RDR_FUL_20,RDR,CN,20,FUL,S,,68,1
68,1,O,HMM,,43,RSOB_FUL_45,RSOB,CN,45,FUL,,,68,1
68,1,O,HMM,,35,TSM_FUL_20,TSM,CN,20,FUL,S,Y,68,1
68,1,O,MSC,,1036,LOAD_MT_45,LOAD,CN,45,MT,D,,68,1
68,1,O,MSC,,1088,DISC_FUL_40,DISC,CN,40,FUL,S,,68,1
68,1,O,MSC,,233,RDR_MT_45,RDR,CN,45,MT,S,,68,1
68,1,O,MSC,,130,RSOB_MT_45,RSOB,CN,45,MT,,,68,1
68,1,O,MSC,,103,TSM_FUL_40,TSM,CN,40,FUL,S,Y,68,1
68,1,V,,,170,TTL_HCV,,HCV,,,,,68,1
68,1,C,,Q01,993,TTL_MOVES,,,,,,,68,1
68,1,C,,Q02,993,TTL_MOVES,,,,,,,68,1
68,1,C,,Q03,992,TTL_MOVES,,,,,,,68,1
68,1,C,,Q04,992,TTL_MOVES,,,,,,,68,1
68,1,C,,Q05,993,TTL_MOVES,,,,,,,68,1
68,1,C,,Q06,993,TTL_MOVES,,,,,,,68,1
68,1,C,,Q07,993,TTL_MOVES,,,,,,,68,1
68,1,C,,Q08,993,TTL_MOVES,,,,,,,68,1
69,1,O,HMM,,298,LOAD_FUL_20,LOAD,CN,20,FUL,,,69,1
69,1,O,HMM,,313,DISC_FUL_45,DISC,CN,45,FUL,D,,69,1
69,1,O,HMM,,67,RDR_MT_40,RDR,CN,40,MT,S,,69,1
69,1,O,HMM,,37,RSOB_MT_45,RSOB,CN,45,MT,S,,69,1
69,1,O,HMM,,30,TSM_FUL_20,TSM,CN,20,FUL,S,Y,69,1
69,1,O,HLC,,596,LOAD_FUL_20,LOAD,CN,20,FUL,S,,69,1
69,1,O,HLC,,625,DISC_FUL_20,DISC,CN,20,FUL,,Y,69,1
69,1,O,HLC,,134,RDR_FUL_40,RDR,CN,40,FUL,S,,69,1
69,1,O,HLC,,74,RSOB_MT_45,RSOB,CN,45,MT,,,69,1
69,1,O,HLC,,60,TSM_FUL_20,TSM,CN,20,FUL,S,Y,69,1
69,1,O,CMA,,149,LOAD_FUL_20,LOAD,CN,20,FUL,D,Y,69,1
69,1,O,CMA,,157,DISC_FUL_45,DISC,CN,45,FUL,,,69,1
69,1,O,CMA,,34,RDR_FUL_40,RDR,CN,40,FUL,S,,69,1
69,1,O,CMA,,19,RSOB_FUL_45,RSOB,CN,45,FUL,D,,69,1
69,1,O,CMA,,14,TSM_FUL_45,TSM,CN,45,FUL,S,Y,69,1
69,1,O,YML,,198,LOAD_FUL_45,LOAD,CN,45,FUL,S,,69,1
69,1,O,YML,,208,DISC_MT_40,DISC,CN,40,MT,D,,69,1
69,1,O,YML,,45,RDR_FUL_20,RDR,CN,20,FUL,D,,69,1
69,1,O,YML,,25,RSOB_FUL_20,RSOB,CN,20,FUL,S,,69,1
69,1,O,YML,,20,TSM_MT_40,TSM,CN,40,MT,S,Y,69,1
69,1,O,OOL,,496,LOAD_FUL_20,LOAD,CN,20,FUL,,,69,1
69,1,O,OOL,,521,DISC_MT_20,DISC,CN,20,MT,D,,69,1
69,1,O,OOL,,112,RDR_FUL_20,RDR,CN,20,FUL,D,,69,1
69,1,O,OOL,,62,RSOB_FUL_45,RSOB,CN,45,FUL,S,,69,1
69,1,O,OOL,,49,TSM_FUL_40,TSM,CN,40,FUL,D,Y,69,1
69,1,O,MSC,,893,LOAD_FUL_45,LOAD,CN,45,FUL,,,69,1
69,1,O,MSC,,938,DISC_FUL_40,DISC,CN,40,FUL,S,,69,1
69,1,O,MSC,,201,RDR_FUL_40,RDR,CN,40,FUL,,,69,1
69,1,O,MSC,,112,RSOB_FUL_40,RSOB,CN,40,FUL,D,,69,1
69,1,O,MSC,,89,TSM_MT_45,TSM,CN,45,MT,D,Y,69,1
69,1,V,,,206,TTL_HCV,,HCV,,,,,69,1
69,1,C,,Q01,753,TTL_MOVES,,,,,,,69,1
69,1,C,,Q02,753,TTL_MOVES,,,,,,,69,1
69,1,C,,Q03,754,TTL_MOVES,,,,,,,69,1
69,1,C,,Q04,753,TTL_MOVES,,,,,,,69,1
69,1,C,,Q05,754,TTL_MOVES,,,,,,,69,1
69,1,C,,Q06,753,TTL_MOVES,,,,,,,69,1
69,1,C,,Q07,754,TTL_MOVES,,,,,,,69,1
69,1,C,,Q08,754,TTL_MOVES,,,,,,,69,1
69,1,C,,Q09,754,TTL_MOVES,,,,,,,69,1
70,1,O,OOL,,770,LOAD_FUL_20,LOAD,CN,20,FUL,D,,70,1
70,1,O,OOL,,808,DISC_FUL_45,DISC,CN,45,FUL,S,,70,1
70,1,O,OOL,,173,RDR_MT_45,RDR,CN,45,MT,,,70,1
70,1,O,OOL,,96,RSOB_FUL_20,RSOB,CN,20,FUL,,,70,1
70,1,O,OOL,,77,TSM_FUL_40,TSM,CN,40,FUL,D,Y,70,1
70,1,O,EMC,,770,LOAD_FUL_45,LOAD,CN,45,FUL,D,,70,1
70,1,O,EMC,,808,DISC_FUL_20,DISC,CN,20,FUL,S,,70,1
70,1,O,EMC,,173,RDR_FUL_20,RDR,CN,20,FUL,,,70,1
70,1,O,EMC,,96,RSOB_FUL_45,RSOB,CN,45,FUL,D,,70,1
70,1,O,EMC,,77,TSM_FUL_45,TSM,CN,45,FUL,S,Y,70,1
70,1,O,HLC,,924,LOAD_FUL_45,LOAD,CN,45,FUL,S,,70,1
70,1,O,HLC,,970,DISC_FUL_40,DISC,CN,40,FUL,,,70,1
70,1,O,HLC,,208,RDR_FUL_40,RDR,CN,40,FUL,,,70,1
70,1,O,HLC,,115,RSOB_MT_45,RSOB,CN,45,MT,S,,70,1
70,1,O,HLC,,92,TSM_FUL_20,TSM,CN,20,FUL,S,Y,70,1
70,1,O,ONE,,924,LOAD_FUL_40,LOAD,CN,40,FUL,,,70,1
70,1,O,ONE,,970,DISC_FUL_40,DISC,CN,40,FUL,,Y,70,1
70,1,O,ONE,,208,RDR_FUL_40,RDR,CN,40,FUL,S,,70,1
70,1,O,ONE,,115,RSOB_FUL_20,RSOB,CN,20,FUL,,,70,1
70,1,O,ONE,,92,TSM_FUL_40,TSM,CN,40,FUL,,Y,70,1
70,1,O,YML,,308,LOAD_MT_45,LOAD,CN,45,MT,D,,70,1
70,1,O,YML,,323,DISC_FUL_20,DISC,CN,20,FUL,,,70,1
70,1,O,YML,,69,RDR_FUL_45,RDR,CN,45,FUL,S,,70,1
70,1,O,YML,,38,RSOB_FUL_45,RSOB,CN,45,FUL,,,70,1
70,1,O,YML,,31,TSM_FUL_40,TSM,CN,40,FUL,,Y,70,1
70,1,V,,,401,TTL_HCV,,HCV,,,,,70,1
70,1,C,,Q01,1070,TTL_MOVES,,,,,,,70,1
70,1,C,,Q02,1071,TTL_MOVES,,,,,,,70,1
70,1,C,,Q03,1071,TTL_MOVES,,,,,,,70,1
70,1,C,,Q04,1070,TTL_MOVES,,,,,,,70,1
70,1,C,,Q05,1070,TTL_MOVES,,,,,,,70,1
70,1,C,,Q06,1071,TTL_MOVES,,,,,,,70,1
70,1,C,,Q07,1071,TTL_MOVES,,,,,,,70,1
70,1,C,,Q08,1071,TTL_MOVES,,,,,,,70,1
70,1,C,,Q09,1071,TTL_MOVES,,,,,,,70,1
71,1,O,MSC,,479,LOAD_FUL_45,LOAD,CN,45,FUL,D,,71,1
71,1,O,MSC,,503,DISC_FUL_45,DISC,CN,45,FUL,,,71,1
71,1,O,MSC,,108,RDR_FUL_20,RDR,CN,20,FUL,,,71,1
71,1,O,MSC,,60,RSOB_FUL_40,RSOB,CN,40,FUL,D,,71,1
71,1,O,MSC,,47,TSM_FUL_40,TSM,CN,40,FUL,,Y,71,1
71,1,O,ONE,,319,LOAD_FUL_20,LOAD,CN,20,FUL,D,,71,1
71,1,O,ONE,,335,DISC_FUL_20,DISC,CN,20,FUL,S,,71,1
71,1,O,ONE,,72,RDR_FUL_45,RDR,CN,45,FUL,,,71,1
71,1,O,ONE,,40,RSOB_FUL_45,RSOB,CN,45,FUL,D,,71,1
71,1,O,ONE,,32,TSM_MT_20,TSM,CN,20,MT,,Y,71,1
71,1,O,OOL,,266,LOAD_FUL_40,LOAD,CN,40,FUL,S,Y,71,1
71,1,O,OOL,,279,DISC_FUL_40,DISC,CN,40,FUL,D,,71,1
71,1,O,OOL,,60,RDR_FUL_20,RDR,CN,20,FUL,,,71,1
71,1,O,OOL,,33,RSOB_FUL_40,RSOB,CN,40,FUL,D,,71,1
71,1,O,OOL,,27,TSM_FUL_40,TSM,CN,40,FUL,D,Y,71,1
71,1,O,EMC,,266,LOAD_FUL_45,LOAD,CN,45,FUL,S,,71,1
71,1,O,EMC,,279,DISC_FUL_45,DISC,CN,45,FUL,S,,71,1
71,1,O,EMC,,60,RDR_FUL_40,RDR,CN,40,FUL,S,,71,1
71,1,O,EMC,,33,RSOB_MT_20,RSOB,CN,20,MT,,,71,1
71,1,O,EMC,,26,TSM_FUL_40,TSM,CN,40,FUL,D,Y,71,1
71,1,V,,,150,TTL_HCV,,HCV,,,,,71,1
71,1,C,,Q01,1158,TTL_MOVES,,,,,,,71,1
71,1,C,,Q02,1158,TTL_MOVES,,,,,,,71,1
71,1,C,,Q03,1158,TTL_MOVES,,,,,,,71,1
72,1,O,CMA,,46,LOAD_FUL_40,LOAD,CN,40,FUL,S,,72,1
72,1,O,CMA,,49,DISC_FUL_45,DISC,CN,45,FUL,D,,72,1
72,1,O,CMA,,10,RDR_FUL_20,RDR,CN,20,FUL,D,,72,1
72,1,O,CMA,,6,RSOB_FUL_20,RSOB,CN,20,FUL,S,,72,1
72,1,O,CMA,,5,TSM_FUL_20,TSM,CN,20,FUL,S,Y,72,1
72,1,O,YML,,62,LOAD_MT_20,LOAD,CN,20,MT,S,,72,1
72,1,O,YML,,65,DISC_MT_20,DISC,CN,20,MT,S,,72,1
72,1,O,YML,,14,RDR_FUL_40,RDR,CN,40,FUL,S,,72,1
72,1,O,YML,,8,RSOB_FUL_45,RSOB,CN,45,FUL,,,72,1
72,1,O,YML,,6,TSM_MT_40,TSM,CN,40,MT,D,Y,72,1
72,1,O,MSC,,278,LOAD_FUL_20,LOAD,CN,20,FUL,,Y,72,1
72,1,O,MSC,,292,DISC_FUL_20,DISC,CN,20,FUL,,,72,1
72,1,O,MSC,,63,RDR_MT_40,RDR,CN,40,MT,D,,72,1
72,1,O,MSC,,35,RSOB_MT_40,RSOB,CN,40,MT,,,72,1
72,1,O,MSC,,27,TSM_FUL_20,TSM,CN,20,FUL,D,Y,72,1
72,1,O,OOL,,154,LOAD_MT_40,LOAD,CN,40,MT,S,,72,1
72,1,O,OOL,,162,DISC_FUL_45,DISC,CN,45,FUL,S,,72,1
72,1,O,OOL,,35,RDR_FUL_40,RDR,CN,40,FUL,S,,72,1
72,1,O,OOL,,19,RSOB_FUL_20,RSOB,CN,20,FUL,,,72,1
72,1,O,OOL,,15,TSM_MT_45,TSM,CN,45,MT,S,Y,72,1
72,1,O,OOL,,1,MCR_FUL_40,MCR,CN,40,FUL,D,,72,1
72,1,O,WHL,,77,LOAD_FUL_20,LOAD,CN,20,FUL,,,72,1
72,1,O,WHL,,81,DISC_FUL_40,DISC,CN,40,FUL,,,72,1
72,1,O,WHL,,17,RDR_FUL_20,RDR,CN,20,FUL,,,72,1
72,1,O,WHL,,10,RSOB_FUL_45,RSOB,CN,45,FUL,S,,72,1
72,1,O,WHL,,8,TSM_FUL_45,TSM,CN,45,FUL,,Y,72,1
72,1,O,ONE,,185,LOAD_FUL_20,LOAD,CN,20,FUL,,,72,1
72,1,O,ONE,,194,DISC_FUL_20,DISC,CN,20,FUL,S,,72,1
72,1,O,ONE,,42,RDR_MT_40,RDR,CN,40,MT,S,,72,1
72,1,O,ONE,,23,RSOB_FUL_45,RSOB,CN,45,FUL,D,,72,1
72,1,O,ONE,,19,TSM_FUL_20,TSM,CN,20,FUL,D,Y,72,1
72,1,V,,,79,TTL_HCV,,HCV,,,,,72,1
72,1,C,,Q01,1043,TTL_MOVES,,,,,,,72,1
72,1,C,,Q02,1044,TTL_MOVES,,,,,,,72,1
73,1,O,YML,,324,LOAD_FUL_20,LOAD,CN,20,FUL,S,,73,1
73,1,O,YML,,341,DISC_FUL_40,DISC,CN,40,FUL,,,73,1
73,1,O,YML,,73,RDR_FUL_20,RDR,CN,20,FUL,S,,73,1
73,1,O,YML,,41,RSOB_FUL_20,RSOB,CN,20,FUL,,,73,1
73,1,O,YML,,32,TSM_FUL_40,TSM,CN,40,FUL,S,Y,73,1
73,1,O,EMC,,811,LOAD_MT_20,LOAD,CN,20,MT,,,73,1
73,1,O,EMC,,851,DISC_FUL_45,DISC,CN,45,FUL,S,,73,1
73,1,O,EMC,,182,RDR_FUL_45,RDR,CN,45,FUL,S,,73,1
73,1,O,EMC,,101,RSOB_FUL_45,RSOB,CN,45,FUL,,,73,1
73,1,O,EMC,,81,TSM_MT_20,TSM,CN,20,MT,D,Y,73,1
73,1,O,EMC,,1,MCR_FUL_20,MCR,CN,20,FUL,S,,73,1
73,1,O,HMM,,486,LOAD_FUL_20,LOAD,CN,20,FUL,,,73,1
73,1,O,HMM,,511,DISC_FUL_40,DISC,CN,40,FUL,D,,73,1
73,1,O,HMM,,109,RDR_FUL_40,RDR,CN,40,FUL,S,,73,1
73,1,O,HMM,,61,RSOB_FUL_40,RSOB,CN,40,FUL,,,73,1
73,1,O,HMM,,49,TSM_FUL_45,TSM,CN,45,FUL,S,Y,73,1
73,1,O,MSC,,1459,LOAD_MT_45,LOAD,CN,45,MT,D,Y,73,1
73,1,O,MSC,,1532,DISC_FUL_20,DISC,CN,20,FUL,,,73,1
73,1,O,MSC,,328,RDR_FUL_45,RDR,CN,45,FUL,,,73,1
73,1,O,MSC,,182,RSOB_FUL_40,RSOB,CN,40,FUL,D,,73,1
73,1,O,MSC,,146,TSM_MT_45,TSM,CN,45,MT,S,Y,73,1
73,1,O,MSC,,1,MCR_FUL_40,MCR,CN,40,FUL,D,,73,1
73,1,O,CMA,,243,LOAD_MT_45,LOAD,CN,45,MT,,,73,1
73,1,O,CMA,,255,DISC_FUL_45,DISC,CN,45,FUL,,,73,1
73,1,O,CMA,,55,RDR_FUL_40,RDR,CN,40,FUL,,,73,1
73,1,O,CMA,,30,RSOB_FUL_40,RSOB,CN,40,FUL,S,,73,1
73,1,O,CMA,,24,TSM_FUL_20,TSM,CN,20,FUL,,Y,73,1
73,1,O,CMA,,1,MCR_FUL_20,MCR,CN,20,FUL,,,73,1
73,1,O,OOL,,810,LOAD_FUL_45,LOAD,CN,45,FUL,D,,73,1
73,1,O,OOL,,851,DISC_FUL_40,DISC,CN,40,FUL,S,,73,1
73,1,O,OOL,,182,RDR_FUL_45,RDR,CN,45,FUL,,,73,1
73,1,O,OOL,,101,RSOB_FUL_45,RSOB,CN,45,FUL,D,,73,1
73,1,O,OOL,,81,TSM_FUL_20,TSM,CN,20,FUL,,Y,73,1
73,1,O,OOL,,1,MCR_FUL_45,MCR,CN,45,FUL,,,73,1
73,1,V,,,115,TTL_HCV,,HCV,,,,,73,1
73,1,C,,Q01,1493,TTL_MOVES,,,,,,,73,1
73,1,C,,Q02,1493,TTL_MOVES,,,,,,,73,1
73,1,C,,Q03,1493,TTL_MOVES,,,,,,,73,1
73,1,C,,Q04,1493,TTL_MOVES,,,,,,,73,1
73,1,C,,Q05,1493,TTL_MOVES,,,,,,,73,1
73,1,C,,Q06,1493,TTL_MOVES,,,,,,,73,1
73,1,C,,Q07,1493,TTL_MOVES,,,,,,,73,1
74,1,O,OOL,,556,LOAD_FUL_20,LOAD,CN,20,FUL,,,74,1
74,1,O,OOL,,583,DISC_FUL_20,DISC,CN,20,FUL,,,74,1
74,1,O,OOL,,125,RDR_MT_20,RDR,CN,20,MT,,,74,1
74,1,O,OOL,,69,RSOB_FUL_40,RSOB,CN,40,FUL,S,,74,1
74,1,O,OOL,,56,TSM_FUL_40,TSM,CN,40,FUL,S,Y,74,1
74,1,O,HLC,,667,LOAD_MT_40,LOAD,CN,40,MT,D,,74,1
74,1,O,HLC,,700,DISC_FUL_45,DISC,CN,45,FUL,S,,74,1
74,1,O,HLC,,150,RDR_FUL_45,RDR,CN,45,FUL,D,,74,1
74,1,O,HLC,,83,RSOB_FUL_45,RSOB,CN,45,FUL,D,,74,1
74,1,O,HLC,,67,TSM_MT_40,TSM,CN,40,MT,,Y,74,1
74,1,O,YML,,222,LOAD_FUL_20,LOAD,CN,20,FUL,D,,74,1
74,1,O,YML,,233,DISC_FUL_45,DISC,CN,45,FUL,,,74,1
74,1,O,YML,,50,RDR_MT_40,RDR,CN,40,MT,,,74,1
74,1,O,YML,,28,RSOB_FUL_40,RSOB,CN,40,FUL,D,,74,1
74,1,O,YML,,22,TSM_FUL_40,TSM,CN,40,FUL,,Y,74,1
74,1,V,,,39,TTL_HCV,,HCV,,,,,74,1
74,1,C,,Q01,913,TTL_MOVES,,,,,,,74,1
74,1,C,,Q02,912,TTL_MOVES,,,,,,,74,1
74,1,C,,Q03,913,TTL_MOVES,,,,,,,74,1
74,1,C,,Q04,912,TTL_MOVES,,,,,,,74,1
75,1,O,YML,,218,LOAD_MT_45,LOAD,CN,45,MT,S,Y,75,1
75,1,O,YML,,229,DISC_FUL_40,DISC,CN,40,FUL,S,,75,1
75,1,O,YML,,49,RDR_FUL_40,RDR,CN,40,FUL,D,,75,1
75,1,O,YML,,27,RSOB_MT_20,RSOB,CN,20,MT,,,75,1
75,1,O,YML,,22,TSM_MT_20,TSM,CN,20,MT,S,Y,75,1
75,1,O,OOL,,545,LOAD_MT_20,LOAD,CN,20,MT,D,,75,1
75,1,O,OOL,,572,DISC_FUL_45,DISC,CN,45,FUL,,,75,1
75,1,O,OOL,,123,RDR_MT_40,RDR,CN,40,MT,,,75,1
75,1,O,OOL,,68,RSOB_FUL_20,RSOB,CN,20,FUL,D,,75,1
75,1,O,OOL,,54,TSM_FUL_20,TSM,CN,20,FUL,D,Y,75,1
75,1,O,HLC,,653,LOAD_FUL_45,LOAD,CN,45,FUL,S,,75,1
75,1,O,HLC,,686,DISC_MT_40,DISC,CN,40,MT,,,75,1
75,1,O,HLC,,147,RDR_FUL_45,RDR,CN,45,FUL,S,,75,1
75,1,O,HLC,,82,RSOB_FUL_20,RSOB,CN,20,FUL,S,,75,1
75,1,O,HLC,,65,TSM_FUL_40,TSM,CN,40,FUL,S,Y,75,1
75,1,V,,,59,TTL_HCV,,HCV,,,,,75,1
75,1,C,,Q01,1200,TTL_MOVES,,,,,,,75,1
75,1,C,,Q02,1199,TTL_MOVES,,,,,,,75,1
75,1,C,,Q03,1200,TTL_MOVES,,,,,,,75,1
76,1,O,HLC,,285,LOAD_FUL_20,LOAD,CN,20,FUL,D,,76,1
76,1,O,HLC,,299,DISC_FUL_45,DISC,CN,45,FUL,,,76,1
76,1,O,HLC,,64,RDR_FUL_40,RDR,CN,40,FUL,D,,76,1
76,1,O,HLC,,36,RSOB_FUL_20,RSOB,CN,20,FUL,D,,76,1
76,1,O,HLC,,29,TSM_FUL_40,TSM,CN,40,FUL,D,Y,76,1
76,1,O,CMA,,71,LOAD_FUL_40,LOAD,CN,40,FUL,D,,76,1
76,1,O,CMA,,75,DISC_FUL_45,DISC,CN,45,FUL,,,76,1
76,1,O,CMA,,16,RDR_FUL_40,RDR,CN,40,FUL,D,,76,1
76,1,O,CMA,,9,RSOB_MT_20,RSOB,CN,20,MT,S,,76,1
76,1,O,CMA,,7,TSM_FUL_40,TSM,CN,40,FUL,S,Y,76,1
76,1,O,EMC,,237,LOAD_FUL_20,LOAD,CN,20,FUL,,,76,1
76,1,O,EMC,,249,DISC_MT_40,DISC,CN,40,MT,S,,76,1
76,1,O,EMC,,53,RDR_MT_20,RDR,CN,20,MT,,,76,1
76,1,O,EMC,,30,RSOB_FUL_20,RSOB,CN,20,FUL,D,,76,1
76,1,O,EMC,,24,TSM_FUL_40,TSM,CN,40,FUL,S,Y,76,1
76,1,O,ONE,,285,LOAD_FUL_45,LOAD,CN,45,FUL,S,,76,1
76,1,O,ONE,,299,DISC_FUL_20,DISC,CN,20,FUL,,,76,1
76,1,O,ONE,,64,RDR_MT_20,RDR,CN,20,MT,,,76,1
76,1,O,ONE,,36,RSOB_FUL_40,RSOB,CN,40,FUL,S,,76,1
76,1,O,ONE,,28,TSM_FUL_20,TSM,CN,20,FUL,D,Y,76,1
76,1,O,MSC,,427,LOAD_FUL_45,LOAD,CN,45,FUL,,,76,1
76,1,O,MSC,,449,DISC_MT_45,DISC,CN,45,MT,,,76,1
76,1,O,MSC,,96,RDR_MT_45,RDR,CN,45,MT,S,,76,1
76,1,O,MSC,,53,RSOB_FUL_40,RSOB,CN,40,FUL,S,,76,1
76,1,O,MSC,,43,TSM_FUL_45,TSM,CN,45,FUL,S,Y,76,1
76,1,V,,,158,TTL_HCV,,HCV,,,,,76,1
76,1,C,,Q01,1141,TTL_MOVES,,,,,,,76,1
76,1,C,,Q02,1141,TTL_MOVES,,,,,,,76,1
76,1,C,,Q03,1140,TTL_MOVES,,,,,,,76,1
77,1,O,EMC,,309,LOAD_MT_40,LOAD,CN,40,MT,,,77,1
77,1,O,EMC,,324,DISC_MT_40,DISC,CN,40,MT,D,,77,1
77,1,O,EMC,,69,RDR_FUL_40,RDR,CN,40,FUL,,,77,1
77,1,O,EMC,,39,RSOB_MT_45,RSOB,CN,45,MT,S,,77,1
77,1,O,EMC,,31,TSM_FUL_20,TSM,CN,20,FUL,S,Y,77,1
77,1,O,MSC,,555,LOAD_MT_45,LOAD,CN,45,MT,,,77,1
77,1,O,MSC,,583,DISC_FUL_40,DISC,CN,40,FUL,S,,77,1
77,1,O,MSC,,125,RDR_MT_45,RDR,CN,45,MT,D,,77,1
77,1,O,MSC,,69,RSOB_FUL_40,RSOB,CN,40,FUL,S,,77,1
77,1,O,MSC,,56,TSM_MT_40,TSM,CN,40,MT,D,Y,77,1
77,1,O,MSK,,617,LOAD_MT_20,LOAD,CN,20,MT,D,,77,1
77,1,O,MSK,,648,DISC_FUL_45,DISC,CN,45,FUL,,,77,1
77,1,O,MSK,,139,RDR_FUL_45,RDR,CN,45,FUL,S,,77,1
77,1,O,MSK,,77,RSOB_FUL_45,RSOB,CN,45,FUL,D,,77,1
77,1,O,MSK,,61,TSM_MT_40,TSM,CN,40,MT,,Y,77,1
77,1,O,ONE,,370,LOAD_FUL_20,LOAD,CN,20,FUL,S,,77,1
77,1,O,ONE,,388,DISC_FUL_20,DISC,CN,20,FUL,S,Y,77,1
77,1,O,ONE,,83,RDR_FUL_20,RDR,CN,20,FUL,D,,77,1
77,1,O,ONE,,46,RSOB_FUL_20,RSOB,CN,20,FUL,D,,77,1
77,1,O,ONE,,37,TSM_FUL_40,TSM,CN,40,FUL,S,Y,77,1
77,1,O,ONE,,1,MCR_FUL_45,MCR,CN,45,FUL,S,,77,1
77,1,V,,,186,TTL_HCV,,HCV,,,,,77,1
77,1,C,,Q01,1604,TTL_MOVES,,,,,,,77,1
77,1,C,,Q02,1604,TTL_MOVES,,,,,,,77,1
77,1,C,,Q03,1605,TTL_MOVES,,,,,,,77,1
78,1,O,WHL,,139,LOAD_FUL_40,LOAD,CN,40,FUL,D,,78,1
78,1,O,WHL,,146,DISC_FUL_45,DISC,CN,45,FUL,,,78,1
78,1,O,WHL,,31,RDR_FUL_45,RDR,CN,45,FUL,D,,78,1
78,1,O,WHL,,17,RSOB_FUL_20,RSOB,CN,20,FUL,S,,78,1
78,1,O,WHL,,14,TSM_FUL_20,TSM,CN,20,FUL,,Y,78,1
78,1,O,WHL,,1,MCR_FUL_20,MCR,CN,20,FUL,D,,78,1
78,1,O,EMC,,278,LOAD_FUL_45,LOAD,CN,45,FUL,D,,78,1
78,1,O,EMC,,292,DISC_FUL_20,DISC,CN,20,FUL,D,,78,1
78,1,O,EMC,,63,RDR_MT_45,RDR,CN,45,MT,,,78,1
78,1,O,EMC,,35,RSOB_FUL_20,RSOB,CN,20,FUL,S,,78,1
78,1,O,EMC,,27,TSM_FUL_40,TSM,CN,40,FUL,S,Y,78,1
78,1,O,CMA,,84,LOAD_FUL_20,LOAD,CN,20,FUL,,,78,1
78,1,O,CMA,,88,DISC_FUL_40,DISC,CN,40,FUL,,,78,1
78,1,O,CMA,,19,RDR_FUL_20,RDR,CN,20,FUL,,,78,1
78,1,O,CMA,,10,RSOB_FUL_45,RSOB,CN,45,FUL,D,,78,1
78,1,O,CMA,,8,TSM_FUL_45,TSM,CN,45,FUL,D,Y,78,1
78,1,O,YML,,111,LOAD_FUL_45,LOAD,CN,45,FUL,S,,78,1
78,1,O,YML,,116,DISC_FUL_40,DISC,CN,40,FUL,,,78,1
78,1,O,YML,,25,RDR_MT_45,RDR,CN,45,MT,S,,78,1
78,1,O,YML,,14,RSOB_FUL_20,RSOB,CN,20,FUL,D,,78,1
78,1,O,YML,,11,TSM_MT_40,TSM,CN,40,MT,,Y,78,1
78,1,O,OOL,,278,LOAD_FUL_20,LOAD,CN,20,FUL,D,,78,1
78,1,O,OOL,,291,DISC_FUL_20,DISC,CN,20,FUL,D,,78,1
78,1,O,OOL,,62,RDR_FUL_45,RDR,CN,45,FUL,D,,78,1
78,1,O,OOL,,35,RSOB_FUL_20,RSOB,CN,20,FUL,S,,78,1
78,1,O,OOL,,28,TSM_FUL_45,TSM,CN,45,FUL,,Y,78,1
78,1,O,MSK,,556,LOAD_MT_20,LOAD,CN,20,MT,,,78,1
78,1,O,MSK,,583,DISC_FUL_45,DISC,CN,45,FUL,D,,78,1
78,1,O,MSK,,125,RDR_FUL_20,RDR,CN,20,FUL,D,,78,1
78,1,O,MSK,,69,RSOB_FUL_20,RSOB,CN,20,FUL,S,,78,1
78,1,O,MSK,,56,TSM_MT_20,TSM,CN,20,MT,S,Y,78,1
78,1,V,,,81,TTL_HCV,,HCV,,,,,78,1
78,1,C,,Q01,1231,TTL_MOVES,,,,,,,78,1
78,1,C,,Q02,1231,TTL_MOVES,,,,,,,78,1
78,1,C,,Q03,1231,TTL_MOVES,,,,,,,78,1
79,1,O,OOL,,270,LOAD_MT_40,LOAD,CN,40,MT,D,,79,1
79,1,O,OOL,,284,DISC_MT_20,DISC,CN,20,MT,,Y,79,1
79,1,O,OOL,,61,RDR_MT_20,RDR,CN,20,MT,,,79,1
79,1,O,OOL,,34,RSOB_FUL_45,RSOB,CN,45,FUL,D,,79,1
79,1,O,OOL,,27,TSM_MT_20,TSM,CN,20,MT,S,Y,79,1
79,1,O,ONE,,324,LOAD_MT_20,LOAD,CN,20,MT,D,,79,1
79,1,O,ONE,,341,DISC_MT_40,DISC,CN,40,MT,,,79,1
79,1,O,ONE,,73,RDR_FUL_45,RDR,CN,45,FUL,D,,79,1
79,1,O,ONE,,41,RSOB_FUL_20,RSOB,CN,20,FUL,D,,79,1
79,1,O,ONE,,32,TSM_FUL_45,TSM,CN,45,FUL,S,Y,79,1
79,1,O,YML,,108,LOAD_FUL_45,LOAD,CN,45,FUL,,,79,1
79,1,O,YML,,113,DISC_FUL_45,DISC,CN,45,FUL,,,79,1
79,1,O,YML,,24,RDR_FUL_40,RDR,CN,40,FUL,D,,79,1
79,1,O,YML,,14,RSOB_FUL_20,RSOB,CN,20,FUL,D,,79,1
79,1,O,YML,,11,TSM_FUL_20,TSM,CN,20,FUL,,Y,79,1
79,1,O,HLC,,324,LOAD_MT_20,LOAD,CN,20,MT,S,,79,1
79,1,O,HLC,,340,DISC_FUL_40,DISC,CN,40,FUL,,,79,1
79,1,O,HLC,,73,RDR_FUL_20,RDR,CN,20,FUL,D,,79,1
79,1,O,HLC,,40,RSOB_FUL_40,RSOB,CN,40,FUL,S,,79,1
79,1,O,HLC,,32,TSM_FUL_45,TSM,CN,45,FUL,,Y,79,1
79,1,O,HLC,,1,MCR_FUL_45,MCR,CN,45,FUL,D,,79,1
79,1,V,,,73,TTL_HCV,,HCV,,,,,79,1
79,1,C,,Q01,880,TTL_MOVES,,,,,,,79,1
79,1,C,,Q02,880,TTL_MOVES,,,,,,,79,1
79,1,C,,Q03,880,TTL_MOVES,,,,,,,79,1
80,1,O,MSC,,472,LOAD_MT_20,LOAD,CN,20,MT,,,80,1
80,1,O,MSC,,495,DISC_FUL_40,DISC,CN,40,FUL,S,,80,1
80,1,O,MSC,,106,RDR_FUL_40,RDR,CN,40,FUL,,,80,1
80,1,O,MSC,,59,RSOB_FUL_40,RSOB,CN,40,FUL,D,,80,1
80,1,O,MSC,,47,TSM_FUL_45,TSM,CN,45,FUL,S,Y,80,1
80,1,O,HLC,,314,LOAD_FUL_40,LOAD,CN,40,FUL,,Y,80,1
80,1,O,HLC,,330,DISC_MT_40,DISC,CN,40,MT,,,80,1
80,1,O,HLC,,71,RDR_FUL_20,RDR,CN,20,FUL,S,,80,1
80,1,O,HLC,,39,RSOB_FUL_40,RSOB,CN,40,FUL,,,80,1
80,1,O,HLC,,31,TSM_FUL_45,TSM,CN,45,FUL,D,Y,80,1
80,1,O,MSK,,524,LOAD_MT_40,LOAD,CN,40,MT,D,,80,1
80,1,O,MSK,,550,DISC_FUL_20,DISC,CN,20,FUL,,,80,1
80,1,O,MSK,,118,RDR_FUL_40,RDR,CN,40,FUL,S,,80,1
80,1,O,MSK,,65,RSOB_FUL_20,RSOB,CN,20,FUL,,,80,1
80,1,O,MSK,,52,TSM_FUL_20,TSM,CN,20,FUL,D,Y,80,1
80,1,V,,,97,TTL_HCV,,HCV,,,,,80,1
80,1,C,,Q01,1124,TTL_MOVES,,,,,,,80,1
80,1,C,,Q02,1123,TTL_MOVES,,,,,,,80,1
80,1,C,,Q03,1123,TTL_MOVES,,,,,,,80,1
81,1,O,WHL,,404,LOAD_FUL_40,LOAD,CN,40,FUL,S,,81,1
81,1,O,WHL,,424,DISC_MT_45,DISC,CN,45,MT,D,,81,1
81,1,O,WHL,,91,RDR_FUL_20,RDR,CN,20,FUL,D,,81,1
81,1,O,WHL,,50,RSOB_FUL_40,RSOB,CN,40,FUL,,,81,1
81,1,O,WHL,,40,TSM_FUL_20,TSM,CN,20,FUL,D,Y,81,1
81,1,O,WHL,,1,MCR_FUL_20,MCR,CN,20,FUL,,,81,1
81,1,O,HLC,,968,LOAD_MT_45,LOAD,CN,45,MT,S,Y,81,1
81,1,O,HLC,,1017,DISC_FUL_45,DISC,CN,45,FUL,,,81,1
81,1,O,HLC,,218,RDR_FUL_40,RDR,CN,40,FUL,D,,81,1
81,1,O,HLC,,121,RSOB_MT_20,RSOB,CN,20,MT,D,,81,1
81,1,O,HLC,,97,TSM_FUL_20,TSM,CN,20,FUL,,Y,81,1
81,1,O,EMC,,807,LOAD_FUL_45,LOAD,CN,45,FUL,S,,81,1
81,1,O,EMC,,848,DISC_FUL_45,DISC,CN,45,FUL,,,81,1
81,1,O,EMC,,182,RDR_FUL_20,RDR,CN,20,FUL,S,,81,1
81,1,O,EMC,,101,RSOB_FUL_45,RSOB,CN,45,FUL,D,,81,1
81,1,O,EMC,,80,TSM_FUL_45,TSM,CN,45,FUL,,Y,81,1
81,1,V,,,265,TTL_HCV,,HCV,,,,,81,1
81,1,C,,Q01,1429,TTL_MOVES,,,,,,,81,1
81,1,C,,Q02,1429,TTL_MOVES,,,,,,,81,1
81,1,C,,Q03,1428,TTL_MOVES,,,,,,,81,1
81,1,C,,Q04,1428,TTL_MOVES,,,,,,,81,1
82,1,O,EMC,,600,LOAD_FUL_20,LOAD,CN,20,FUL,,,82,1
82,1,O,EMC,,630,DISC_FUL_40,DISC,CN,40,FUL,S,,82,1
82,1,O,EMC,,135,RDR_FUL_40,RDR,CN,40,FUL,D,,82,1
82,1,O,EMC,,75,RSOB_FUL_45,RSOB,CN,45,FUL,S,,82,1
82,1,O,EMC,,59,TSM_FUL_40,TSM,CN,40,FUL,D,Y,82,1
82,1,O,ONE,,720,LOAD_MT_40,LOAD,CN,40,MT,,,82,1
82,1,O,ONE,,756,DISC_FUL_40,DISC,CN,40,FUL,D,,82,1
82,1,O,ONE,,162,RDR_FUL_20,RDR,CN,20,FUL,S,,82,1
82,1,O,ONE,,90,RSOB_FUL_20,RSOB,CN,20,FUL,S,,82,1
82,1,O,ONE,,71,TSM_FUL_40,TSM,CN,40,FUL,,Y,82,1
82,1,O,HLC,,720,LOAD_FUL_40,LOAD,CN,40,FUL,S,Y,82,1
82,1,O,HLC,,756,DISC_MT_40,DISC,CN,40,MT,S,,82,1
82,1,O,HLC,,162,RDR_MT_45,RDR,CN,45,MT,D,,82,1
82,1,O,HLC,,90,RSOB_FUL_40,RSOB,CN,40,FUL,,,82,1
82,1,O,HLC,,71,TSM_MT_20,TSM,CN,20,MT,D,Y,82,1
82,1,O,MSC,,1079,LOAD_FUL_20,LOAD,CN,20,FUL,D,,82,1
82,1,O,MSC,,1133,DISC_FUL_45,DISC,CN,45,FUL,S,Y,82,1
82,1,O,MSC,,243,RDR_FUL_40,RDR,CN,40,FUL,,,82,1
82,1,O,MSC,,135,RSOB_MT_20,RSOB,CN,20,MT,D,,82,1
82,1,O,MSC,,108,TSM_FUL_45,TSM,CN,45,FUL,,Y,82,1
82,1,O,OOL,,599,LOAD_FUL_20,LOAD,CN,20,FUL,S,,82,1
82,1,O,OOL,,629,DISC_FUL_20,DISC,CN,20,FUL,,Y,82,1
82,1,O,OOL,,135,RDR_MT_20,RDR,CN,20,MT,S,,82,1
82,1,O,OOL,,75,RSOB_FUL_45,RSOB,CN,45,FUL,S,,82,1
82,1,O,OOL,,60,TSM_FUL_20,TSM,CN,20,FUL,D,Y,82,1
82,1,V,,,462,TTL_HCV,,HCV,,,,,82,1
82,1,C,,Q01,1084,TTL_MOVES,,,,,,,82,1
82,1,C,,Q02,1084,TTL_MOVES,,,,,,,82,1
82,1,C,,Q03,1084,TTL_MOVES,,,,,,,82,1
82,1,C,,Q04,1084,TTL_MOVES,,,,,,,82,1
82,1,C,,Q05,1084,TTL_MOVES,,,,,,,82,1
82,1,C,,Q06,1084,TTL_MOVES,,,,,,,82,1
82,1,C,,Q07,1084,TTL_MOVES,,,,,,,82,1
82,1,C,,Q08,1083,TTL_MOVES,,,,,,,82,1
82,1,C,,Q09,1084,TTL_MOVES,,,,,,,82,1
83,1,O,HLC,,158,LOAD_MT_20,LOAD,CN,20,MT,,,83,1
83,1,O,HLC,,166,DISC_FUL_45,DISC,CN,45,FUL,D,,83,1
83,1,O,HLC,,36,RDR_FUL_45,RDR,CN,45,FUL,D,,83,1
83,1,O,HLC,,20,RSOB_FUL_45,RSOB,CN,45,FUL,D,,83,1
83,1,O,HLC,,15,TSM_FUL_40,TSM,CN,40,FUL,,Y,83,1
83,1,O,YML,,53,LOAD_FUL_40,LOAD,CN,40,FUL,D,Y,83,1
83,1,O,YML,,55,DISC_FUL_45,DISC,CN,45,FUL,S,,83,1
83,1,O,YML,,12,RDR_FUL_45,RDR,CN,45,FUL,,,83,1
83,1,O,YML,,7,RSOB_FUL_45,RSOB,CN,45,FUL,S,,83,1
83,1,O,YML,,5,TSM_MT_45,TSM,CN,45,MT,,Y,83,1
83,1,O,ONE,,158,LOAD_FUL_45,LOAD,CN,45,FUL,D,,83,1
83,1,O,ONE,,165,DISC_FUL_45,DISC,CN,45,FUL,S,,83,1
83,1,O,ONE,,35,RDR_FUL_40,RDR,CN,40,FUL,,,83,1
83,1,O,ONE,,20,RSOB_FUL_40,RSOB,CN,40,FUL,D,,83,1
83,1,O,ONE,,16,TSM_FUL_20,TSM,CN,20,FUL,D,Y,83,1
83,1,O,MSC,,236,LOAD_FUL_40,LOAD,CN,40,FUL,,,83,1
83,1,O,MSC,,248,DISC_FUL_45,DISC,CN,45,FUL,S,,83,1
83,1,O,MSC,,53,RDR_FUL_45,RDR,CN,45,FUL,,,83,1
83,1,O,MSC,,30,RSOB_FUL_45,RSOB,CN,45,FUL,D,,83,1
83,1,O,MSC,,24,TSM_FUL_20,TSM,CN,20,FUL,S,Y,83,1
83,1,O,WHL,,66,LOAD_MT_45,LOAD,CN,45,MT,D,,83,1
83,1,O,WHL,,69,DISC_FUL_45,DISC,CN,45,FUL,D,Y,83,1
83,1,O,WHL,,15,RDR_FUL_20,RDR,CN,20,FUL,,,83,1
83,1,O,WHL,,8,RSOB_FUL_40,RSOB,CN,40,FUL,,,83,1
83,1,O,WHL,,6,TSM_FUL_45,TSM,CN,45,FUL,S,Y,83,1
83,1,O,MSK,,263,LOAD_MT_20,LOAD,CN,20,MT,D,,83,1
83,1,O,MSK,,276,DISC_FUL_20,DISC,CN,20,FUL,D,,83,1
83,1,O,MSK,,59,RDR_FUL_45,RDR,CN,45,FUL,,,83,1
83,1,O,MSK,,33,RSOB_FUL_40,RSOB,CN,40,FUL,D,,83,1
83,1,O,MSK,,26,TSM_MT_20,TSM,CN,20,MT,S,Y,83,1
83,1,V,,,82,TTL_HCV,,HCV,,,,,83,1
83,1,C,,Q01,603,TTL_MOVES,,,,,,,83,1
83,1,C,,Q02,604,TTL_MOVES,,,,,,,83,1
83,1,C,,Q03,604,TTL_MOVES,,,,,,,83,1
83,1,C,,Q04,604,TTL_MOVES,,,,,,,83,1
84,1,O,MSC,,907,LOAD_FUL_45,LOAD,CN,45,FUL,D,,84,1
84,1,O,MSC,,952,DISC_MT_45,DISC,CN,45,MT,D,,84,1
84,1,O,MSC,,204,RDR_MT_45,RDR,CN,45,MT,S,,84,1
84,1,O,MSC,,113,RSOB_FUL_20,RSOB,CN,20,FUL,D,,84,1
84,1,O,MSC,,91,TSM_FUL_45,TSM,CN,45,FUL,,Y,84,1
84,1,O,EMC,,504,LOAD_MT_20,LOAD,CN,20,MT,,Y,84,1
84,1,O,EMC,,529,DISC_FUL_45,DISC,CN,45,FUL,S,,84,1
84,1,O,EMC,,113,RDR_FUL_45,RDR,CN,45,FUL,D,,84,1
84,1,O,EMC,,63,RSOB_FUL_20,RSOB,CN,20,FUL,S,,84,1
84,1,O,EMC,,50,TSM_FUL_20,TSM,CN,20,FUL,D,Y,84,1
84,1,O,EMC,,1,MCR_FUL_45,MCR,CN,45,FUL,D,,84,1
84,1,O,YML,,202,LOAD_MT_40,LOAD,CN,40,MT,,Y,84,1
84,1,O,YML,,212,DISC_MT_45,DISC,CN,45,MT,,,84,1
84,1,O,YML,,45,RDR_FUL_40,RDR,CN,40,FUL,,,84,1
84,1,O,YML,,25,RSOB_FUL_40,RSOB,CN,40,FUL,S,,84,1
84,1,O,YML,,20,TSM_FUL_40,TSM,CN,40,FUL,D,Y,84,1
84,1,O,HMM,,302,LOAD_FUL_20,LOAD,CN,20,FUL,S,Y,84,1
84,1,O,HMM,,317,DISC_FUL_40,DISC,CN,40,FUL,D,Y,84,1
84,1,O,HMM,,68,RDR_FUL_40,RDR,CN,40,FUL,S,,84,1
84,1,O,HMM,,38,RSOB_FUL_45,RSOB,CN,45,FUL,S,,84,1
84,1,O,HMM,,30,TSM_MT_45,TSM,CN,45,MT,,Y,84,1
84,1,O,CMA,,151,LOAD_FUL_20,LOAD,CN,20,FUL,,,84,1
84,1,O,CMA,,158,DISC_FUL_40,DISC,CN,40,FUL,D,,84,1
84,1,O,CMA,,34,RDR_FUL_20,RDR,CN,20,FUL,D,,84,1
84,1,O,CMA,,19,RSOB_FUL_20,RSOB,CN,20,FUL,D,,84,1
84,1,O,CMA,,15,TSM_FUL_20,TSM,CN,20,FUL,S,Y,84,1
84,1,O,OOL,,504,LOAD_FUL_45,LOAD,CN,45,FUL,D,,84,1
84,1,O,OOL,,529,DISC_FUL_45,DISC,CN,45,FUL,,,84,1
84,1,O,OOL,,113,RDR_FUL_45,RDR,CN,45,FUL,,,84,1
84,1,O,OOL,,63,RSOB_MT_40,RSOB,CN,40,MT,D,,84,1
84,1,O,OOL,,50,TSM_FUL_40,TSM,CN,40,FUL,D,Y,84,1
84,1,V,,,258,TTL_HCV,,HCV,,,,,84,1
84,1,C,,Q01,1336,TTL_MOVES,,,,,,,84,1
84,1,C,,Q02,1336,TTL_MOVES,,,,,,,84,1
84,1,C,,Q03,1336,TTL_MOVES,,,,,,,84,1
84,1,C,,Q04,1336,TTL_MOVES,,,,,,,84,1
84,1,C,,Q05,1336,TTL_MOVES,,,,,,,84,1
85,1,O,EMC,,228,LOAD_FUL_20,LOAD,CN,20,FUL,,,85,1
85,1,O,EMC,,239,DISC_FUL_20,DISC,CN,20,FUL,S,Y,85,1
85,1,O,EMC,,51,RDR_FUL_40,RDR,CN,40,FUL,,,85,1
85,1,O,EMC,,28,RSOB_FUL_45,RSOB,CN,45,FUL,S,,85,1
85,1,O,EMC,,23,TSM_FUL_40,TSM,CN,40,FUL,D,Y,85,1
85,1,O,CMA,,68,LOAD_FUL_40,LOAD,CN,40,FUL,D,,85,1
85,1,O,CMA,,72,DISC_FUL_40,DISC,CN,40,FUL,,,85,1
85,1,O,CMA,,15,RDR_FUL_20,RDR,CN,20,FUL,,,85,1
85,1,O,CMA,,9,RSOB_MT_20,RSOB,CN,20,MT,D,,85,1
85,1,O,CMA,,7,TSM_FUL_40,TSM,CN,40,FUL,D,Y,85,1
85,1,O,OOL,,227,LOAD_FUL_40,LOAD,CN,40,FUL,,,85,1
85,1,O,OOL,,239,DISC_MT_20,DISC,CN,20,MT,D,,85,1
85,1,O,OOL,,51,RDR_FUL_40,RDR,CN,40,FUL,D,,85,1
85,1,O,OOL,,28,RSOB_MT_40,RSOB,CN,40,MT,S,,85,1
85,1,O,OOL,,23,TSM_FUL_40,TSM,CN,40,FUL,S,Y,85,1
85,1,O,MSK,,455,LOAD_MT_40,LOAD,CN,40,MT,S,,85,1
85,1,O,MSK,,478,DISC_FUL_20,DISC,CN,20,FUL,S,,85,1
85,1,O,MSK,,102,RDR_FUL_40,RDR,CN,40,FUL,,,85,1
85,1,O,MSK,,57,RSOB_FUL_45,RSOB,CN,45,FUL,D,,85,1
85,1,O,MSK,,45,TSM_FUL_45,TSM,CN,45,FUL,,Y,85,1
85,1,O,HLC,,273,LOAD_MT_45,LOAD,CN,45,MT,,,85,1
85,1,O,HLC,,286,DISC_FUL_40,DISC,CN,40,FUL,S,,85,1
85,1,O,HLC,,61,RDR_FUL_20,RDR,CN,20,FUL,D,,85,1
85,1,O,HLC,,34,RSOB_FUL_40,RSOB,CN,40,FUL,,,85,1
85,1,O,HLC,,27,TSM_MT_20,TSM,CN,20,MT,D,Y,85,1
85,1,O,HLC,,1,MCR_FUL_20,MCR,CN,20,FUL,S,,85,1
85,1,V,,,68,TTL_HCV,,HCV,,,,,85,1
85,1,C,,Q01,1598,TTL_MOVES,,,,,,,85,1
85,1,C,,Q02,1597,TTL_MOVES,,,,,,,85,1
86,1,O,MSC,,1183,LOAD_MT_40,LOAD,CN,40,MT,D,,86,1
86,1,O,MSC,,1242,DISC_FUL_40,DISC,CN,40,FUL,,,86,1
86,1,O,MSC,,266,RDR_FUL_45,RDR,CN,45,FUL,,,86,1
86,1,O,MSC,,148,RSOB_FUL_20,RSOB,CN,20,FUL,D,,86,1
86,1,O,MSC,,118,TSM_FUL_45,TSM,CN,45,FUL,D,Y,86,1
86,1,O,MSC,,1,MCR_FUL_20,MCR,CN,20,FUL,D,,86,1
86,1,O,OOL,,658,LOAD_FUL_20,LOAD,CN,20,FUL,,,86,1
86,1,O,OOL,,690,DISC_FUL_45,DISC,CN,45,FUL,,,86,1
86,1,O,OOL,,148,RDR_FUL_45,RDR,CN,45,FUL,,,86,1
86,1,O,OOL,,82,RSOB_FUL_45,RSOB,CN,45,FUL,D,,86,1
86,1,O,OOL,,66,TSM_FUL_40,TSM,CN,40,FUL,D,Y,86,1
86,1,O,HMM,,394,LOAD_MT_20,LOAD,CN,20,MT,,,86,1
86,1,O,HMM,,414,DISC_FUL_20,DISC,CN,20,FUL,,,86,1
86,1,O,HMM,,89,RDR_FUL_40,RDR,CN,40,FUL,D,,86,1
86,1,O,HMM,,49,RSOB_FUL_20,RSOB,CN,20,FUL,,,86,1
86,1,O,HMM,,39,TSM_FUL_40,TSM,CN,40,FUL,D,Y,86,1
86,1,O,HMM,,1,MCR_FUL_40,MCR,CN,40,FUL,,,86,1
86,1,O,EMC,,657,LOAD_FUL_45,LOAD,CN,45,FUL,D,,86,1
86,1,O,EMC,,690,DISC_FUL_20,DISC,CN,20,FUL,D,,86,1
86,1,O,EMC,,148,RDR_FUL_40,RDR,CN,40,FUL,S,,86,1
86,1,O,EMC,,82,RSOB_FUL_40,RSOB,CN,40,FUL,D,,86,1
86,1,O,EMC,,66,TSM_FUL_20,TSM,CN,20,FUL,S,Y,86,1
86,1,O,ONE,,788,LOAD_FUL_40,LOAD,CN,40,FUL,D,Y,86,1
86,1,O,ONE,,828,DISC_FUL_45,DISC,CN,45,FUL,D,Y,86,1
86,1,O,ONE,,177,RDR_FUL_40,RDR,CN,40,FUL,,,86,1
86,1,O,ONE,,99,RSOB_FUL_40,RSOB,CN,40,FUL,S,,86,1
86,1,O,ONE,,79,TSM_FUL_45,TSM,CN,45,FUL,S,Y,86,1
86,1,V,,,458,TTL_HCV,,HCV,,,,,86,1
86,1,C,,Q01,1610,TTL_MOVES,,,,,,,86,1
86,1,C,,Q02,1610,TTL_MOVES,,,,,,,86,1
86,1,C,,Q03,1610,TTL_MOVES,,,,,,,86,1
86,1,C,,Q04,1610,TTL_MOVES,,,,,,,86,1
86,1,C,,Q05,1610,TTL_MOVES,,,,,,,86,1
86,1,C,,Q06,1610,TTL_MOVES,,,,,,,86,1
87,1,O,MSC,,357,LOAD_MT_40,LOAD,CN,40,MT,D,,87,1
87,1,O,MSC,,375,DISC_FUL_20,DISC,CN,20,FUL,,,87,1
87,1,O,MSC,,80,RDR_FUL_45,RDR,CN,45,FUL,S,,87,1
87,1,O,MSC,,45,RSOB_FUL_40,RSOB,CN,40,FUL,,,87,1
87,1,O,MSC,,35,TSM_FUL_45,TSM,CN,45,FUL,D,Y,87,1
87,1,O,HLC,,238,LOAD_FUL_40,LOAD,CN,40,FUL,D,,87,1
87,1,O,HLC,,250,DISC_FUL_40,DISC,CN,40,FUL,S,Y,87,1
87,1,O,HLC,,54,RDR_FUL_20,RDR,CN,20,FUL,,,87,1
87,1,O,HLC,,30,RSOB_MT_40,RSOB,CN,40,MT,S,,87,1
87,1,O,HLC,,23,TSM_FUL_45,TSM,CN,45,FUL,D,Y,87,1
87,1,O,OOL,,198,LOAD_FUL_20,LOAD,CN,20,FUL,,Y,87,1
87,1,O,OOL,,208,DISC_FUL_40,DISC,CN,40,FUL,S,,87,1
87,1,O,OOL,,45,RDR_MT_40,RDR,CN,40,MT,,,87,1
87,1,O,OOL,,25,RSOB_FUL_45,RSOB,CN,45,FUL,D,,87,1
87,1,O,OOL,,20,TSM_MT_45,TSM,CN,45,MT,S,Y,87,1
87,1,O,ONE,,238,LOAD_FUL_45,LOAD,CN,45,FUL,,,87,1
87,1,O,ONE,,249,DISC_MT_20,DISC,CN,20,MT,,Y,87,1
87,1,O,ONE,,53,RDR_FUL_45,RDR,CN,45,FUL,D,,87,1
87,1,O,ONE,,30,RSOB_MT_40,RSOB,CN,40,MT,,,87,1
87,1,O,ONE,,24,TSM_FUL_45,TSM,CN,45,FUL,S,Y,87,1
87,1,O,EMC,,198,LOAD_MT_20,LOAD,CN,20,MT,S,,87,1
87,1,O,EMC,,208,DISC_FUL_45,DISC,CN,45,FUL,D,Y,87,1
87,1,O,EMC,,45,RDR_FUL_40,RDR,CN,40,FUL,D,,87,1
87,1,O,EMC,,25,RSOB_FUL_45,RSOB,CN,45,FUL,,,87,1
87,1,O,EMC,,19,TSM_MT_20,TSM,CN,20,MT,D,Y,87,1
87,1,O,CMA,,59,LOAD_FUL_45,LOAD,CN,45,FUL,S,,87,1
87,1,O,CMA,,62,DISC_FUL_20,DISC,CN,20,FUL,,Y,87,1
87,1,O,CMA,,13,RDR_FUL_20,RDR,CN,20,FUL,D,,87,1
87,1,O,CMA,,7,RSOB_FUL_40,RSOB,CN,40,FUL,,,87,1
87,1,O,CMA,,6,TSM_MT_20,TSM,CN,20,MT,,Y,87,1
87,1,O,CMA,,1,MCR_FUL_45,MCR,CN,45,FUL,,,87,1
87,1,V,,,38,TTL_HCV,,HCV,,,,,87,1
87,1,C,,Q01,1086,TTL_MOVES,,,,,,,87,1
87,1,C,,Q02,1086,TTL_MOVES,,,,,,,87,1
87,1,C,,Q03,1086,TTL_MOVES,,,,,,,87,1
88,1,O,EMC,,848,LOAD_FUL_20,LOAD,CN,20,FUL,D,,88,1
88,1,O,EMC,,890,DISC_FUL_45,DISC,CN,45,FUL,D,,88,1
88,1,O,EMC,,191,RDR_FUL_40,RDR,CN,40,FUL,S,,88,1
88,1,O,EMC,,106,RSOB_FUL_40,RSOB,CN,40,FUL,,,88,1
88,1,O,EMC,,85,TSM_FUL_20,TSM,CN,20,FUL,D,Y,88,1
88,1,O,WHL,,424,LOAD_FUL_20,LOAD,CN,20,FUL,,,88,1
88,1,O,WHL,,445,DISC_MT_45,DISC,CN,45,MT,D,Y,88,1
88,1,O,WHL,,95,RDR_FUL_40,RDR,CN,40,FUL,D,,88,1
88,1,O,WHL,,53,RSOB_MT_20,RSOB,CN,20,MT,,,88,1
88,1,O,WHL,,42,TSM_FUL_45,TSM,CN,45,FUL,D,Y,88,1
88,1,O,WHL,,1,MCR_FUL_40,MCR,CN,40,FUL,,,88,1
88,1,O,HMM,,509,LOAD_FUL_40,LOAD,CN,40,FUL,D,,88,1
88,1,O,HMM,,534,DISC_FUL_45,DISC,CN,45,FUL,S,,88,1
88,1,O,HMM,,114,RDR_FUL_45,RDR,CN,45,FUL,S,,88,1
88,1,O,HMM,,64,RSOB_MT_45,RSOB,CN,45,MT,D,,88,1
88,1,O,HMM,,51,TSM_FUL_20,TSM,CN,20,FUL,D,Y,88,1
88,1,O,HLC,,1018,LOAD_MT_45,LOAD,CN,45,MT,S,,88,1
88,1,O,HLC,,1068,DISC_FUL_20,DISC,CN,20,FUL,,,88,1
88,1,O,HLC,,229,RDR_FUL_40,RDR,CN,40,FUL,S,,88,1
88,1,O,HLC,,127,RSOB_FUL_20,RSOB,CN,20,FUL,,,88,1
88,1,O,HLC,,102,TSM_FUL_20,TSM,CN,20,FUL,S,Y,88,1
88,1,V,,,275,TTL_HCV,,HCV,,,,,88,1
88,1,C,,Q01,1212,TTL_MOVES,,,,,,,88,1
88,1,C,,Q02,1212,TTL_MOVES,,,,,,,88,1
88,1,C,,Q03,1212,TTL_MOVES,,,,,,,88,1
88,1,C,,Q04,1212,TTL_MOVES,,,,,,,88,1
88,1,C,,Q05,1212,TTL_MOVES,,,,,,,88,1
88,1,C,,Q06,1211,TTL_MOVES,,,,,,,88,1
89,1,O,HMM,,269,LOAD_MT_45,LOAD,CN,45,MT,S,,89,1
89,1,O,HMM,,282,DISC_FUL_45,DISC,CN,45,FUL,,,89,1
89,1,O,HMM,,60,RDR_FUL_20,RDR,CN,20,FUL,,,89,1
89,1,O,HMM,,34,RSOB_MT_45,RSOB,CN,45,MT,S,,89,1
89,1,O,HMM,,27,TSM_FUL_40,TSM,CN,40,FUL,S,Y,89,1
89,1,O,OOL,,448,LOAD_FUL_45,LOAD,CN,45,FUL,S,,89,1
89,1,O,OOL,,470,DISC_FUL_20,DISC,CN,20,FUL,S,,89,1
89,1,O,OOL,,101,RDR_FUL_40,RDR,CN,40,FUL,D,,89,1
89,1,O,OOL,,56,RSOB_FUL_45,RSOB,CN,45,FUL,,,89,1
89,1,O,OOL,,44,TSM_MT_20,TSM,CN,20,MT,S,Y,89,1
89,1,O,ONE,,537,LOAD_MT_40,LOAD,CN,40,MT,D,,89,1
89,1,O,ONE,,564,DISC_FUL_40,DISC,CN,40,FUL,S,,89,1
89,1,O,ONE,,121,RDR_FUL_40,RDR,CN,40,FUL,,,89,1
89,1,O,ONE,,67,RSOB_FUL_45,RSOB,CN,45,FUL,S,,89,1
89,1,O,ONE,,54,TSM_FUL_45,TSM,CN,45,FUL,S,Y,89,1
89,1,O,EMC,,448,LOAD_FUL_45,LOAD,CN,45,FUL,S,,89,1
89,1,O,EMC,,470,DISC_FUL_45,DISC,CN,45,FUL,D,Y,89,1
89,1,O,EMC,,101,RDR_FUL_45,RDR,CN,45,FUL,D,,89,1
89,1,O,EMC,,56,RSOB_FUL_20,RSOB,CN,20,FUL,S,,89,1
89,1,O,EMC,,44,TSM_MT_40,TSM,CN,40,MT,,Y,89,1
89,1,V,,,195,TTL_HCV,,HCV,,,,,89,1
89,1,C,,Q01,889,TTL_MOVES,,,,,,,89,1
89,1,C,,Q02,890,TTL_MOVES,,,,,,,89,1
89,1,C,,Q03,890,TTL_MOVES,,,,,,,89,1
89,1,C,,Q04,890,TTL_MOVES,,,,,,,89,1
89,1,C,,Q05,889,TTL_MOVES,,,,,,,89,1
90,1,O,HLC,,271,LOAD_FUL_40,LOAD,CN,40,FUL,S,Y,90,1
90,1,O,HLC,,284,DISC_MT_40,DISC,CN,40,MT,D,,90,1
90,1,O,HLC,,61,RDR_MT_45,RDR,CN,45,MT,S,,90,1
90,1,O,HLC,,34,RSOB_FUL_45,RSOB,CN,45,FUL,S,,90,1
90,1,O,HLC,,27,TSM_FUL_45,TSM,CN,45,FUL,,Y,90,1
90,1,O,EMC,,225,LOAD_FUL_40,LOAD,CN,40,FUL,,,90,1
90,1,O,EMC,,236,DISC_FUL_20,DISC,CN,20,FUL,,,90,1
90,1,O,EMC,,51,RDR_FUL_20,RDR,CN,20,FUL,S,,90,1
90,1,O,EMC,,28,RSOB_MT_45,RSOB,CN,45,MT,S,,90,1
90,1,O,EMC,,23,TSM_FUL_45,TSM,CN,45,FUL,,Y,90,1
90,1,O,HMM,,135,LOAD_FUL_40,LOAD,CN,40,FUL,,Y,90,1
90,1,O,HMM,,142,DISC_MT_20,DISC,CN,20,MT,,,90,1
90,1,O,HMM,,30,RDR_FUL_20,RDR,CN,20,FUL,D,,90,1
90,1,O,HMM,,17,RSOB_MT_40,RSOB,CN,40,MT,S,,90,1
90,1,O,HMM,,14,TSM_FUL_20,TSM,CN,20,FUL,,Y,90,1
90,1,V,,,66,TTL_HCV,,HCV,,,,,90,1
90,1,C,,Q01,548,TTL_MOVES,,,,,,,90,1
90,1,C,,Q02,548,TTL_MOVES,,,,,,,90,1
90,1,C,,Q03,548,TTL_MOVES,,,,,,,90,1
91,1,O,MSK,,553,LOAD_MT_45,LOAD,CN,45,MT,,,91,1
91,1,O,MSK,,580,DISC_FUL_20,DISC,CN,20,FUL,D,,91,1
91,1,O,MSK,,124,RDR_FUL_20,RDR,CN,20,FUL,,,91,1
91,1,O,MSK,,69,RSOB_FUL_20,RSOB,CN,20,FUL,S,,91,1
91,1,O,MSK,,55,TSM_MT_20,TSM,CN,20,MT,D,Y,91,1
91,1,O,MSK,,1,MCR_FUL_45,MCR,CN,45,FUL,D,,91,1
91,1,O,HMM,,166,LOAD_FUL_20,LOAD,CN,20,FUL,D,,91,1
91,1,O,HMM,,174,DISC_FUL_40,DISC,CN,40,FUL,S,,91,1
91,1,O,HMM,,37,RDR_FUL_20,RDR,CN,20,FUL,S,,91,1
91,1,O,HMM,,21,RSOB_FUL_40,RSOB,CN,40,FUL,S,,91,1
91,1,O,HMM,,17,TSM_FUL_20,TSM,CN,20,FUL,,Y,91,1
91,1,O,OOL,,276,LOAD_FUL_40,LOAD,CN,40,FUL,S,,91,1
91,1,O,OOL,,290,DISC_FUL_45,DISC,CN,45,FUL,D,,91,1
91,1,O,OOL,,62,RDR_FUL_45,RDR,CN,45,FUL,,,91,1
91,1,O,OOL,,34,RSOB_FUL_40,RSOB,CN,40,FUL,D,,91,1
91,1,O,OOL,,28,TSM_MT_20,TSM,CN,20,MT,,Y,91,1
91,1,O,YML,,110,LOAD_FUL_45,LOAD,CN,45,FUL,,,91,1
91,1,O,YML,,116,DISC_FUL_40,DISC,CN,40,FUL,,,91,1
91,1,O,YML,,25,RDR_FUL_45,RDR,CN,45,FUL,D,,91,1
91,1,O,YML,,14,RSOB_FUL_20,RSOB,CN,20,FUL,D,,91,1
91,1,O,YML,,11,TSM_FUL_20,TSM,CN,20,FUL,D,Y,91,1
91,1,O,WHL,,138,LOAD_FUL_45,LOAD,CN,45,FUL,D,,91,1
91,1,O,WHL,,145,DISC_FUL_40,DISC,CN,40,FUL,D,,91,1
91,1,O,WHL,,31,RDR_FUL_20,RDR,CN,20,FUL,S,,91,1
91,1,O,WHL,,17,RSOB_FUL_20,RSOB,CN,20,FUL,,,91,1
91,1,O,WHL,,14,TSM_FUL_45,TSM,CN,45,FUL,D,Y,91,1
91,1,V,,,97,TTL_HCV,,HCV,,,,,91,1
91,1,C,,Q01,801,TTL_MOVES,,,,,,,91,1
91,1,C,,Q02,801,TTL_MOVES,,,,,,,91,1
91,1,C,,Q03,802,TTL_MOVES,,,,,,,91,1
91,1,C,,Q04,801,TTL_MOVES,,,,,,,91,1
92,1,O,HMM,,641,LOAD_FUL_40,LOAD,CN,40,FUL,D,Y,92,1
92,1,O,HMM,,673,DISC_MT_40,DISC,CN,40,MT,D,,92,1
92,1,O,HMM,,144,RDR_FUL_40,RDR,CN,40,FUL,D,,92,1
92,1,O,HMM,,80,RSOB_MT_40,RSOB,CN,40,MT,D,,92,1
92,1,O,HMM,,64,TSM_FUL_45,TSM,CN,45,FUL,S,Y,92,1
92,1,O,HMM,,1,MCR_FUL_40,MCR,CN,40,FUL,,,92,1
92,1,O,YML,,427,LOAD_FUL_45,LOAD,CN,45,FUL,,,92,1
92,1,O,YML,,449,DISC_FUL_45,DISC,CN,45,FUL,D,,92,1
92,1,O,YML,,96,RDR_FUL_20,RDR,CN,20,FUL,D,,92,1
92,1,O,YML,,53,RSOB_MT_45,RSOB,CN,45,MT,,,92,1
92,1,O,YML,,43,TSM_MT_20,TSM,CN,20,MT,S,Y,92,1
92,1,O,ONE,,1282,LOAD_FUL_45,LOAD,CN,45,FUL,S,,92,1
92,1,O,ONE,,1346,DISC_FUL_20,DISC,CN,20,FUL,D,,92,1
92,1,O,ONE,,288,RDR_FUL_45,RDR,CN,45,FUL,S,,92,1
92,1,O,ONE,,160,RSOB_FUL_40,RSOB,CN,40,FUL,,,92,1
92,1,O,ONE,,128,TSM_FUL_40,TSM,CN,40,FUL,,Y,92,1
92,1,V,,,241,TTL_HCV,,HCV,,,,,92,1
92,1,C,,Q01,1224,TTL_MOVES,,,,,,,92,1
92,1,C,,Q02,1223,TTL_MOVES,,,,,,,92,1
92,1,C,,Q03,1223,TTL_MOVES,,,,,,,92,1
92,1,C,,Q04,1223,TTL_MOVES,,,,,,,92,1
92,1,C,,Q05,1223,TTL_MOVES,,,,,,,92,1
93,1,O,HMM,,397,LOAD_MT_45,LOAD,CN,45,MT,S,,93,1
93,1,O,HMM,,417,DISC_MT_20,DISC,CN,20,MT,D,,93,1
93,1,O,HMM,,89,RDR_FUL_40,RDR,CN,40,FUL,D,,93,1
93,1,O,HMM,,50,RSOB_FUL_40,RSOB,CN,40,FUL,S,,93,1
93,1,O,HMM,,39,TSM_FUL_20,TSM,CN,20,FUL,D,Y,93,1
93,1,O,EMC,,660,LOAD_FUL_45,LOAD,CN,45,FUL,,,93,1
93,1,O,EMC,,693,DISC_MT_20,DISC,CN,20,MT,,,93,1
93,1,O,EMC,,149,RDR_FUL_45,RDR,CN,45,FUL,S,,93,1
93,1,O,EMC,,83,RSOB_FUL_45,RSOB,CN,45,FUL,D,,93,1
93,1,O,EMC,,66,TSM_FUL_45,TSM,CN,45,FUL,D,Y,93,1
93,1,O,MSK,,1321,LOAD_FUL_40,LOAD,CN,40,FUL,,,93,1
93,1,O,MSK,,1387,DISC_FUL_20,DISC,CN,20,FUL,D,,93,1
93,1,O,MSK,,297,RDR_FUL_20,RDR,CN,20,FUL,D,,93,1
93,1,O,MSK,,165,RSOB_MT_20,RSOB,CN,20,MT,,,93,1
93,1,O,MSK,,132,TSM_FUL_40,TSM,CN,40,FUL,,Y,93,1
93,1,O,MSK,,1,MCR_FUL_20,MCR,CN,20,FUL,D,,93,1
93,1,V,,,296,TTL_HCV,,HCV,,,,,93,1
93,1,C,,Q01,781,TTL_MOVES,,,,,,,93,1
93,1,C,,Q02,781,TTL_MOVES,,,,,,,93,1
93,1,C,,Q03,780,TTL_MOVES,,,,,,,93,1
93,1,C,,Q04,780,TTL_MOVES,,,,,,,93,1
93,1,C,,Q05,780,TTL_MOVES,,,,,,,93,1
93,1,C,,Q06,780,TTL_MOVES,,,,,,,93,1
93,1,C,,Q07,780,TTL_MOVES,,,,,,,93,1
93,1,C,,Q08,780,TTL_MOVES,,,,,,,93,1
94,1,O,EMC,,368,LOAD_FUL_45,LOAD,CN,45,FUL,D,,94,1
94,1,O,EMC,,386,DISC_FUL_45,DISC,CN,45,FUL,S,,94,1
94,1,O,EMC,,83,RDR_FUL_45,RDR,CN,45,FUL,S,,94,1
94,1,O,EMC,,46,RSOB_FUL_40,RSOB,CN,40,FUL,,,94,1
94,1,O,EMC,,36,TSM_FUL_20,TSM,CN,20,FUL,D,Y,94,1
94,1,O,HLC,,441,LOAD_FUL_45,LOAD,CN,45,FUL,S,,94,1
94,1,O,HLC,,463,DISC_MT_45,DISC,CN,45,MT,D,,94,1
94,1,O,HLC,,99,RDR_FUL_40,RDR,CN,40,FUL,S,,94,1
94,1,O,HLC,,55,RSOB_FUL_40,RSOB,CN,40,FUL,D,,94,1
94,1,O,HLC,,44,TSM_FUL_40,TSM,CN,40,FUL,D,Y,94,1
94,1,O,HLC,,1,MCR_FUL_20,MCR,CN,20,FUL,S,,94,1
94,1,O,YML,,147,LOAD_FUL_45,LOAD,CN,45,FUL,,,94,1
94,1,O,YML,,155,DISC_FUL_45,DISC,CN,45,FUL,D,,94,1
94,1,O,YML,,33,RDR_FUL_20,RDR,CN,20,FUL,S,,94,1
94,1,O,YML,,18,RSOB_FUL_20,RSOB,CN,20,FUL,S,,94,1
94,1,O,YML,,15,TSM_FUL_40,TSM,CN,40,FUL,S,Y,94,1
94,1,O,MSC,,661,LOAD_FUL_45,LOAD,CN,45,FUL,D,,94,1
94,1,O,MSC,,694,DISC_FUL_45,DISC,CN,45,FUL,D,,94,1
94,1,O,MSC,,149,RDR_FUL_45,RDR,CN,45,FUL,D,,94,1
94,1,O,MSC,,83,RSOB_FUL_40,RSOB,CN,40,FUL,,,94,1
94,1,O,MSC,,66,TSM_FUL_20,TSM,CN,20,FUL,,Y,94,1
94,1,O,OOL,,367,LOAD_FUL_45,LOAD,CN,45,FUL,D,,94,1
94,1,O,OOL,,386,DISC_FUL_45,DISC,CN,45,FUL,D,Y,94,1
94,1,O,OOL,,83,RDR_FUL_40,RDR,CN,40,FUL,D,,94,1
94,1,O,OOL,,46,RSOB_FUL_20,RSOB,CN,20,FUL,D,,94,1
94,1,O,OOL,,36,TSM_MT_20,TSM,CN,20,MT,,Y,94,1
94,1,O,WHL,,184,LOAD_MT_45,LOAD,CN,45,MT,D,,94,1
94,1,O,WHL,,193,DISC_FUL_40,DISC,CN,40,FUL,,Y,94,1
94,1,O,WHL,,41,RDR_FUL_45,RDR,CN,45,FUL,,,94,1
94,1,O,WHL,,23,RSOB_MT_20,RSOB,CN,20,MT,,,94,1
94,1,O,WHL,,18,TSM_FUL_45,TSM,CN,45,FUL,,Y,94,1
94,1,V,,,234,TTL_HCV,,HCV,,,,,94,1
94,1,C,,Q01,1414,TTL_MOVES,,,,,,,94,1
94,1,C,,Q02,1413,TTL_MOVES,,,,,,,94,1
94,1,C,,Q03,1413,TTL_MOVES,,,,,,,94,1
94,1,C,,Q04,1414,TTL_MOVES,,,,,,,94,1
95,1,O,CMA,,73,LOAD_FUL_45,LOAD,CN,45,FUL,S,,95,1
95,1,O,CMA,,76,DISC_FUL_45,DISC,CN,45,FUL,,,95,1
95,1,O,CMA,,16,RDR_FUL_40,RDR,CN,40,FUL,S,,95,1
95,1,O,CMA,,9,RSOB_MT_45,RSOB,CN,45,MT,S,,95,1
95,1,O,CMA,,7,TSM_MT_40,TSM,CN,40,MT,,Y,95,1
95,1,O,CMA,,1,MCR_FUL_40,MCR,CN,40,FUL,D,,95,1
95,1,O,EMC,,242,LOAD_MT_45,LOAD,CN,45,MT,,,95,1
95,1,O,EMC,,255,DISC_MT_45,DISC,CN,45,MT,D,,95,1
95,1,O,EMC,,55,RDR_FUL_45,RDR,CN,45,FUL,S,,95,1
95,1,O,EMC,,30,RSOB_MT_45,RSOB,CN,45,MT,,,95,1
95,1,O,EMC,,24,TSM_FUL_45,TSM,CN,45,FUL,S,Y,95,1
95,1,O,MSC,,436,LOAD_FUL_45,LOAD,CN,45,FUL,D,,95,1
95,1,O,MSC,,457,DISC_MT_20,DISC,CN,20,MT,S,,95,1
95,1,O,MSC,,98,RDR_MT_45,RDR,CN,45,MT,S,,95,1
95,1,O,MSC,,54,RSOB_FUL_20,RSOB,CN,20,FUL,S,,95,1
95,1,O,MSC,,44,TSM_FUL_20,TSM,CN,20,FUL,S,Y,95,1
95,1,O,HMM,,145,LOAD_FUL_45,LOAD,CN,45,FUL,,Y,95,1
95,1,O,HMM,,152,DISC_MT_45,DISC,CN,45,MT,D,,95,1
95,1,O,HMM,,33,RDR_FUL_20,RDR,CN,20,FUL,S,,95,1
95,1,O,HMM,,18,RSOB_FUL_40,RSOB,CN,40,FUL,D,,95,1
95,1,O,HMM,,15,TSM_FUL_45,TSM,CN,45,FUL,D,Y,95,1
95,1,O,MSK,,484,LOAD_FUL_45,LOAD,CN,45,FUL,D,,95,1
95,1,O,MSK,,508,DISC_FUL_40,DISC,CN,40,FUL,,,95,1
95,1,O,MSK,,109,RDR_FUL_40,RDR,CN,40,FUL,D,,95,1
95,1,O,MSK,,60,RSOB_FUL_40,RSOB,CN,40,FUL,,,95,1
95,1,O,MSK,,48,TSM_FUL_40,TSM,CN,40,FUL,D,Y,95,1
95,1,O,MSK,,1,MCR_FUL_45,MCR,CN,45,FUL,S,,95,1
95,1,V,,,124,TTL_HCV,,HCV,,,,,95,1
95,1,C,,Q01,1191,TTL_MOVES,,,,,,,95,1
95,1,C,,Q02,1191,TTL_MOVES,,,,,,,95,1
95,1,C,,Q03,1192,TTL_MOVES,,,,,,,95,1
96,1,O,EMC,,358,LOAD_MT_20,LOAD,CN,20,MT,S,,96,1
96,1,O,EMC,,376,DISC_FUL_45,DISC,CN,45,FUL,,Y,96,1
96,1,O,EMC,,81,RDR_FUL_40,RDR,CN,40,FUL,S,,96,1
96,1,O,EMC,,45,RSOB_FUL_45,RSOB,CN,45,FUL,D,,96,1
96,1,O,EMC,,35,TSM_FUL_45,TSM,CN,45,FUL,,Y,96,1
96,1,O,OOL,,358,LOAD_FUL_45,LOAD,CN,45,FUL,S,,96,1
96,1,O,OOL,,376,DISC_FUL_40,DISC,CN,40,FUL,D,Y,96,1
96,1,O,OOL,,81,RDR_MT_45,RDR,CN,45,MT,S,,96,1
96,1,O,OOL,,45,RSOB_MT_45,RSOB,CN,45,MT,S,,96,1
96,1,O,OOL,,35,TSM_FUL_20,TSM,CN,20,FUL,D,Y,96,1
96,1,O,MSC,,644,LOAD_FUL_45,LOAD,CN,45,FUL,D,,96,1
96,1,O,MSC,,676,DISC_FUL_45,DISC,CN,45,FUL,S,,96,1
96,1,O,MSC,,145,RDR_FUL_20,RDR,CN,20,FUL,S,,96,1
96,1,O,MSC,,80,RSOB_FUL_20,RSOB,CN,20,FUL,S,,96,1
96,1,O,MSC,,64,TSM_FUL_20,TSM,CN,20,FUL,S,Y,96,1
96,1,O,CMA,,107,LOAD_FUL_20,LOAD,CN,20,FUL,S,,96,1
96,1,O,CMA,,113,DISC_MT_20,DISC,CN,20,MT,S,,96,1
96,1,O,CMA,,24,RDR_FUL_40,RDR,CN,40,FUL,,,96,1
96,1,O,CMA,,13,RSOB_FUL_45,RSOB,CN,45,FUL,,,96,1
96,1,O,CMA,,11,TSM_FUL_20,TSM,CN,20,FUL,D,Y,96,1
96,1,V,,,116,TTL_HCV,,HCV,,,,,96,1
96,1,C,,Q01,1261,TTL_MOVES,,,,,,,96,1
96,1,C,,Q02,1261,TTL_MOVES,,,,,,,96,1
96,1,C,,Q03,1261,TTL_MOVES,,,,,,,96,1
97,1,O,HLC,,656,LOAD_FUL_20,LOAD,CN,20,FUL,,,97,1
97,1,O,HLC,,688,DISC_FUL_20,DISC,CN,20,FUL,D,,97,1
97,1,O,HLC,,148,RDR_FUL_40,RDR,CN,40,FUL,,,97,1
97,1,O,HLC,,82,RSOB_FUL_40,RSOB,CN,40,FUL,,,97,1
97,1,O,HLC,,65,TSM_MT_20,TSM,CN,20,MT,S,Y,97,1
97,1,O,MSC,,983,LOAD_FUL_45,LOAD,CN,45,FUL,D,,97,1
97,1,O,MSC,,1032,DISC_MT_40,DISC,CN,40,MT,D,,97,1
97,1,O,MSC,,221,RDR_FUL_40,RDR,CN,40,FUL,S,,97,1
97,1,O,MSC,,123,RSOB_FUL_45,RSOB,CN,45,FUL,,,97,1
97,1,O,MSC,,98,TSM_MT_45,TSM,CN,45,MT,,Y,97,1
97,1,O,MSC,,1,MCR_FUL_40,MCR,CN,40,FUL,,,97,1
97,1,O,HMM,,328,LOAD_MT_45,LOAD,CN,45,MT,S,Y,97,1
97,1,O,HMM,,344,DISC_FUL_40,DISC,CN,40,FUL,S,,97,1
97,1,O,HMM,,74,RDR_MT_45,RDR,CN,45,MT,S,,97,1
97,1,O,HMM,,41,RSOB_MT_20,RSOB,CN,20,MT,S,,97,1
97,1,O,HMM,,33,TSM_FUL_20,TSM,CN,20,FUL,,Y,97,1
97,1,O,OOL,,546,LOAD_MT_40,LOAD,CN,40,MT,S,,97,1
97,1,O,OOL,,573,DISC_MT_20,DISC,CN,20,MT,,,97,1
97,1,O,OOL,,123,RDR_MT_45,RDR,CN,45,MT,D,,97,1
97,1,O,OOL,,68,RSOB_FUL_20,RSOB,CN,20,FUL,S,,97,1
97,1,O,OOL,,55,TSM_FUL_45,TSM,CN,45,FUL,D,Y,97,1
97,1,O,WHL,,273,LOAD_FUL_45,LOAD,CN,45,FUL,D,Y,97,1
97,1,O,WHL,,286,DISC_FUL_20,DISC,CN,20,FUL,,,97,1
97,1,O,WHL,,61,RDR_MT_45,RDR,CN,45,MT,S,,97,1
97,1,O,WHL,,34,RSOB_FUL_20,RSOB,CN,20,FUL,S,,97,1
97,1,O,WHL,,27,TSM_FUL_40,TSM,CN,40,FUL,D,Y,97,1
97,1,O,WHL,,1,MCR_FUL_45,MCR,CN,45,FUL,S,,97,1
97,1,O,EMC,,546,LOAD_FUL_45,LOAD,CN,45,FUL,S,,97,1
97,1,O,EMC,,573,DISC_MT_40,DISC,CN,40,MT,S,,97,1
97,1,O,EMC,,123,RDR_FUL_45,RDR,CN,45,FUL,D,,97,1
97,1,O,EMC,,68,RSOB_FUL_40,RSOB,CN,40,FUL,D,,97,1
97,1,O,EMC,,55,TSM_FUL_45,TSM,CN,45,FUL,D,Y,97,1
97,1,V,,,369,TTL_HCV,,HCV,,,,,97,1
97,1,C,,Q01,1450,TTL_MOVES,,,,,,,97,1
97,1,C,,Q02,1450,TTL_MOVES,,,,,,,97,1
97,1,C,,Q03,1450,TTL_MOVES,,,,,,,97,1
97,1,C,,Q04,1449,TTL_MOVES,,,,,,,97,1
97,1,C,,Q05,1450,TTL_MOVES,,,,,,,97,1
97,1,C,,Q06,1449,TTL_MOVES,,,,,,,97,1
98,1,O,ONE,,406,LOAD_FUL_20,LOAD,CN,20,FUL,S,,98,1
98,1,O,ONE,,426,DISC_MT_40,DISC,CN,40,MT,D,,98,1
98,1,O,ONE,,91,RDR_FUL_40,RDR,CN,40,FUL,,,98,1
98,1,O,ONE,,51,RSOB_FUL_40,RSOB,CN,40,FUL,D,,98,1
98,1,O,ONE,,41,TSM_FUL_40,TSM,CN,40,FUL,S,Y,98,1
98,1,O,YML,,135,LOAD_FUL_20,LOAD,CN,20,FUL,S,,98,1
98,1,O,YML,,142,DISC_MT_45,DISC,CN,45,MT,S,,98,1
98,1,O,YML,,30,RDR_FUL_45,RDR,CN,45,FUL,,,98,1
98,1,O,YML,,17,RSOB_FUL_20,RSOB,CN,20,FUL,,,98,1
98,1,O,YML,,14,TSM_FUL_20,TSM,CN,20,FUL,D,Y,98,1
98,1,O,HMM,,203,LOAD_FUL_45,LOAD,CN,45,FUL,D,,98,1
98,1,O,HMM,,213,DISC_FUL_45,DISC,CN,45,FUL,,,98,1
98,1,O,HMM,,46,RDR_FUL_40,RDR,CN,40,FUL,D,,98,1
98,1,O,HMM,,25,RSOB_FUL_40,RSOB,CN,40,FUL,D,,98,1
98,1,O,HMM,,20,TSM_MT_40,TSM,CN,40,MT,,Y,98,1
98,1,O,HLC,,406,LOAD_FUL_40,LOAD,CN,40,FUL,,,98,1
98,1,O,HLC,,426,DISC_FUL_40,DISC,CN,40,FUL,S,,98,1
98,1,O,HLC,,91,RDR_FUL_20,RDR,CN,20,FUL,S,,98,1
98,1,O,HLC,,51,RSOB_FUL_20,RSOB,CN,20,FUL,S,,98,1
98,1,O,HLC,,40,TSM_FUL_20,TSM,CN,20,FUL,,Y,98,1
98,1,V,,,86,TTL_HCV,,HCV,,,,,98,1
98,1,C,,Q01,987,TTL_MOVES,,,,,,,98,1
98,1,C,,Q02,986,TTL_MOVES,,,,,,,98,1
98,1,C,,Q03,987,TTL_MOVES,,,,,,,98,1
99,1,O,HMM,,205,LOAD_FUL_45,LOAD,CN,45,FUL,D,,99,1
99,1,O,HMM,,215,DISC_FUL_40,DISC,CN,40,FUL,S,,99,1
99,1,O,HMM,,46,RDR_FUL_40,RDR,CN,40,FUL,S,,99,1
99,1,O,HMM,,26,RSOB_FUL_20,RSOB,CN,20,FUL,D,,99,1
99,1,O,HMM,,20,TSM_FUL_40,TSM,CN,40,FUL,,Y,99,1
99,1,O,MSK,,682,LOAD_FUL_40,LOAD,CN,40,FUL,S,,99,1
99,1,O,MSK,,717,DISC_FUL_45,DISC,CN,45,FUL,,,99,1
99,1,O,MSK,,154,RDR_MT_45,RDR,CN,45,MT,,,99,1
99,1,O,MSK,,85,RSOB_FUL_20,RSOB,CN,20,FUL,,,99,1
99,1,O,MSK,,68,TSM_MT_40,TSM,CN,40,MT,S,Y,99,1
99,1,O,WHL,,171,LOAD_FUL_45,LOAD,CN,45,FUL,D,,99,1
99,1,O,WHL,,179,DISC_FUL_40,DISC,CN,40,FUL,S,Y,99,1
99,1,O,WHL,,38,RDR_FUL_40,RDR,CN,40,FUL,D,,99,1
99,1,O,WHL,,21,RSOB_FUL_20,RSOB,CN,20,FUL,D,,99,1
99,1,O,WHL,,17,TSM_MT_20,TSM,CN,20,MT,,Y,99,1
99,1,O,WHL,,1,MCR_FUL_20,MCR,CN,20,FUL,S,,99,1
99,1,O,HLC,,409,LOAD_FUL_45,LOAD,CN,45,FUL,,,99,1
99,1,O,HLC,,430,DISC_FUL_20,DISC,CN,20,FUL,D,,99,1
99,1,O,HLC,,92,RDR_FUL_20,RDR,CN,20,FUL,,,99,1
99,1,O,HLC,,51,RSOB_MT_20,RSOB,CN,20,MT,,,99,1
99,1,O,HLC,,41,TSM_FUL_40,TSM,CN,40,FUL,,Y,99,1
99,1,O,MSC,,614,LOAD_FUL_45,LOAD,CN,45,FUL,S,,99,1
99,1,O,MSC,,645,DISC_FUL_40,DISC,CN,40,FUL,,,99,1
99,1,O,MSC,,138,RDR_FUL_20,RDR,CN,20,FUL,,,99,1
99,1,O,MSC,,77,RSOB_FUL_45,RSOB,CN,45,FUL,D,,99,1
99,1,O,MSC,,61,TSM_FUL_40,TSM,CN,40,FUL,S,Y,99,1
99,1,V,,,55,TTL_HCV,,HCV,,,,,99,1
99,1,C,,Q01,1052,TTL_MOVES,,,,,,,99,1
99,1,C,,Q02,1052,TTL_MOVES,,,,,,,99,1
99,1,C,,Q03,1051,TTL_MOVES,,,,,,,99,1
99,1,C,,Q04,1051,TTL_MOVES,,,,,,,99,1
99,1,C,,Q05,1052,TTL_MOVES,,,,,,,99,1
100,1,O,HLC,,179,LOAD_MT_40,LOAD,CN,40,MT,S,Y,100,1
100,1,O,HLC,,188,DISC_FUL_45,DISC,CN,45,FUL,D,,100,1
100,1,O,HLC,,40,RDR_MT_45,RDR,CN,45,MT,D,,100,1
100,1,O,HLC,,22,RSOB_FUL_20,RSOB,CN,20,FUL,D,,100,1
100,1,O,HLC,,18,TSM_FUL_45,TSM,CN,45,FUL,,Y,100,1
100,1,O,HLC,,1,MCR_FUL_40,MCR,CN,40,FUL,D,,100,1
100,1,O,OOL,,149,LOAD_FUL_45,LOAD,CN,45,FUL,D,,100,1
100,1,O,OOL,,157,DISC_MT_40,DISC,CN,40,MT,D,,100,1
100,1,O,OOL,,34,RDR_FUL_20,RDR,CN,20,FUL,D,,100,1
100,1,O,OOL,,19,RSOB_FUL_40,RSOB,CN,40,FUL,D,,100,1
100,1,O,OOL,,14,TSM_MT_45,TSM,CN,45,MT,D,Y,100,1
100,1,O,MSK,,298,LOAD_FUL_20,LOAD,CN,20,FUL,D,Y,100,1
100,1,O,MSK,,313,DISC_FUL_20,DISC,CN,20,FUL,S,Y,100,1
100,1,O,MSK,,67,RDR_MT_40,RDR,CN,40,MT,D,,100,1
100,1,O,MSK,,37,RSOB_FUL_40,RSOB,CN,40,FUL,D,,100,1
100,1,O,MSK,,30,TSM_FUL_20,TSM,CN,20,FUL,D,Y,100,1
100,1,O,MSK,,1,MCR_FUL_45,MCR,CN,45,FUL,,,100,1
100,1,O,WHL,,74,LOAD_FUL_40,LOAD,CN,40,FUL,S,Y,100,1
100,1,O,WHL,,78,DISC_FUL_45,DISC,CN,45,FUL,D,,100,1
100,1,O,WHL,,17,RDR_FUL_20,RDR,CN,20,FUL,S,,100,1
100,1,O,WHL,,9,RSOB_FUL_45,RSOB,CN,45,FUL,S,,100,1
100,1,O,WHL,,7,TSM_FUL_20,TSM,CN,20,FUL,S,Y,100,1
100,1,O,WHL,,1,MCR_FUL_40,MCR,CN,40,FUL,S,,100,1
100,1,O,MSC,,268,LOAD_MT_40,LOAD,CN,40,MT,S,,100,1
100,1,O,MSC,,282,DISC_MT_20,DISC,CN,20,MT,,,100,1
100,1,O,MSC,,60,RDR_FUL_40,RDR,CN,40,FUL,S,,100,1
100,1,O,MSC,,34,RSOB_MT_40,RSOB,CN,40,MT,,,100,1
100,1,O,MSC,,27,TSM_MT_45,TSM,CN,45,MT,D,Y,100,1
100,1,O,HMM,,89,LOAD_FUL_45,LOAD,CN,45,FUL,,,100,1
100,1,O,HMM,,94,DISC_FUL_45,DISC,CN,45,FUL,S,,100,1
100,1,O,HMM,,20,RDR_FUL_20,RDR,CN,20,FUL,,,100,1
100,1,O,HMM,,11,RSOB_FUL_45,RSOB,CN,45,FUL,,,100,1
100,1,O,HMM,,9,TSM_FUL_45,TSM,CN,45,FUL,S,Y,100,1
100,1,V,,,59,TTL_HCV,,HCV,,,,,100,1
100,1,C,,Q01,676,TTL_MOVES,,,,,,,100,1
100,1,C,,Q02,676,TTL_MOVES,,,,,,,100,1
100,1,C,,Q03,677,TTL_MOVES,,,,,,,100,1
100,1,C,,Q04,677,TTL_MOVES,,,,,,,100,1
101,1,O,HLC,,1694,LOAD_MT_45,LOAD,CN,45,MT,,,101,1
101,1,O,HLC,,1778,DISC_FUL_45,DISC,CN,45,FUL,,,101,1
101,1,O,HLC,,381,RDR_FUL_40,RDR,CN,40,FUL,D,,101,1
101,1,O,HLC,,212,RSOB_MT_40,RSOB,CN,40,MT,,,101,1
101,1,O,HLC,,169,TSM_FUL_45,TSM,CN,45,FUL,S,Y,101,1
101,1,O,CMA,,423,LOAD_MT_45,LOAD,CN,45,MT,,,101,1
101,1,O,CMA,,444,DISC_FUL_20,DISC,CN,20,FUL,,,101,1
101,1,O,CMA,,95,RDR_FUL_40,RDR,CN,40,FUL,,,101,1
101,1,O,CMA,,53,RSOB_FUL_40,RSOB,CN,40,FUL,,,101,1
101,1,O,CMA,,42,TSM_FUL_45,TSM,CN,45,FUL,S,Y,101,1
101,1,O,CMA,,1,MCR_FUL_40,MCR,CN,40,FUL,D,,101,1
101,1,O,WHL,,706,LOAD_FUL_20,LOAD,CN,20,FUL,D,,101,1
101,1,O,WHL,,741,DISC_FUL_20,DISC,CN,20,FUL,D,,101,1
101,1,O,WHL,,159,RDR_FUL_20,RDR,CN,20,FUL,,,101,1
101,1,O,WHL,,88,RSOB_FUL_20,RSOB,CN,20,FUL,,,101,1
101,1,O,WHL,,70,TSM_FUL_20,TSM,CN,20,FUL,,Y,101,1
101,1,O,EMC,,1411,LOAD_FUL_45,LOAD,CN,45,FUL,,,101,1
101,1,O,EMC,,1482,DISC_FUL_45,DISC,CN,45,FUL,S,,101,1
101,1,O,EMC,,318,RDR_MT_20,RDR,CN,20,MT,S,,101,1
101,1,O,EMC,,176,RSOB_FUL_20,RSOB,CN,20,FUL,D,,101,1
101,1,O,EMC,,141,TSM_FUL_40,TSM,CN,40,FUL,S,Y,101,1
101,1,V,,,345,TTL_HCV,,HCV,,,,,101,1
101,1,C,,Q01,2186,TTL_MOVES,,,,,,,101,1
101,1,C,,Q02,2185,TTL_MOVES,,,,,,,101,1
101,1,C,,Q03,2186,TTL_MOVES,,,,,,,101,1
101,1,C,,Q04,2186,TTL_MOVES,,,,,,,101,1
101,1,C,,Q05,2186,TTL_MOVES,,,,,,,101,1
102,1,O,MSC,,467,LOAD_FUL_45,LOAD,CN,45,FUL,D,,102,1
102,1,O,MSC,,490,DISC_MT_40,DISC,CN,40,MT,D,,102,1
102,1,O,MSC,,105,RDR_FUL_20,RDR,CN,20,FUL,,,102,1
102,1,O,MSC,,58,RSOB_FUL_20,RSOB,CN,20,FUL,S,,102,1
102,1,O,MSC,,47,TSM_FUL_45,TSM,CN,45,FUL,S,Y,102,1
102,1,O,HMM,,156,LOAD_FUL_40,LOAD,CN,40,FUL,D,,102,1
102,1,O,HMM,,163,DISC_FUL_40,DISC,CN,40,FUL,S,,102,1
102,1,O,HMM,,35,RDR_MT_20,RDR,CN,20,MT,,,102,1
102,1,O,HMM,,19,RSOB_FUL_40,RSOB,CN,40,FUL,D,,102,1
102,1,O,HMM,,16,TSM_FUL_45,TSM,CN,45,FUL,,Y,102,1
102,1,O,YML,,104,LOAD_MT_40,LOAD,CN,40,MT,D,,102,1
102,1,O,YML,,109,DISC_FUL_40,DISC,CN,40,FUL,D,,102,1
102,1,O,YML,,23,RDR_FUL_40,RDR,CN,40,FUL,D,,102,1
102,1,O,YML,,13,RSOB_MT_20,RSOB,CN,20,MT,D,,102,1
102,1,O,YML,,10,TSM_FUL_40,TSM,CN,40,FUL,D,Y,102,1
102,1,O,YML,,1,MCR_FUL_45,MCR,CN,45,FUL,S,,102,1
102,1,O,CMA,,78,LOAD_FUL_40,LOAD,CN,40,FUL,S,,102,1
102,1,O,CMA,,81,DISC_MT_40,DISC,CN,40,MT,D,,102,1
102,1,O,CMA,,17,RDR_FUL_20,RDR,CN,20,FUL,S,,102,1
102,1,O,CMA,,10,RSOB_FUL_40,RSOB,CN,40,FUL,S,,102,1
102,1,O,CMA,,8,TSM_FUL_45,TSM,CN,45,FUL,D,Y,102,1
102,1,O,MSK,,518,LOAD_FUL_40,LOAD,CN,40,FUL,,,102,1
102,1,O,MSK,,544,DISC_FUL_45,DISC,CN,45,FUL,S,,102,1
102,1,O,MSK,,117,RDR_FUL_40,RDR,CN,40,FUL,,,102,1
102,1,O,MSK,,65,RSOB_FUL_20,RSOB,CN,20,FUL,D,,102,1
102,1,O,MSK,,51,TSM_MT_45,TSM,CN,45,MT,S,Y,102,1
102,1,O,WHL,,129,LOAD_FUL_20,LOAD,CN,20,FUL,S,,102,1
102,1,O,WHL,,136,DISC_FUL_45,DISC,CN,45,FUL,,,102,1
102,1,O,WHL,,29,RDR_FUL_20,RDR,CN,20,FUL,S,,102,1
102,1,O,WHL,,16,RSOB_FUL_40,RSOB,CN,40,FUL,,,102,1
102,1,O,WHL,,13,TSM_FUL_45,TSM,CN,45,FUL,S,Y,102,1
102,1,V,,,172,TTL_HCV,,HCV,,,,,102,1
102,1,C,,Q01,950,TTL_MOVES,,,,,,,102,1
102,1,C,,Q02,950,TTL_MOVES,,,,,,,102,1
102,1,C,,Q03,950,TTL_MOVES,,,,,,,102,1
102,1,C,,Q04,950,TTL_MOVES,,,,,,,102,1
103,1,O,HLC,,287,LOAD_MT_40,LOAD,CN,40,MT,,,103,1
103,1,O,HLC,,302,DISC_FUL_45,DISC,CN,45,FUL,,,103,1
103,1,O,HLC,,65,RDR_FUL_20,RDR,CN,20,FUL,S,,103,1
103,1,O,HLC,,36,RSOB_FUL_40,RSOB,CN,40,FUL,S,,103,1
103,1,O,HLC,,28,TSM_FUL_45,TSM,CN,45,FUL,S,Y,103,1
103,1,O,MSK,,479,LOAD_FUL_45,LOAD,CN,45,FUL,,,103,1
103,1,O,MSK,,503,DISC_FUL_40,DISC,CN,40,FUL,,,103,1
103,1,O,MSK,,108,RDR_FUL_40,RDR,CN,40,FUL,,,103,1
103,1,O,MSK,,60,RSOB_FUL_20,RSOB,CN,20,FUL,D,,103,1
103,1,O,MSK,,47,TSM_FUL_40,TSM,CN,40,FUL,S,Y,103,1
103,1,O,WHL,,120,LOAD_FUL_45,LOAD,CN,45,FUL,D,,103,1
103,1,O,WHL,,126,DISC_FUL_20,DISC,CN,20,FUL,D,,103,1
103,1,O,WHL,,27,RDR_FUL_40,RDR,CN,40,FUL,D,,103,1
103,1,O,WHL,,15,RSOB_MT_20,RSOB,CN,20,MT,,,103,1
103,1,O,WHL,,11,TSM_FUL_40,TSM,CN,40,FUL,D,Y,103,1
103,1,O,HMM,,143,LOAD_FUL_40,LOAD,CN,40,FUL,,,103,1
103,1,O,HMM,,150,DISC_FUL_45,DISC,CN,45,FUL,,,103,1
103,1,O,HMM,,32,RDR_MT_40,RDR,CN,40,MT,,,103,1
103,1,O,HMM,,18,RSOB_FUL_40,RSOB,CN,40,FUL,,,103,1
103,1,O,HMM,,14,TSM_FUL_45,TSM,CN,45,FUL,S,Y,103,1
103,1,O,HMM,,1,MCR_FUL_40,MCR,CN,40,FUL,,,103,1
103,1,O,MSC,,430,LOAD_FUL_40,LOAD,CN,40,FUL,D,,103,1
103,1,O,MSC,,452,DISC_FUL_40,DISC,CN,40,FUL,,,103,1
103,1,O,MSC,,97,RDR_FUL_40,RDR,CN,40,FUL,D,,103,1
103,1,O,MSC,,54,RSOB_FUL_45,RSOB,CN,45,FUL,S,,103,1
103,1,O,MSC,,43,TSM_FUL_45,TSM,CN,45,FUL,S,Y,103,1
103,1,V,,,152,TTL_HCV,,HCV,,,,,103,1
103,1,C,,Q01,950,TTL_MOVES,,,,,,,103,1
103,1,C,,Q02,950,TTL_MOVES,,,,,,,103,1
103,1,C,,Q03,950,TTL_MOVES,,,,,,,103,1
103,1,C,,Q04,950,TTL_MOVES,,,,,,,103,1
104,1,O,CMA,,62,LOAD_FUL_40,LOAD,CN,40,FUL,D,,104,1
104,1,O,CMA,,65,DISC_FUL_45,DISC,CN,45,FUL,S,,104,1
104,1,O,CMA,,14,RDR_MT_45,RDR,CN,45,MT,D,,104,1
104,1,O,CMA,,8,RSOB_FUL_40,RSOB,CN,40,FUL,,,104,1
104,1,O,CMA,,6,TSM_FUL_45,TSM,CN,45,FUL,D,Y,104,1
104,1,O,EMC,,207,LOAD_FUL_45,LOAD,CN,45,FUL,D,,104,1
104,1,O,EMC,,217,DISC_FUL_45,DISC,CN,45,FUL,,,104,1
104,1,O,EMC,,47,RDR_FUL_20,RDR,CN,20,FUL,,,104,1
104,1,O,EMC,,26,RSOB_FUL_20,RSOB,CN,20,FUL,D,,104,1
104,1,O,EMC,,20,TSM_MT_40,TSM,CN,40,MT,S,Y,104,1
104,1,O,MSC,,372,LOAD_FUL_40,LOAD,CN,40,FUL,,Y,104,1
104,1,O,MSC,,390,DISC_FUL_45,DISC,CN,45,FUL,S,,104,1
104,1,O,MSC,,84,RDR_FUL_40,RDR,CN,40,FUL,,,104,1
104,1,O,MSC,,46,RSOB_FUL_40,RSOB,CN,40,FUL,D,,104,1
104,1,O,MSC,,37,TSM_FUL_20,TSM,CN,20,FUL,S,Y,104,1
104,1,O,MSK,,413,LOAD_FUL_40,LOAD,CN,40,FUL,S,,104,1
104,1,O,MSK,,433,DISC_FUL_45,DISC,CN,45,FUL,,,104,1
104,1,O,MSK,,93,RDR_MT_20,RDR,CN,20,MT,S,,104,1
104,1,O,MSK,,52,RSOB_FUL_40,RSOB,CN,40,FUL,,,104,1
104,1,O,MSK,,41,TSM_MT_40,TSM,CN,40,MT,S,Y,104,1
104,1,V,,,107,TTL_HCV,,HCV,,,,,104,1
104,1,C,,Q01,913,TTL_MOVES,,,,,,,104,1
104,1,C,,Q02,913,TTL_MOVES,,,,,,,104,1
104,1,C,,Q03,914,TTL_MOVES,,,,,,,104,1
105,1,O,OOL,,412,LOAD_FUL_40,LOAD,CN,40,FUL,,,105,1
105,1,O,OOL,,433,DISC_FUL_20,DISC,CN,20,FUL,S,,105,1
105,1,O,OOL,,93,RDR_FUL_40,RDR,CN,40,FUL,,,105,1
105,1,O,OOL,,52,RSOB_MT_40,RSOB,CN,40,MT,S,,105,1
105,1,O,OOL,,40,TSM_FUL_40,TSM,CN,40,FUL,S,Y,105,1
105,1,O,HLC,,494,LOAD_FUL_20,LOAD,CN,20,FUL,S,,105,1
105,1,O,HLC,,519,DISC_MT_45,DISC,CN,45,MT,S,,105,1
105,1,O,HLC,,111,RDR_FUL_20,RDR,CN,20,FUL,D,,105,1
105,1,O,HLC,,62,RSOB_FUL_20,RSOB,CN,20,FUL,S,,105,1
105,1,O,HLC,,49,TSM_FUL_40,TSM,CN,40,FUL,S,Y,105,1
105,1,O,HLC,,1,MCR_FUL_20,MCR,CN,20,FUL,S,,105,1
105,1,O,ONE,,494,LOAD_FUL_40,LOAD,CN,40,FUL,,,105,1
105,1,O,ONE,,519,DISC_MT_20,DISC,CN,20,MT,D,Y,105,1
105,1,O,ONE,,111,RDR_FUL_20,RDR,CN,20,FUL,S,,105,1
105,1,O,ONE,,62,RSOB_FUL_45,RSOB,CN,45,FUL,,,105,1
105,1,O,ONE,,49,TSM_FUL_45,TSM,CN,45,FUL,D,Y,105,1
105,1,V,,,48,TTL_HCV,,HCV,,,,,105,1
105,1,C,,Q01,1183,TTL_MOVES,,,,,,,105,1
105,1,C,,Q02,1183,TTL_MOVES,,,,,,,105,1
105,1,C,,Q03,1183,TTL_MOVES,,,,,,,105,1
106,1,O,HMM,,589,LOAD_FUL_20,LOAD,CN,20,FUL,,,106,1
106,1,O,HMM,,619,DISC_FUL_40,DISC,CN,40,FUL,D,Y,106,1
106,1,O,HMM,,133,RDR_FUL_20,RDR,CN,20,FUL,D,,106,1
106,1,O,HMM,,74,RSOB_FUL_40,RSOB,CN,40,FUL,S,,106,1
106,1,O,HMM,,58,TSM_FUL_40,TSM,CN,40,FUL,D,Y,106,1
106,1,O,YML,,392,LOAD_FUL_20,LOAD,CN,20,FUL,S,,106,1
106,1,O,YML,,412,DISC_MT_40,DISC,CN,40,MT,,Y,106,1
106,1,O,YML,,88,RDR_FUL_40,RDR,CN,40,FUL,,,106,1
106,1,O,YML,,49,RSOB_FUL_20,RSOB,CN,20,FUL,D,,106,1
106,1,O,YML,,39,TSM_FUL_20,TSM,CN,20,FUL,D,Y,106,1
106,1,O,YML,,1,MCR_FUL_20,MCR,CN,20,FUL,S,,106,1
106,1,O,EMC,,981,LOAD_FUL_45,LOAD,CN,45,FUL,S,,106,1
106,1,O,EMC,,1030,DISC_FUL_45,DISC,CN,45,FUL,,,106,1
106,1,O,EMC,,221,RDR_MT_45,RDR,CN,45,MT,S,,106,1
106,1,O,EMC,,123,RSOB_FUL_45,RSOB,CN,45,FUL,S,,106,1
106,1,O,EMC,,98,TSM_FUL_20,TSM,CN,20,FUL,D,Y,106,1
106,1,V,,,183,TTL_HCV,,HCV,,,,,106,1
106,1,C,,Q01,1696,TTL_MOVES,,,,,,,106,1
106,1,C,,Q02,1697,TTL_MOVES,,,,,,,106,1
106,1,C,,Q03,1697,TTL_MOVES,,,,,,,106,1
107,1,O,OOL,,775,LOAD_FUL_20,LOAD,CN,20,FUL,D,,107,1
107,1,O,OOL,,814,DISC_MT_20,DISC,CN,20,MT,,,107,1
107,1,O,OOL,,174,RDR_FUL_45,RDR,CN,45,FUL,,,107,1
107,1,O,OOL,,97,RSOB_FUL_20,RSOB,CN,20,FUL,S,,107,1
107,1,O,OOL,,77,TSM_FUL_45,TSM,CN,45,FUL,,Y,107,1
107,1,O,YML,,310,LOAD_FUL_40,LOAD,CN,40,FUL,,,107,1
107,1,O,YML,,326,DISC_FUL_40,DISC,CN,40,FUL,S,,107,1
107,1,O,YML,,70,RDR_FUL_45,RDR,CN,45,FUL,D,,107,1
107,1,O,YML,,39,RSOB_FUL_40,RSOB,CN,40,FUL,D,,107,1
107,1,O,YML,,30,TSM_FUL_20,TSM,CN,20,FUL,S,Y,107,1
107,1,O,ONE,,929,LOAD_FUL_20,LOAD,CN,20,FUL,D,,107,1
107,1,O,ONE,,976,DISC_FUL_40,DISC,CN,40,FUL,S,Y,107,1
107,1,O,ONE,,209,RDR_MT_40,RDR,CN,40,MT,D,,107,1
107,1,O,ONE,,116,RSOB_FUL_40,RSOB,CN,40,FUL,S,,107,1
107,1,O,ONE,,93,TSM_FUL_45,TSM,CN,45,FUL,,Y,107,1
107,1,V,,,68,TTL_HCV,,HCV,,,,,107,1
107,1,C,,Q01,1701,TTL_MOVES,,,,,,,107,1
107,1,C,,Q02,1701,TTL_MOVES,,,,,,,107,1
107,1,C,,Q03,1701,TTL_MOVES,,,,,,,107,1
108,1,O,EMC,,223,LOAD_MT_45,LOAD,CN,45,MT,D,,108,1
108,1,O,EMC,,234,DISC_FUL_45,DISC,CN,45,FUL,S,,108,1
108,1,O,EMC,,50,RDR_MT_40,RDR,CN,40,MT,S,,108,1
108,1,O,EMC,,28,RSOB_FUL_40,RSOB,CN,40,FUL,S,,108,1
108,1,O,EMC,,22,TSM_FUL_40,TSM,CN,40,FUL,,Y,108,1
108,1,O,MSK,,446,LOAD_FUL_45,LOAD,CN,45,FUL,,,108,1
108,1,O,MSK,,468,DISC_FUL_20,DISC,CN,20,FUL,S,,108,1
108,1,O,MSK,,100,RDR_MT_40,RDR,CN,40,MT,S,,108,1
108,1,O,MSK,,56,RSOB_FUL_40,RSOB,CN,40,FUL,S,,108,1
108,1,O,MSK,,44,TSM_FUL_20,TSM,CN,20,FUL,D,Y,108,1
108,1,O,OOL,,223,LOAD_FUL_40,LOAD,CN,40,FUL,S,,108,1
108,1,O,OOL,,234,DISC_MT_20,DISC,CN,20,MT,S,,108,1
108,1,O,OOL,,50,RDR_MT_45,RDR,CN,45,MT,,,108,1
108,1,O,OOL,,28,RSOB_FUL_40,RSOB,CN,40,FUL,S,,108,1
108,1,O,OOL,,22,TSM_FUL_40,TSM,CN,40,FUL,D,Y,108,1
108,1,O,WHL,,112,LOAD_MT_45,LOAD,CN,45,MT,S,,108,1
108,1,O,WHL,,117,DISC_FUL_40,DISC,CN,40,FUL,D,,108,1
108,1,O,WHL,,25,RDR_MT_45,RDR,CN,45,MT,D,,108,1
108,1,O,WHL,,14,RSOB_FUL_40,RSOB,CN,40,FUL,D,,108,1
108,1,O,WHL,,11,TSM_FUL_40,TSM,CN,40,FUL,D,Y,108,1
108,1,O,ONE,,267,LOAD_FUL_20,LOAD,CN,20,FUL,D,,108,1
108,1,O,ONE,,280,DISC_FUL_45,DISC,CN,45,FUL,D,,108,1
108,1,O,ONE,,60,RDR_FUL_20,RDR,CN,20,FUL,,,108,1
108,1,O,ONE,,33,RSOB_FUL_40,RSOB,CN,40,FUL,S,,108,1
108,1,O,ONE,,27,TSM_FUL_20,TSM,CN,20,FUL,D,Y,108,1
108,1,O,HMM,,133,LOAD_FUL_40,LOAD,CN,40,FUL,D,,108,1
108,1,O,HMM,,140,DISC_MT_45,DISC,CN,45,MT,,,108,1
108,1,O,HMM,,30,RDR_FUL_45,RDR,CN,45,FUL,,,108,1
108,1,O,HMM,,17,RSOB_FUL_40,RSOB,CN,40,FUL,D,,108,1
108,1,O,HMM,,13,TSM_MT_20,TSM,CN,20,MT,D,Y,108,1
108,1,V,,,122,TTL_HCV,,HCV,,,,,108,1
108,1,C,,Q01,1814,TTL_MOVES,,,,,,,108,1
108,1,C,,Q02,1815,TTL_MOVES,,,,,,,108,1
109,1,O,WHL,,328,LOAD_FUL_20,LOAD,CN,20,FUL,D,Y,109,1
109,1,O,WHL,,344,DISC_FUL_40,DISC,CN,40,FUL,,,109,1
109,1,O,WHL,,74,RDR_MT_40,RDR,CN,40,MT,D,,109,1
109,1,O,WHL,,41,RSOB_FUL_45,RSOB,CN,45,FUL,D,,109,1
109,1,O,WHL,,32,TSM_MT_45,TSM,CN,45,MT,,Y,109,1
109,1,O,YML,,262,LOAD_MT_40,LOAD,CN,40,MT,S,,109,1
109,1,O,YML,,276,DISC_FUL_45,DISC,CN,45,FUL,S,,109,1
109,1,O,YML,,59,RDR_FUL_20,RDR,CN,20,FUL,D,,109,1
109,1,O,YML,,33,RSOB_FUL_20,RSOB,CN,20,FUL,D,,109,1
109,1,O,YML,,26,TSM_FUL_40,TSM,CN,40,FUL,S,Y,109,1
109,1,O,MSC,,1179,LOAD_FUL_45,LOAD,CN,45,FUL,D,,109,1
109,1,O,MSC,,1238,DISC_MT_40,DISC,CN,40,MT,D,,109,1
109,1,O,MSC,,265,RDR_MT_40,RDR,CN,40,MT,D,,109,1
109,1,O,MSC,,147,RSOB_MT_40,RSOB,CN,40,MT,D,,109,1
109,1,O,MSC,,118,TSM_FUL_20,TSM,CN,20,FUL,S,Y,109,1
109,1,O,MSC,,1,MCR_FUL_45,MCR,CN,45,FUL,D,,109,1
109,1,O,OOL,,655,LOAD_FUL_20,LOAD,CN,20,FUL,S,,109,1
109,1,O,OOL,,688,DISC_FUL_40,DISC,CN,40,FUL,D,Y,109,1
109,1,O,OOL,,147,RDR_FUL_40,RDR,CN,40,FUL,,,109,1
109,1,O,OOL,,82,RSOB_FUL_45,RSOB,CN,45,FUL,S,,109,1
109,1,O,OOL,,65,TSM_FUL_45,TSM,CN,45,FUL,,Y,109,1
109,1,O,ONE,,786,LOAD_FUL_40,LOAD,CN,40,FUL,,,109,1
109,1,O,ONE,,825,DISC_FUL_20,DISC,CN,20,FUL,D,,109,1
109,1,O,ONE,,177,RDR_FUL_45,RDR,CN,45,FUL,D,,109,1
109,1,O,ONE,,98,RSOB_FUL_20,RSOB,CN,20,FUL,,,109,1
109,1,O,ONE,,79,TSM_FUL_45,TSM,CN,45,FUL,D,Y,109,1
109,1,V,,,261,TTL_HCV,,HCV,,,,,109,1
109,1,C,,Q01,1657,TTL_MOVES,,,,,,,109,1
109,1,C,,Q02,1657,TTL_MOVES,,,,,,,109,1
109,1,C,,Q03,1657,TTL_MOVES,,,,,,,109,1
109,1,C,,Q04,1657,TTL_MOVES,,,,,,,109,1
109,1,C,,Q05,1658,TTL_MOVES,,,,,,,109,1
