move_id,event_id,move_type,cargo_type,yard_slot
M1,E1,DSC,IMP,31
M2,E1,LDS,TRX,27
M3,E1,DSC,EXP,18
M4,E1,DSC,TRI,22
M5,E1,DSC,TRX,8
M6,E1,DSC,IMP,1
M7,E1,DSC,TRX,12
M8,E1,LDS,EXP,29
M9,E1,LDS,EXP,27
M10,E1,LDS,IMP,26
M11,E1,LDS,EXP,1
M12,E1,DSC,TRI,2
M13,E1,DSC,TRX,39
M14,E1,LDS,IMP,3
M15,E1,TSM,EXP,29
M16,E1,DSC,TRI,19
M17,E1,LDS,IMP,6
M18,E1,DSC,EXP,1
M19,E1,LDS,TRI,40
M20,E1,LDS,TRX,37
M21,E1,DSC,TRX,12
M22,E1,LDS,TRI,15
M23,E1,TSS,EXP,13
M24,E1,DSC,EXP,25
M25,E1,TSS,IMP,27
M26,E1,DSC,IMP,3
M27,E1,LDS,TRI,16
M28,E1,RHL,TRX,17
M29,E1,LDS,TRX,19
M30,E1,LDS,IMP,9
M31,E1,DSC,IMP,18
M32,E1,DSC,EXP,2
M33,E1,DSC,TRX,29
M34,E1,DSC,IMP,12
M35,E1,DSC,EXP,6
M36,E1,LDS,TRX,22
M37,E1,LDS,EXP,38
M38,E1,DSC,IMP,31
M39,E1,TSM,TRI,3
M40,E1,DSC,IMP,31
M41,E1,DSC,TRI,21
M42,E1,DSC,IMP,5
M43,E1,LDS,TRI,3
M44,E1,TSS,EXP,22
M45,E1,DSC,TRX,5
M46,E1,TSS,TRX,2
M47,E1,TSS,IMP,40
M48,E1,LDS,TRX,38
M49,E1,DSC,IMP,6
M50,E1,DSC,IMP,17
M51,E1,TSS,TRI,25
M52,E1,TSM,TRX,29
M53,E1,LDS,IMP,34
M54,E1,RHL,IMP,20
M55,E1,LDS,TRX,2
M56,E1,DSC,IMP,32
M57,E1,RHL,TRX,17
M58,E1,TSS,TRI,20
M59,E1,DSC,EXP,34
M60,E1,DSC,TRI,29
M61,E1,LDS,EXP,21
M62,E1,LDS,TRI,13
M63,E1,LDS,EXP,14
M64,E1,LDS,TRI,14
M65,E1,DSC,TRX,23
M66,E1,TSS,IMP,5
M67,E1,TSM,TRI,11
M68,E1,DSC,TRX,18
M69,E1,TSM,TRX,25
M70,E1,LDS,TRX,21
M71,E1,LDS,TRX,21
M72,E1,DSC,IMP,18
M73,E1,TSS,IMP,18
M74,E1,LDS,TRI,42
M75,E1,RHL,IMP,42
M76,E1,DSC,TRX,13
M77,E1,DSC,TRI,16
M78,E1,RHL,IMP,41
M79,E1,DSC,IMP,41
M80,E1,LDS,TRI,5
M81,E1,LDS,EXP,31
M82,E1,DSC,IMP,31
M83,E1,LDS,IMP,12
M84,E1,DSC,TRI,35
M85,E1,LDS,EXP,26
M86,E1,TSS,EXP,6
M87,E1,LDS,TRX,9
M88,E1,LDS,EXP,41
M89,E1,TSS,IMP,25
M90,E1,LDS,TRI,30
M91,E1,DSC,EXP,7
M92,E1,LDS,IMP,14
M93,E1,DSC,TRX,6
M94,E1,TSM,TRI,17
M95,E1,TSM,IMP,23
M96,E1,LDS,IMP,29
M97,E1,DSC,TRX,18
M98,E1,LDS,IMP,14
M99,E1,TSS,IMP,28
M100,E1,RHL,EXP,35
M101,E1,DSC,EXP,31
M102,E1,DSC,TRX,32
M103,E1,LDS,IMP,15
M104,E1,LDS,TRI,36
M105,E1,LDS,TRI,20
M106,E1,LDS,EXP,20
M107,E1,TSS,TRI,37
M108,E1,LDS,TRX,35
M109,E1,DSC,IMP,39
M110,E1,LDS,IMP,34
M111,E1,TSM,IMP,32
M112,E1,DSC,EXP,5
M113,E1,TSM,TRX,27
M114,E1,TSM,TRX,18
M115,E1,DSC,TRX,9
M116,E1,DSC,TRX,34
M117,E1,DSC,EXP,27
M118,E1,LDS,TRI,9
M119,E1,LDS,IMP,3
M120,E1,DSC,EXP,1
M121,E1,LDS,TRI,23
M122,E1,DSC,TRX,7
M123,E1,LDS,IMP,33
M124,E1,LDS,EXP,34
M125,E1,TSS,IMP,25
M126,E1,LDS,EXP,35
M127,E1,DSC,EXP,34
M128,E1,DSC,EXP,15
M129,E1,TSM,TRI,12
M130,E1,DSC,TRI,13
M131,E1,DSC,EXP,7
M132,E1,DSC,EXP,9
M133,E1,RHL,TRI,25
M134,E1,DSC,TRX,35
M135,E1,RHL,EXP,13
M136,E1,LDS,IMP,7
M137,E1,DSC,TRI,24
M138,E1,DSC,TRI,33
M139,E1,TSM,EXP,5
M140,E1,LDS,IMP,3
M141,E1,RHL,TRX,10
M142,E1,DSC,IMP,14
M143,E1,DSC,EXP,19
M144,E1,TSM,IMP,38
M145,E1,DSC,TRX,5
M146,E1,RHL,TRI,26
M147,E1,LDS,TRI,28
M148,E1,DSC,TRI,1
M149,E1,LDS,IMP,13
M150,E1,DSC,TRX,24
M151,E1,RHL,TRX,13
M152,E1,LDS,IMP,33
M153,E1,RHL,TRI,6
M154,E1,RHL,TRX,37
M155,E1,LDS,TRI,17
M156,E1,DSC,IMP,11
M157,E1,TSS,TRX,9
M158,E1,TSS,TRI,28
M159,E1,RHL,TRX,14
M160,E1,LDS,IMP,22
M161,E1,DSC,IMP,1
M162,E1,TSS,IMP,15
M163,E1,DSC,TRI,22
M164,E1,DSC,TRX,37
M165,E1,DSC,IMP,25
M166,E1,LDS,TRX,42
M167,E1,DSC,IMP,26
M168,E1,TSM,IMP,8
M169,E1,LDS,EXP,17
M170,E1,LDS,IMP,13
M171,E1,LDS,IMP,7
M172,E1,DSC,TRI,22
M173,E1,LDS,TRX,34
M174,E1,LDS,IMP,41
M175,E1,LDS,IMP,36
M176,E1,LDS,IMP,25
M177,E1,TSM,EXP,25
M178,E1,LDS,EXP,32
M179,E1,LDS,IMP,28
M180,E1,TSM,TRX,19
M181,E1,LDS,TRI,24
M182,E1,LDS,TRX,42
M183,E1,DSC,TRI,19
M184,E1,DSC,EXP,38
M185,E1,DSC,EXP,27
M186,E1,RHL,TRX,4
M187,E1,TSS,TRX,4
M188,E1,LDS,TRI,5
M189,E1,RHL,EXP,28
M190,E1,LDS,TRI,16
M191,E1,DSC,IMP,30
M192,E1,DSC,EXP,39
M193,E1,LDS,IMP,40
M194,E1,LDS,IMP,14
M195,E1,TSS,TRI,34
M196,E1,DSC,TRI,29
M197,E1,DSC,TRX,30
M198,E1,LDS,TRX,24
M199,E1,RHL,EXP,19
M200,E1,RHL,EXP,31
M201,E1,DSC,TRI,33
M202,E1,LDS,TRI,18
M203,E1,DSC,EXP,41
M204,E1,DSC,EXP,13
M205,E1,TSM,EXP,3
M206,E1,LDS,IMP,18
M207,E1,DSC,IMP,40
M208,E1,DSC,EXP,35
M209,E1,DSC,IMP,11
M210,E1,LDS,TRI,31
M211,E1,LDS,EXP,22
M212,E1,DSC,EXP,5
M213,E1,RHL,TRX,40
M214,E1,TSS,EXP,29
M215,E1,LDS,TRI,25
M216,E1,TSS,TRI,10
M217,E1,LDS,TRI,19
M218,E1,LDS,EXP,28
M219,E1,LDS,IMP,30
M220,E1,TSS,IMP,35
M221,E1,DSC,TRX,30
M222,E1,DSC,IMP,5
M223,E1,DSC,IMP,20
M224,E1,LDS,TRI,19
M225,E1,TSS,EXP,23
M226,E1,LDS,TRI,24
M227,E1,TSM,TRI,29
M228,E1,LDS,TRI,29
M229,E1,LDS,TRI,30
M230,E1,DSC,TRX,34
M231,E1,DSC,TRI,24
M232,E1,DSC,TRX,38
M233,E1,LDS,EXP,37
M234,E1,LDS,TRX,35
M235,E1,DSC,EXP,12
M236,E1,DSC,TRX,19
M237,E1,TSS,EXP,34
M238,E1,DSC,EXP,37
M239,E1,DSC,IMP,42
M240,E1,TSS,TRX,5
M241,E1,LDS,TRI,35
M242,E1,DSC,IMP,18
M243,E1,RHL,TRI,6
M244,E1,DSC,EXP,7
M245,E1,RHL,TRX,16
M246,E1,LDS,TRX,34
M247,E1,DSC,TRX,26
M248,E1,DSC,TRI,9
M249,E1,LDS,IMP,40
M250,E1,TSM,TRX,23
M251,E1,TSS,TRX,6
M252,E1,TSS,IMP,34
M253,E1,LDS,IMP,8
M254,E1,LDS,TRX,10
M255,E1,DSC,EXP,41
M256,E1,LDS,EXP,21
M257,E1,DSC,TRX,34
M258,E1,DSC,IMP,31
M259,E1,DSC,IMP,20
M260,E1,LDS,EXP,4
M261,E1,RHL,IMP,38
M262,E1,LDS,IMP,21
M263,E1,DSC,EXP,23
M264,E1,DSC,EXP,39
M265,E1,LDS,EXP,29
M266,E1,DSC,TRI,26
M267,E1,DSC,TRI,41
M268,E1,LDS,TRX,17
M269,E1,LDS,TRX,22
M270,E1,LDS,IMP,31
M271,E1,TSS,TRX,4
M272,E1,DSC,EXP,25
M273,E1,TSM,TRI,4
M274,E1,LDS,EXP,1
M275,E1,TSS,TRI,29
M276,E1,RHL,TRX,39
M277,E1,TSS,TRX,11
M278,E1,RHL,EXP,17
M279,E1,TSM,EXP,41
M280,E1,RHL,TRI,34
M281,E1,LDS,EXP,37
M282,E1,RHL,IMP,14
M283,E1,TSS,EXP,9
M284,E1,DSC,TRI,40
M285,E1,LDS,IMP,31
M286,E1,LDS,IMP,38
M287,E1,LDS,TRI,2
M288,E1,RHL,TRX,13
M289,E1,TSM,IMP,29
M290,E1,DSC,TRX,34
M291,E1,LDS,TRI,21
M292,E1,DSC,IMP,36
M293,E1,DSC,TRX,5
M294,E1,DSC,EXP,7
M295,E1,LDS,TRX,8
M296,E1,LDS,IMP,25
M297,E1,LDS,TRX,16
M298,E1,DSC,IMP,30
M299,E1,RHL,EXP,40
M300,E1,DSC,TRX,35
M301,E1,RHL,TRI,26
M302,E1,LDS,IMP,17
M303,E1,DSC,TRX,8
M304,E1,DSC,TRI,37
M305,E1,LDS,TRI,29
M306,E1,TSS,IMP,7
M307,E1,DSC,IMP,9
M308,E1,LDS,EXP,12
M309,E1,DSC,IMP,30
M310,E1,LDS,IMP,7
M311,E1,DSC,EXP,8
M312,E1,LDS,IMP,22
M313,E1,TSM,TRX,33
M314,E1,DSC,EXP,10
M315,E1,TSS,TRX,31
M316,E1,DSC,TRX,40
M317,E1,DSC,TRX,40
M318,E1,LDS,EXP,39
M319,E1,LDS,TRI,22
M320,E1,DSC,TRI,42
M321,E1,LDS,TRX,14
M322,E1,LDS,TRI,7
M323,E1,LDS,EXP,17
M324,E1,RHL,TRI,36
M325,E1,DSC,EXP,37
M326,E1,LDS,EXP,37
M327,E1,TSM,EXP,6
M328,E1,DSC,TRX,37
M329,E1,LDS,TRI,22
M330,E1,DSC,TRI,18
M331,E1,LDS,IMP,29
M332,E1,TSM,EXP,16
M333,E1,TSM,IMP,36
M334,E1,TSM,EXP,22
M335,E1,LDS,IMP,1
M336,E1,DSC,TRI,16
M337,E1,RHL,TRI,11
M338,E1,DSC,IMP,30
M339,E1,DSC,EXP,9
M340,E1,DSC,TRX,40
M341,E1,LDS,IMP,11
M342,E1,DSC,TRX,3
M343,E1,DSC,TRX,8
M344,E1,LDS,EXP,22
M345,E1,LDS,TRI,16
M346,E1,LDS,TRI,4
M347,E1,LDS,IMP,10
M348,E1,LDS,TRX,39
M349,E1,DSC,TRI,27
M350,E1,TSS,TRX,19
M351,E1,LDS,TRX,27
M352,E1,TSS,IMP,37
M353,E1,DSC,TRI,34
M354,E1,LDS,TRX,2
M355,E1,DSC,IMP,19
M356,E1,RHL,TRX,25
M357,E1,LDS,TRI,38
M358,E1,TSS,EXP,8
M359,E1,TSS,EXP,33
M360,E1,TSS,IMP,31
M361,E1,LDS,EXP,35
M362,E1,DSC,TRX,16
M363,E1,TSS,TRI,35
M364,E1,LDS,EXP,15
M365,E1,LDS,TRX,37
M366,E1,DSC,IMP,7
M367,E1,LDS,EXP,8
M368,E1,TSS,TRX,1
M369,E1,DSC,TRI,2
M370,E1,DSC,IMP,29
M371,E1,TSS,TRX,10
M372,E1,DSC,EXP,3
M373,E1,DSC,TRX,21
M374,E1,DSC,TRX,10
M375,E1,TSM,TRX,14
M376,E1,DSC,IMP,13
M377,E1,DSC,TRI,31
M378,E1,DSC,EXP,35
M379,E1,LDS,EXP,4
M380,E1,LDS,TRI,21
M381,E1,TSM,TRI,27
M382,E1,LDS,EXP,22
M383,E1,LDS,TRX,27
M384,E1,DSC,EXP,20
M385,E1,DSC,EXP,18
M386,E1,DSC,EXP,33
M387,E1,LDS,TRI,24
M388,E1,RHL,IMP,38
M389,E1,LDS,TRI,12
M390,E1,LDS,TRI,9
M391,E1,LDS,IMP,30
M392,E1,TSM,TRX,34
M393,E1,DSC,IMP,1
M394,E1,LDS,TRI,35
M395,E1,DSC,IMP,11
M396,E1,DSC,EXP,16
M397,E1,DSC,IMP,12
M398,E1,RHL,EXP,3
M399,E1,LDS,TRX,1
M400,E1,TSM,TRX,4
M401,E1,DSC,TRI,21
M402,E1,LDS,IMP,34
M403,E1,DSC,EXP,39
M404,E1,RHL,EXP,8
M405,E1,LDS,EXP,29
M406,E1,LDS,TRI,16
M407,E1,DSC,EXP,38
M408,E1,LDS,TRI,3
M409,E1,DSC,IMP,37
M410,E1,LDS,EXP,21
M411,E1,DSC,IMP,39
M412,E1,LDS,TRX,33
M413,E1,LDS,TRI,2
M414,E1,DSC,EXP,37
M415,E1,LDS,EXP,40
M416,E1,DSC,TRI,28
M417,E1,DSC,TRI,40
M418,E1,RHL,TRI,38
M419,E1,LDS,EXP,25
M420,E1,DSC,EXP,32
M421,E1,LDS,TRX,4
M422,E1,DSC,TRX,24
M423,E1,LDS,IMP,9
M424,E1,LDS,EXP,10
M425,E1,RHL,IMP,1
M426,E1,DSC,EXP,6
M427,E1,LDS,TRI,31
M428,E1,LDS,IMP,3
M429,E1,LDS,EXP,19
M430,E1,DSC,EXP,27
M431,E1,LDS,EXP,24
M432,E1,DSC,EXP,3
M433,E1,DSC,IMP,22
M434,E1,LDS,EXP,30
M435,E1,TSS,EXP,25
M436,E1,LDS,IMP,14
M437,E1,LDS,EXP,12
M438,E1,RHL,EXP,31
M439,E1,DSC,EXP,39
M440,E1,LDS,TRI,31
M441,E1,LDS,EXP,32
M442,E1,DSC,TRX,27
M443,E1,DSC,TRI,24
M444,E1,TSM,IMP,34
M445,E1,DSC,TRI,33
M446,E1,LDS,EXP,18
M447,E1,DSC,IMP,10
M448,E1,RHL,TRI,9
M449,E1,RHL,IMP,2
M450,E1,TSM,TRX,29
M451,E2,TSS,TRX,21
M452,E2,DSC,IMP,20
M453,E2,LDS,EXP,32
M454,E2,DSC,EXP,33
M455,E2,LDS,IMP,14
M456,E2,DSC,TRX,31
M457,E2,LDS,EXP,34
M458,E2,LDS,TRI,21
M459,E2,RHL,TRX,10
M460,E2,TSS,TRI,35
M461,E2,LDS,TRX,9
M462,E2,LDS,TRI,15
M463,E2,DSC,TRI,23
M464,E2,LDS,EXP,3
M465,E2,TSS,TRX,37
M466,E2,DSC,TRI,5
M467,E2,TSM,EXP,36
M468,E2,LDS,IMP,24
M469,E2,DSC,TRI,6
M470,E2,RHL,IMP,26
M471,E2,LDS,TRX,25
M472,E2,TSM,TRI,32
M473,E2,LDS,EXP,11
M474,E2,TSM,EXP,31
M475,E2,RHL,TRI,16
M476,E2,LDS,TRI,28
M477,E2,RHL,TRX,38
M478,E2,DSC,TRI,2
M479,E2,TSS,IMP,24
M480,E2,TSM,TRX,18
M481,E2,DSC,TRX,38
M482,E2,DSC,TRI,17
M483,E2,DSC,IMP,23
M484,E2,DSC,TRI,37
M485,E2,DSC,EXP,42
M486,E2,LDS,TRI,24
M487,E2,DSC,EXP,5
M488,E2,LDS,TRX,40
M489,E2,LDS,TRI,5
M490,E2,TSS,TRX,25
M491,E2,TSM,TRX,3
M492,E2,RHL,TRI,20
M493,E2,LDS,TRX,2
M494,E2,DSC,EXP,18
M495,E2,DSC,EXP,16
M496,E2,LDS,TRX,1
M497,E2,DSC,TRX,42
M498,E2,RHL,IMP,40
M499,E2,TSS,TRI,17
M500,E2,DSC,IMP,21
M501,E2,RHL,EXP,26
M502,E2,LDS,EXP,11
M503,E2,DSC,TRX,37
M504,E2,DSC,TRX,19
M505,E2,LDS,TRX,16
M506,E2,LDS,TRI,21
M507,E2,LDS,EXP,5
M508,E2,TSM,IMP,20
M509,E2,DSC,TRX,33
M510,E2,RHL,TRX,3
M511,E2,DSC,TRX,31
M512,E2,DSC,TRI,26
M513,E2,LDS,TRX,17
M514,E2,LDS,TRI,24
M515,E2,LDS,TRI,12
M516,E2,DSC,EXP,37
M517,E2,TSS,TRX,42
M518,E2,LDS,TRI,11
M519,E2,DSC,TRX,40
M520,E2,LDS,EXP,42
M521,E2,DSC,IMP,31
M522,E2,LDS,EXP,18
M523,E2,LDS,TRX,17
M524,E2,LDS,TRX,25
M525,E2,TSM,EXP,4
M526,E2,DSC,IMP,3
M527,E2,DSC,TRI,35
M528,E2,TSM,IMP,26
M529,E2,DSC,IMP,35
M530,E2,TSS,EXP,24
M531,E2,DSC,TRX,42
M532,E2,DSC,TRX,40
M533,E2,LDS,EXP,37
M534,E2,LDS,EXP,35
M535,E2,DSC,EXP,29
M536,E2,DSC,IMP,36
M537,E2,TSM,TRI,32
M538,E2,LDS,EXP,21
M539,E2,TSS,TRI,37
M540,E2,LDS,TRI,41
M541,E2,LDS,TRI,15
M542,E2,DSC,EXP,24
M543,E2,LDS,IMP,10
M544,E2,DSC,TRI,6
M545,E2,DSC,TRI,31
M546,E2,DSC,EXP,27
M547,E2,LDS,TRX,23
M548,E2,RHL,TRX,36
M549,E2,DSC,TRI,18
M550,E2,DSC,TRI,16
M551,E2,TSM,TRX,37
M552,E2,TSS,IMP,12
M553,E2,TSS,EXP,35
M554,E2,DSC,IMP,18
M555,E2,DSC,TRI,5
M556,E2,LDS,IMP,14
M557,E2,DSC,TRI,1
M558,E2,RHL,TRI,16
M559,E2,RHL,TRX,26
M560,E2,DSC,IMP,31
M561,E2,LDS,TRX,17
M562,E2,TSS,IMP,1
M563,E2,LDS,EXP,21
M564,E2,LDS,TRI,33
M565,E2,LDS,TRI,41
M566,E2,LDS,TRI,20
M567,E2,DSC,TRI,39
M568,E2,DSC,TRI,14
M569,E2,RHL,EXP,4
M570,E2,RHL,TRI,14
M571,E2,DSC,IMP,10
M572,E2,DSC,TRI,12
M573,E2,LDS,IMP,26
M574,E2,LDS,TRX,7
M575,E2,DSC,EXP,2
M576,E2,TSS,TRI,5
M577,E2,RHL,IMP,38
M578,E2,TSM,TRX,31
M579,E2,TSM,EXP,32
M580,E2,LDS,EXP,18
M581,E2,DSC,TRX,21
M582,E2,TSS,TRI,34
M583,E2,TSM,EXP,41
M584,E2,LDS,IMP,14
M585,E2,LDS,TRI,29
M586,E2,TSS,TRX,33
M587,E2,TSM,IMP,8
M588,E2,TSS,TRX,28
M589,E2,LDS,TRX,25
M590,E2,LDS,TRX,39
M591,E2,LDS,IMP,33
M592,E2,TSM,TRX,29
M593,E2,DSC,IMP,39
M594,E2,DSC,TRI,10
M595,E2,LDS,TRI,17
M596,E2,RHL,TRI,13
M597,E2,RHL,TRX,4
M598,E2,TSS,EXP,32
M599,E2,DSC,EXP,42
M600,E2,RHL,EXP,8
M601,E2,RHL,TRI,17
M602,E2,DSC,IMP,22
M603,E2,DSC,TRI,30
M604,E2,DSC,IMP,28
M605,E2,DSC,TRI,42
M606,E2,DSC,IMP,36
M607,E2,LDS,TRX,16
M608,E2,DSC,TRX,4
M609,E2,RHL,IMP,10
M610,E2,TSS,EXP,7
M611,E2,DSC,TRI,15
M612,E2,TSS,IMP,27
M613,E2,DSC,TRX,2
M614,E2,TSS,TRX,32
M615,E2,DSC,EXP,35
M616,E2,LDS,EXP,36
M617,E2,LDS,TRX,25
M618,E2,DSC,TRI,21
M619,E2,TSS,TRI,39
M620,E2,DSC,EXP,12
M621,E2,RHL,EXP,38
M622,E2,LDS,EXP,18
M623,E2,DSC,TRI,40
M624,E2,LDS,TRI,13
M625,E2,DSC,IMP,14
M626,E2,RHL,TRI,20
M627,E2,RHL,EXP,10
M628,E2,DSC,TRI,28
M629,E2,LDS,TRX,18
M630,E2,LDS,IMP,7
M631,E2,DSC,TRX,16
M632,E2,LDS,IMP,19
M633,E2,DSC,TRI,6
M634,E2,LDS,TRX,15
M635,E2,TSM,TRX,13
M636,E2,RHL,EXP,29
M637,E2,LDS,TRI,27
M638,E2,DSC,TRX,18
M639,E2,DSC,IMP,40
M640,E2,DSC,TRX,24
M641,E2,DSC,TRI,25
M642,E2,LDS,TRI,7
M643,E2,TSS,IMP,35
M644,E2,LDS,TRX,14
M645,E2,DSC,TRI,2
M646,E2,LDS,TRI,2
M647,E2,LDS,EXP,31
M648,E2,DSC,EXP,30
M649,E2,LDS,TRX,42
M650,E2,LDS,EXP,2
M651,E2,TSM,TRX,28
M652,E2,TSS,IMP,4
M653,E2,DSC,TRX,42
M654,E2,LDS,EXP,34
M655,E2,TSM,EXP,32
M656,E2,LDS,EXP,33
M657,E2,LDS,IMP,1
M658,E2,DSC,TRI,31
M659,E2,RHL,IMP,28
M660,E2,LDS,IMP,24
M661,E2,TSS,IMP,7
M662,E2,DSC,IMP,7
M663,E2,DSC,IMP,5
M664,E2,LDS,EXP,6
M665,E2,LDS,TRI,19
M666,E2,DSC,EXP,16
M667,E2,LDS,TRX,4
M668,E2,TSM,TRX,11
M669,E2,LDS,TRX,9
M670,E2,TSS,IMP,33
M671,E2,DSC,EXP,27
M672,E2,LDS,IMP,27
M673,E2,TSS,EXP,10
M674,E2,RHL,IMP,25
M675,E2,DSC,IMP,26
M676,E2,DSC,TRI,35
M677,E2,LDS,IMP,25
M678,E2,LDS,IMP,14
M679,E2,DSC,IMP,27
M680,E2,DSC,TRX,14
M681,E2,LDS,EXP,37
M682,E2,TSM,IMP,26
M683,E2,LDS,TRI,39
M684,E2,DSC,TRI,6
M685,E2,LDS,TRX,25
M686,E2,DSC,TRX,22
M687,E2,LDS,IMP,20
M688,E2,TSS,IMP,11
M689,E2,LDS,TRI,26
M690,E2,TSS,IMP,24
M691,E2,DSC,TRI,31
M692,E2,TSM,TRX,1
M693,E2,LDS,IMP,1
M694,E2,LDS,TRI,16
M695,E2,LDS,TRI,20
M696,E2,DSC,IMP,21
M697,E2,DSC,IMP,34
M698,E2,RHL,TRI,4
M699,E2,TSS,EXP,17
M700,E2,LDS,TRX,42
M701,E2,TSS,TRX,6
M702,E2,DSC,IMP,6
M703,E2,LDS,EXP,17
M704,E2,DSC,TRI,10
M705,E2,TSS,TRI,42
M706,E2,DSC,TRX,4
M707,E2,LDS,IMP,36
M708,E2,DSC,TRI,41
M709,E2,LDS,EXP,38
M710,E2,LDS,TRX,27
M711,E2,DSC,IMP,12
M712,E2,RHL,TRX,9
M713,E2,LDS,TRX,28
M714,E2,RHL,TRX,21
M715,E2,TSS,IMP,8
M716,E2,TSM,TRI,36
M717,E2,LDS,IMP,26
M718,E2,DSC,IMP,14
M719,E2,DSC,TRI,35
M720,E2,DSC,IMP,10
M721,E2,TSS,TRX,27
M722,E2,DSC,TRX,25
M723,E2,DSC,TRX,32
M724,E2,LDS,TRX,33
M725,E2,RHL,IMP,36
M726,E2,RHL,EXP,38
M727,E2,DSC,IMP,23
M728,E2,TSS,TRI,25
M729,E2,LDS,TRX,29
M730,E2,LDS,TRX,23
M731,E2,RHL,EXP,31
M732,E2,LDS,TRX,21
M733,E2,DSC,TRX,15
M734,E2,LDS,TRI,27
M735,E2,LDS,TRI,5
M736,E2,RHL,TRI,25
M737,E2,DSC,EXP,28
M738,E2,TSM,IMP,36
M739,E2,DSC,TRX,34
M740,E2,LDS,TRX,8
M741,E2,DSC,IMP,20
M742,E2,LDS,EXP,3
M743,E2,TSM,TRI,37
M744,E2,DSC,TRX,22
M745,E2,LDS,TRX,23
M746,E2,RHL,IMP,16
M747,E2,RHL,EXP,13
M748,E2,TSS,TRI,8
M749,E2,DSC,EXP,38
M750,E2,DSC,TRI,21
M751,E2,LDS,TRI,39
M752,E2,TSS,TRI,8
M753,E2,DSC,IMP,12
M754,E2,LDS,TRI,19
M755,E2,DSC,EXP,17
M756,E2,LDS,TRI,2
M757,E2,DSC,TRI,33
M758,E2,DSC,TRX,11
M759,E2,TSS,EXP,40
M760,E2,DSC,EXP,35
M761,E2,RHL,TRI,20
M762,E2,DSC,TRI,42
M763,E2,RHL,EXP,31
M764,E2,LDS,TRI,23
M765,E2,RHL,TRI,37
M766,E2,RHL,EXP,5
M767,E2,TSM,IMP,37
M768,E2,TSM,IMP,20
M769,E2,TSS,IMP,37
M770,E2,TSM,EXP,24
M771,E2,DSC,EXP,4
M772,E2,TSM,IMP,10
M773,E2,DSC,EXP,34
M774,E2,LDS,TRX,34
M775,E2,LDS,IMP,34
M776,E2,LDS,TRX,13
M777,E2,TSS,IMP,27
M778,E2,DSC,EXP,6
M779,E2,LDS,IMP,36
M780,E2,TSM,IMP,9
M781,E2,TSS,TRI,22
M782,E2,DSC,TRI,10
M783,E2,TSM,EXP,28
M784,E2,TSM,IMP,39
M785,E2,LDS,TRI,11
M786,E2,DSC,EXP,3
M787,E2,DSC,TRI,20
M788,E2,TSM,IMP,27
M789,E2,DSC,EXP,39
M790,E2,LDS,IMP,1
M791,E2,LDS,EXP,26
M792,E2,TSS,TRX,23
M793,E2,DSC,TRI,26
M794,E2,DSC,EXP,17
M795,E2,DSC,TRI,34
M796,E2,LDS,TRI,30
M797,E2,LDS,TRX,12
M798,E2,DSC,EXP,17
M799,E2,LDS,EXP,22
M800,E2,DSC,TRI,39
M801,E2,LDS,TRI,37
M802,E2,TSS,EXP,20
M803,E2,DSC,TRI,33
M804,E2,DSC,EXP,3
M805,E2,RHL,IMP,6
M806,E2,LDS,EXP,29
M807,E2,DSC,TRX,36
M808,E2,TSM,TRI,23
M809,E2,DSC,IMP,25
M810,E2,TSM,TRX,15
M811,E2,DSC,EXP,25
M812,E2,TSM,IMP,31
M813,E2,TSM,IMP,4
M814,E2,LDS,TRX,5
M815,E2,LDS,EXP,10
M816,E2,DSC,EXP,32
M817,E2,TSM,TRI,22
M818,E2,DSC,EXP,10
M819,E2,RHL,TRI,3
M820,E2,DSC,EXP,16
M821,E2,TSS,TRX,24
M822,E2,LDS,IMP,18
M823,E2,DSC,IMP,12
M824,E2,RHL,IMP,8
M825,E2,DSC,EXP,38
M826,E2,DSC,TRX,34
M827,E2,DSC,IMP,6
M828,E2,LDS,IMP,5
M829,E2,TSM,EXP,11
M830,E2,TSM,IMP,19
M831,E2,LDS,TRX,23
M832,E2,LDS,TRX,30
M833,E2,DSC,EXP,31
M834,E2,TSM,IMP,29
M835,E2,RHL,TRX,35
M836,E2,DSC,EXP,3
M837,E2,DSC,EXP,2
M838,E2,DSC,TRX,32
M839,E2,LDS,IMP,30
M840,E2,DSC,TRI,1
M841,E2,DSC,IMP,22
M842,E2,DSC,TRI,31
M843,E2,DSC,TRI,11
M844,E2,DSC,TRX,28
M845,E2,LDS,TRX,17
M846,E2,DSC,TRX,15
M847,E2,LDS,EXP,30
M848,E2,LDS,TRI,11
M849,E2,TSM,TRI,16
M850,E2,LDS,TRX,11
M851,E2,LDS,TRI,19
M852,E2,LDS,IMP,23
M853,E2,LDS,IMP,32
M854,E2,RHL,TRX,1
M855,E2,LDS,TRX,18
M856,E2,LDS,TRX,4
M857,E2,DSC,TRX,41
M858,E2,LDS,EXP,2
M859,E2,DSC,TRX,4
M860,E2,DSC,IMP,16
M861,E2,LDS,TRX,3
M862,E2,DSC,IMP,28
M863,E2,DSC,IMP,5
M864,E2,LDS,TRX,10
M865,E2,DSC,TRI,13
M866,E2,LDS,TRX,20
M867,E2,TSM,EXP,16
M868,E2,RHL,TRI,20
M869,E2,RHL,EXP,8
M870,E2,TSS,TRI,16
M871,E2,DSC,IMP,33
M872,E2,LDS,TRX,42
M873,E2,LDS,TRX,42
M874,E2,TSS,EXP,8
M875,E2,DSC,TRI,25
M876,E2,DSC,EXP,40
M877,E2,LDS,TRI,40
M878,E2,LDS,IMP,28
M879,E2,TSS,TRX,1
M880,E2,LDS,TRX,41
M881,E2,TSM,EXP,25
M882,E2,LDS,IMP,2
M883,E2,TSS,TRX,15
M884,E2,DSC,IMP,10
M885,E2,LDS,TRI,30
M886,E2,DSC,EXP,2
M887,E2,LDS,IMP,22
M888,E2,DSC,IMP,2
M889,E2,DSC,TRI,30
M890,E2,RHL,TRI,7
M891,E2,DSC,TRX,5
M892,E2,DSC,IMP,31
M893,E2,RHL,EXP,19
M894,E2,DSC,TRI,16
M895,E2,LDS,TRX,5
M896,E2,DSC,TRI,19
M897,E2,LDS,TRX,14
M898,E2,LDS,EXP,31
M899,E2,TSM,IMP,8
M900,E2,LDS,TRX,27
M901,E2,RHL,TRI,38
M902,E2,LDS,IMP,34
M903,E2,DSC,EXP,4
M904,E2,LDS,EXP,36
M905,E2,TSM,TRI,18
M906,E2,RHL,IMP,4
M907,E2,LDS,TRX,7
M908,E2,TSM,EXP,17
M909,E2,TSS,IMP,36
M910,E2,DSC,TRI,30
M911,E2,LDS,TRX,9
M912,E2,TSM,TRX,37
M913,E2,RHL,EXP,26
M914,E2,TSS,EXP,40
M915,E2,LDS,IMP,37
M916,E2,DSC,IMP,37
M917,E2,LDS,IMP,25
M918,E2,DSC,TRX,30
M919,E2,LDS,EXP,16
M920,E2,TSS,TRX,38
M921,E2,TSS,IMP,22
M922,E2,DSC,EXP,33
M923,E2,LDS,TRX,13
M924,E2,DSC,IMP,18
M925,E2,LDS,TRI,28
M926,E2,DSC,TRX,21
M927,E2,DSC,IMP,27
M928,E2,TSS,IMP,30
M929,E2,RHL,TRX,25
M930,E2,LDS,TRX,5
M931,E2,RHL,TRI,15
M932,E2,RHL,TRX,28
M933,E2,DSC,TRI,15
M934,E2,LDS,IMP,35
M935,E2,LDS,TRI,37
M936,E2,LDS,IMP,27
M937,E2,DSC,TRX,17
M938,E2,DSC,TRX,15
M939,E2,TSS,TRI,13
M940,E2,RHL,TRX,4
M941,E2,LDS,IMP,14
M942,E2,TSS,TRX,5
M943,E3,TSM,TRI,24
M944,E3,LDS,TRI,17
M945,E3,LDS,TRX,35
M946,E3,DSC,IMP,9
M947,E3,RHL,TRI,33
M948,E3,TSM,TRI,37
M949,E3,DSC,TRX,21
M950,E3,DSC,TRX,32
M951,E3,DSC,TRX,10
M952,E3,DSC,IMP,30
M953,E3,LDS,TRX,37
M954,E3,DSC,TRI,23
M955,E3,LDS,IMP,5
M956,E3,DSC,EXP,24
M957,E3,TSS,TRX,18
M958,E3,DSC,IMP,35
M959,E3,LDS,TRX,10
M960,E3,RHL,EXP,14
M961,E3,DSC,IMP,6
M962,E3,LDS,IMP,13
M963,E3,DSC,TRX,4
M964,E3,LDS,IMP,19
M965,E3,TSS,EXP,40
M966,E3,LDS,TRI,22
M967,E3,TSS,EXP,31
M968,E3,LDS,IMP,29
M969,E3,TSM,TRI,39
M970,E3,LDS,TRI,15
M971,E3,LDS,TRI,10
M972,E3,LDS,TRI,29
M973,E3,TSS,EXP,12
M974,E3,TSM,EXP,31
M975,E3,DSC,TRI,14
M976,E3,RHL,TRI,15
M977,E3,LDS,IMP,15
M978,E3,LDS,IMP,5
M979,E3,RHL,IMP,7
M980,E3,DSC,TRI,32
M981,E3,LDS,TRX,5
M982,E3,RHL,TRX,2
M983,E3,TSM,EXP,36
M984,E3,DSC,EXP,21
M985,E3,DSC,TRI,15
M986,E3,LDS,TRI,16
M987,E3,DSC,EXP,19
M988,E3,DSC,IMP,2
M989,E3,LDS,TRX,38
M990,E3,DSC,EXP,8
M991,E3,DSC,IMP,31
M992,E3,LDS,EXP,20
M993,E3,LDS,TRX,33
M994,E3,DSC,TRX,24
M995,E3,LDS,TRX,29
M996,E3,LDS,EXP,19
M997,E3,DSC,TRI,26
M998,E3,DSC,IMP,40
M999,E3,LDS,EXP,24
M1000,E3,TSS,TRX,24
M1001,E3,RHL,TRX,6
M1002,E3,LDS,EXP,38
M1003,E3,TSM,EXP,5
M1004,E3,DSC,TRI,35
M1005,E3,LDS,TRI,3
M1006,E3,TSS,TRI,5
M1007,E3,LDS,IMP,1
M1008,E3,TSS,TRX,41
M1009,E3,RHL,TRX,36
M1010,E3,TSM,TRX,38
M1011,E3,RHL,IMP,38
M1012,E3,LDS,IMP,30
M1013,E3,RHL,EXP,32
M1014,E3,DSC,TRX,42
M1015,E3,LDS,TRI,37
M1016,E3,TSM,IMP,1
M1017,E3,DSC,EXP,39
M1018,E3,DSC,TRI,22
M1019,E3,DSC,IMP,41
M1020,E3,DSC,EXP,15
M1021,E3,RHL,IMP,23
M1022,E3,DSC,EXP,13
M1023,E3,LDS,EXP,31
M1024,E3,LDS,TRI,17
M1025,E3,TSS,EXP,21
M1026,E3,LDS,IMP,3
M1027,E3,TSS,TRI,25
M1028,E3,TSS,TRI,25
M1029,E3,LDS,EXP,27
M1030,E3,LDS,IMP,16
M1031,E3,LDS,TRI,13
M1032,E3,LDS,IMP,17
M1033,E3,DSC,EXP,25
M1034,E3,DSC,IMP,41
M1035,E3,LDS,TRX,21
M1036,E3,LDS,IMP,27
M1037,E3,LDS,TRX,8
M1038,E3,LDS,IMP,8
M1039,E3,DSC,TRI,36
M1040,E3,DSC,EXP,38
M1041,E3,LDS,EXP,14
M1042,E3,LDS,TRX,42
M1043,E3,LDS,EXP,29
M1044,E3,DSC,IMP,5
M1045,E3,LDS,IMP,9
M1046,E3,DSC,TRX,15
M1047,E3,TSS,TRX,11
M1048,E3,RHL,IMP,23
M1049,E3,TSS,EXP,18
M1050,E3,DSC,IMP,2
M1051,E3,DSC,TRX,10
M1052,E3,DSC,IMP,9
M1053,E3,TSS,IMP,38
M1054,E3,DSC,TRI,12
M1055,E3,DSC,IMP,28
M1056,E3,DSC,EXP,5
M1057,E3,DSC,TRX,27
M1058,E3,DSC,IMP,25
M1059,E3,DSC,TRI,3
M1060,E3,TSM,IMP,13
M1061,E3,RHL,IMP,28
M1062,E3,TSS,TRX,19
M1063,E3,LDS,EXP,11
M1064,E3,LDS,TRI,7
M1065,E3,TSM,IMP,17
M1066,E3,DSC,TRI,16
M1067,E3,RHL,IMP,42
M1068,E3,DSC,TRX,22
M1069,E3,RHL,IMP,36
M1070,E3,TSM,TRX,24
M1071,E3,LDS,TRI,15
M1072,E3,TSS,TRI,37
M1073,E3,DSC,TRX,32
M1074,E3,LDS,EXP,42
M1075,E3,DSC,TRI,14
M1076,E3,DSC,TRX,13
M1077,E3,DSC,IMP,17
M1078,E3,DSC,EXP,35
M1079,E3,TSS,EXP,25
M1080,E3,LDS,TRI,1
M1081,E3,DSC,IMP,41
M1082,E3,DSC,TRI,31
M1083,E3,TSM,IMP,5
M1084,E3,LDS,EXP,31
M1085,E3,DSC,TRX,31
M1086,E3,TSM,TRX,18
M1087,E3,DSC,TRX,16
M1088,E3,DSC,TRX,35
M1089,E3,LDS,EXP,42
M1090,E3,TSM,EXP,9
M1091,E3,LDS,EXP,3
M1092,E3,LDS,EXP,35
M1093,E3,RHL,TRI,42
M1094,E3,DSC,IMP,3
M1095,E3,DSC,TRI,17
M1096,E3,LDS,TRI,8
M1097,E3,DSC,IMP,31
M1098,E3,DSC,IMP,38
M1099,E3,DSC,IMP,11
M1100,E3,LDS,EXP,6
M1101,E3,LDS,TRI,8
M1102,E3,LDS,TRI,28
M1103,E3,LDS,EXP,4
M1104,E3,LDS,TRI,19
M1105,E3,LDS,TRI,41
M1106,E3,LDS,EXP,1
M1107,E3,LDS,TRI,31
M1108,E3,LDS,EXP,33
M1109,E3,DSC,EXP,24
M1110,E3,LDS,IMP,19
M1111,E3,DSC,TRX,18
M1112,E3,LDS,TRX,26
M1113,E3,LDS,TRI,6
M1114,E3,TSM,IMP,26
M1115,E3,LDS,EXP,29
M1116,E3,DSC,TRX,7
M1117,E3,LDS,EXP,29
M1118,E3,LDS,TRI,24
M1119,E3,LDS,EXP,1
M1120,E3,DSC,EXP,31
M1121,E3,DSC,EXP,9
M1122,E3,DSC,IMP,37
M1123,E3,LDS,EXP,22
M1124,E3,LDS,IMP,19
M1125,E3,TSM,TRI,10
M1126,E3,LDS,IMP,7
M1127,E3,LDS,TRI,31
M1128,E3,LDS,EXP,3
M1129,E3,TSM,EXP,31
M1130,E3,LDS,TRI,27
M1131,E3,DSC,IMP,27
M1132,E3,TSM,TRX,40
M1133,E3,DSC,IMP,27
M1134,E3,TSS,IMP,33
M1135,E3,DSC,TRI,16
M1136,E3,DSC,TRI,11
M1137,E3,LDS,TRI,16
M1138,E3,DSC,TRX,15
M1139,E3,LDS,IMP,33
M1140,E3,DSC,EXP,16
M1141,E3,TSS,TRX,42
M1142,E3,LDS,EXP,24
M1143,E3,DSC,EXP,39
M1144,E3,LDS,EXP,6
M1145,E3,LDS,TRX,27
M1146,E3,DSC,TRI,27
M1147,E3,RHL,IMP,42
M1148,E3,DSC,TRX,23
M1149,E3,LDS,TRI,10
M1150,E3,TSS,TRX,42
M1151,E3,DSC,TRX,21
M1152,E3,LDS,EXP,20
M1153,E3,LDS,IMP,10
M1154,E3,TSM,IMP,35
M1155,E3,DSC,TRX,15
M1156,E3,DSC,IMP,23
M1157,E3,LDS,EXP,19
M1158,E3,TSM,TRI,20
M1159,E3,RHL,IMP,14
M1160,E3,LDS,TRI,32
M1161,E3,DSC,IMP,27
M1162,E3,DSC,IMP,16
M1163,E3,LDS,TRX,21
M1164,E3,DSC,TRX,29
M1165,E3,DSC,EXP,24
M1166,E3,LDS,IMP,9
M1167,E3,DSC,IMP,12
M1168,E3,LDS,IMP,33
M1169,E3,DSC,TRX,40
M1170,E3,DSC,TRI,37
M1171,E3,DSC,TRI,6
M1172,E3,RHL,IMP,31
M1173,E3,DSC,TRI,8
M1174,E3,DSC,TRX,33
M1175,E3,RHL,TRX,6
M1176,E3,TSS,IMP,11
M1177,E3,TSM,TRI,8
M1178,E3,LDS,TRX,11
M1179,E3,LDS,TRI,41
M1180,E3,RHL,TRI,7
M1181,E3,TSS,TRX,1
M1182,E3,LDS,TRX,6
M1183,E3,TSM,EXP,5
M1184,E3,DSC,EXP,27
M1185,E3,DSC,EXP,28
M1186,E3,LDS,TRI,4
M1187,E3,LDS,IMP,36
M1188,E3,DSC,EXP,37
M1189,E3,LDS,TRX,1
M1190,E3,TSM,EXP,42
M1191,E3,LDS,EXP,31
M1192,E3,TSS,TRX,12
M1193,E3,LDS,TRX,38
M1194,E3,DSC,IMP,24
M1195,E3,DSC,EXP,6
M1196,E3,TSM,TRX,9
M1197,E3,TSM,IMP,16
M1198,E3,DSC,TRI,28
M1199,E3,TSM,IMP,30
M1200,E3,RHL,TRX,33
M1201,E3,LDS,TRI,37
M1202,E3,LDS,EXP,3
M1203,E3,LDS,TRI,3
M1204,E3,LDS,TRX,15
M1205,E3,TSS,IMP,6
M1206,E3,DSC,TRI,8
M1207,E3,DSC,EXP,4
M1208,E3,LDS,TRX,22
M1209,E3,DSC,IMP,22
M1210,E3,DSC,EXP,12
M1211,E3,RHL,IMP,13
M1212,E3,DSC,TRI,31
M1213,E3,RHL,TRI,3
M1214,E3,LDS,TRI,6
M1215,E3,LDS,TRI,5
M1216,E3,TSM,TRI,34
M1217,E3,TSM,EXP,22
M1218,E3,DSC,EXP,8
M1219,E3,LDS,TRX,5
M1220,E3,TSS,TRI,14
M1221,E3,DSC,TRX,33
M1222,E3,DSC,TRI,19
M1223,E3,TSM,TRX,26
M1224,E3,TSM,TRX,5
M1225,E3,LDS,TRX,39
M1226,E3,DSC,EXP,32
M1227,E3,DSC,IMP,20
M1228,E3,LDS,TRI,26
M1229,E3,TSM,TRI,24
M1230,E3,DSC,IMP,22
M1231,E3,LDS,TRX,6
M1232,E3,DSC,IMP,1
M1233,E3,DSC,TRI,11
M1234,E3,DSC,IMP,31
M1235,E3,LDS,IMP,24
M1236,E3,DSC,EXP,2
M1237,E3,LDS,TRX,36
M1238,E3,LDS,IMP,23
M1239,E3,LDS,TRI,33
M1240,E3,LDS,EXP,20
M1241,E3,LDS,IMP,40
M1242,E3,LDS,IMP,39
M1243,E3,LDS,TRX,1
M1244,E3,TSM,EXP,37
M1245,E3,DSC,TRX,8
M1246,E3,RHL,TRI,28
M1247,E3,DSC,EXP,25
M1248,E3,TSS,TRI,6
M1249,E3,LDS,TRX,4
M1250,E3,LDS,IMP,3
M1251,E3,LDS,EXP,22
M1252,E3,DSC,TRX,30
M1253,E3,DSC,TRX,9
M1254,E3,DSC,IMP,12
M1255,E3,DSC,TRX,33
M1256,E3,LDS,TRX,9
M1257,E3,LDS,IMP,34
M1258,E3,DSC,EXP,13
M1259,E3,LDS,TRX,39
M1260,E3,LDS,TRI,20
M1261,E3,LDS,EXP,6
M1262,E3,TSM,IMP,16
M1263,E3,DSC,IMP,6
M1264,E3,TSS,TRI,36
M1265,E3,DSC,TRI,38
M1266,E3,LDS,TRI,33
M1267,E3,RHL,TRI,41
M1268,E3,DSC,TRI,14
M1269,E3,DSC,IMP,3
M1270,E3,TSM,TRX,42
M1271,E3,TSS,IMP,4
M1272,E3,DSC,IMP,33
M1273,E3,RHL,TRX,4
M1274,E3,TSS,TRX,13
M1275,E3,LDS,TRX,24
M1276,E3,DSC,IMP,25
M1277,E3,RHL,TRX,30
M1278,E3,TSM,EXP,29
M1279,E3,LDS,IMP,11
M1280,E3,DSC,TRX,16
M1281,E3,TSS,EXP,15
M1282,E3,TSM,EXP,2
M1283,E3,LDS,EXP,20
M1284,E3,LDS,TRI,6
M1285,E3,DSC,IMP,23
M1286,E3,LDS,IMP,36
M1287,E3,TSM,TRX,39
M1288,E3,LDS,IMP,30
M1289,E3,LDS,IMP,39
M1290,E3,LDS,EXP,40
M1291,E3,LDS,IMP,1
M1292,E3,LDS,TRI,40
M1293,E3,LDS,TRX,38
M1294,E3,DSC,IMP,39
M1295,E3,TSM,TRX,41
M1296,E3,LDS,IMP,36
M1297,E3,DSC,TRI,4
M1298,E3,TSM,TRX,21
M1299,E3,DSC,IMP,37
M1300,E3,DSC,TRX,8
M1301,E3,DSC,TRX,23
M1302,E3,RHL,TRI,40
M1303,E3,TSM,EXP,37
M1304,E3,LDS,EXP,21
M1305,E3,DSC,TRI,27
M1306,E3,TSS,TRI,22
M1307,E3,LDS,TRI,35
M1308,E3,DSC,TRX,23
M1309,E3,TSS,EXP,20
M1310,E3,RHL,IMP,23
M1311,E3,DSC,IMP,35
M1312,E3,RHL,EXP,37
M1313,E3,DSC,TRX,39
M1314,E3,LDS,TRX,21
M1315,E3,LDS,TRI,4
M1316,E3,TSM,TRX,5
M1317,E3,RHL,IMP,17
M1318,E3,DSC,EXP,20
M1319,E3,LDS,TRX,21
M1320,E3,TSS,EXP,17
M1321,E3,TSS,TRI,6
M1322,E3,LDS,IMP,31
M1323,E3,DSC,EXP,15
M1324,E3,LDS,IMP,9
M1325,E3,DSC,TRX,29
M1326,E3,LDS,TRX,18
M1327,E3,DSC,IMP,30
M1328,E3,LDS,IMP,22
M1329,E3,LDS,TRX,22
M1330,E3,LDS,EXP,27
M1331,E3,LDS,TRI,19
M1332,E3,LDS,TRI,23
M1333,E3,DSC,TRX,24
M1334,E3,DSC,IMP,7
M1335,E3,TSM,TRX,4
M1336,E3,LDS,IMP,40
M1337,E3,DSC,TRX,19
M1338,E3,DSC,IMP,15
M1339,E3,DSC,IMP,11
M1340,E3,LDS,TRX,27
M1341,E3,LDS,TRI,20
M1342,E3,TSS,TRX,7
M1343,E3,LDS,TRI,39
M1344,E3,LDS,IMP,16
M1345,E3,LDS,EXP,21
M1346,E3,LDS,EXP,16
M1347,E3,DSC,TRX,7
M1348,E3,TSM,TRX,4
M1349,E3,TSS,EXP,5
M1350,E3,DSC,IMP,1
M1351,E3,TSS,TRI,6
M1352,E3,TSS,IMP,14
M1353,E3,TSM,EXP,40
M1354,E3,TSS,EXP,7
M1355,E3,DSC,TRI,4
M1356,E3,DSC,IMP,17
M1357,E3,LDS,IMP,16
M1358,E3,LDS,TRI,1
M1359,E3,LDS,TRX,35
M1360,E3,DSC,TRX,10
M1361,E3,LDS,EXP,13
M1362,E3,DSC,TRI,15
M1363,E3,LDS,IMP,33
M1364,E3,LDS,TRX,4
M1365,E3,LDS,IMP,41
M1366,E3,TSS,TRX,16
M1367,E3,DSC,TRX,36
M1368,E3,DSC,IMP,16
M1369,E3,DSC,IMP,23
M1370,E3,RHL,TRX,27
M1371,E3,DSC,IMP,9
M1372,E3,DSC,IMP,39
M1373,E3,DSC,EXP,38
M1374,E3,DSC,EXP,26
M1375,E3,LDS,IMP,41
M1376,E3,TSS,TRX,12
M1377,E3,TSS,EXP,21
M1378,E3,DSC,IMP,29
M1379,E3,RHL,TRX,29
M1380,E3,TSM,TRI,18
M1381,E3,LDS,TRI,13
M1382,E3,TSS,TRI,20
M1383,E3,LDS,IMP,37
M1384,E3,LDS,EXP,36
M1385,E3,LDS,IMP,24
M1386,E3,LDS,IMP,27
M1387,E3,LDS,EXP,6
M1388,E3,TSS,TRX,33
M1389,E3,LDS,IMP,8
M1390,E3,LDS,TRX,10
M1391,E3,LDS,IMP,9
M1392,E3,DSC,IMP,42
M1393,E3,LDS,EXP,7
M1394,E3,TSS,IMP,29
M1395,E3,LDS,EXP,18
M1396,E3,TSM,IMP,2
M1397,E3,DSC,TRX,7
M1398,E3,TSS,EXP,38
M1399,E3,DSC,EXP,3
M1400,E3,DSC,TRI,27
M1401,E3,TSS,EXP,31
M1402,E3,DSC,IMP,27
M1403,E3,DSC,TRX,10
M1404,E3,LDS,TRI,37
M1405,E3,DSC,EXP,40
M1406,E3,DSC,TRI,39
M1407,E3,LDS,TRI,13
M1408,E3,DSC,EXP,36
M1409,E3,DSC,IMP,17
M1410,E3,RHL,IMP,20
M1411,E3,RHL,IMP,38
M1412,E3,LDS,EXP,5
M1413,E3,DSC,EXP,30
M1414,E3,DSC,TRI,1
M1415,E3,TSS,EXP,39
M1416,E3,LDS,EXP,40
M1417,E3,DSC,TRI,7
M1418,E3,LDS,TRI,16
M1419,E3,TSM,TRX,11
M1420,E3,LDS,EXP,2
M1421,E3,DSC,IMP,28
M1422,E3,DSC,TRI,34
M1423,E3,TSS,IMP,11
M1424,E3,LDS,EXP,19
M1425,E3,DSC,TRX,20
M1426,E3,TSS,TRI,2
M1427,E3,LDS,TRX,31
M1428,E3,DSC,IMP,15
M1429,E3,LDS,EXP,1
M1430,E3,DSC,IMP,12
M1431,E3,LDS,EXP,38
M1432,E3,LDS,TRX,31
M1433,E3,LDS,TRI,33
M1434,E3,LDS,EXP,18
M1435,E3,RHL,TRI,40
M1436,E3,DSC,EXP,19
M1437,E3,DSC,TRX,32
M1438,E3,RHL,EXP,23
M1439,E3,TSM,TRX,34
M1440,E3,TSM,EXP,25
M1441,E3,LDS,IMP,2
M1442,E3,DSC,EXP,28
M1443,E3,TSM,TRX,39
M1444,E3,TSS,TRI,36
M1445,E3,DSC,IMP,28
M1446,E3,LDS,TRX,11
M1447,E3,LDS,TRI,20
M1448,E3,DSC,EXP,12
M1449,E3,TSS,EXP,11
M1450,E3,LDS,EXP,19
M1451,E3,DSC,TRX,1
M1452,E3,LDS,EXP,29
M1453,E3,DSC,TRX,11
M1454,E3,TSS,TRI,29
M1455,E3,DSC,IMP,40
M1456,E3,LDS,TRX,36
M1457,E3,DSC,TRX,21
M1458,E3,DSC,TRI,22
M1459,E3,LDS,IMP,42
M1460,E3,DSC,TRI,19
M1461,E3,LDS,TRX,15
M1462,E3,DSC,EXP,28
M1463,E3,DSC,TRI,30
M1464,E3,LDS,TRX,41
M1465,E3,RHL,EXP,16
M1466,E3,LDS,TRI,24
M1467,E3,DSC,TRX,32
M1468,E3,LDS,TRI,39
M1469,E3,TSS,TRI,25
M1470,E3,TSS,TRX,26
M1471,E3,LDS,EXP,34
M1472,E3,TSM,TRX,36
M1473,E3,DSC,EXP,13
M1474,E3,DSC,IMP,1
M1475,E3,LDS,TRI,2
M1476,E3,RHL,TRX,7
M1477,E3,TSS,IMP,11
M1478,E3,DSC,IMP,26
M1479,E3,DSC,TRX,40
M1480,E3,LDS,EXP,38
M1481,E3,DSC,IMP,39
M1482,E3,DSC,TRI,24
M1483,E3,LDS,IMP,27
M1484,E3,TSM,TRX,15
M1485,E3,DSC,TRX,32
M1486,E3,DSC,IMP,6
M1487,E3,LDS,IMP,12
M1488,E3,DSC,TRX,7
M1489,E3,DSC,TRI,3
M1490,E3,DSC,TRX,30
M1491,E3,DSC,EXP,17
M1492,E3,DSC,IMP,3
M1493,E3,DSC,IMP,35
M1494,E3,DSC,TRI,38
M1495,E3,LDS,EXP,30
M1496,E3,LDS,EXP,29
M1497,E3,LDS,EXP,28
M1498,E3,RHL,EXP,2
M1499,E3,RHL,IMP,9
M1500,E3,DSC,EXP,12
M1501,E3,LDS,TRI,19
M1502,E3,DSC,TRI,28
M1503,E3,TSM,TRX,17
M1504,E3,RHL,TRX,26
M1505,E3,DSC,TRX,21
M1506,E3,LDS,TRI,5
M1507,E3,LDS,TRI,26
M1508,E3,DSC,TRI,1
M1509,E3,RHL,TRI,33
M1510,E3,TSS,TRX,38
M1511,E3,DSC,TRX,2
M1512,E3,DSC,TRX,35
M1513,E3,LDS,TRI,36
M1514,E3,LDS,TRX,32
M1515,E3,LDS,TRI,28
M1516,E3,TSM,TRX,6
M1517,E3,RHL,EXP,37
M1518,E3,LDS,IMP,26
M1519,E3,DSC,EXP,2
M1520,E3,DSC,TRI,24
M1521,E3,RHL,TRX,11
M1522,E3,DSC,TRX,5
M1523,E3,LDS,IMP,33
M1524,E3,RHL,EXP,30
M1525,E3,LDS,EXP,34
M1526,E3,LDS,EXP,5
M1527,E3,RHL,TRI,34
M1528,E3,RHL,TRX,30
M1529,E3,LDS,TRX,27
M1530,E3,LDS,TRI,13
M1531,E3,TSM,EXP,38
M1532,E3,DSC,TRI,16
M1533,E3,LDS,EXP,36
M1534,E3,LDS,TRI,28
M1535,E3,TSS,EXP,20
M1536,E3,TSS,IMP,9
M1537,E3,DSC,TRI,33
M1538,E3,LDS,TRX,37
M1539,E3,LDS,IMP,36
M1540,E3,TSS,TRX,29
M1541,E3,LDS,TRI,21
M1542,E3,DSC,TRI,27
M1543,E3,DSC,TRX,24
M1544,E3,DSC,TRI,42
M1545,E3,LDS,EXP,5
M1546,E3,TSS,IMP,18
M1547,E3,RHL,EXP,5
M1548,E3,TSM,TRI,42
M1549,E3,LDS,EXP,33
M1550,E3,TSS,TRX,15
M1551,E3,LDS,TRI,10
M1552,E3,LDS,IMP,38
M1553,E3,LDS,TRX,31
M1554,E3,TSM,IMP,37
M1555,E3,LDS,EXP,34
M1556,E3,DSC,IMP,39
M1557,E3,TSS,TRI,32
M1558,E3,DSC,TRI,30
M1559,E3,DSC,EXP,39
M1560,E3,LDS,TRI,38
M1561,E3,LDS,TRX,3
M1562,E3,DSC,TRX,10
M1563,E3,RHL,EXP,8
M1564,E3,LDS,TRX,26
M1565,E3,TSS,EXP,39
M1566,E3,LDS,TRI,19
M1567,E3,LDS,TRI,16
M1568,E3,DSC,TRX,26
M1569,E3,DSC,IMP,10
M1570,E3,DSC,TRI,25
M1571,E3,DSC,TRI,24
M1572,E3,DSC,EXP,26
M1573,E3,LDS,TRI,23
M1574,E3,DSC,EXP,28
M1575,E3,TSM,EXP,7
M1576,E3,LDS,TRI,25
M1577,E3,TSM,TRX,11
M1578,E3,LDS,IMP,2
M1579,E3,LDS,TRI,26
M1580,E3,LDS,IMP,32
M1581,E3,DSC,TRX,1
M1582,E3,LDS,IMP,41
M1583,E3,DSC,TRI,16
M1584,E3,LDS,EXP,27
M1585,E3,LDS,TRX,16
M1586,E3,DSC,TRI,22
M1587,E3,DSC,EXP,4
M1588,E3,LDS,IMP,22
M1589,E3,LDS,TRX,6
M1590,E3,LDS,EXP,25
M1591,E3,DSC,EXP,27
M1592,E3,DSC,IMP,24
M1593,E3,DSC,EXP,7
M1594,E3,TSM,TRX,6
M1595,E3,LDS,TRX,11
M1596,E3,DSC,TRI,24
M1597,E3,DSC,IMP,25
M1598,E3,DSC,IMP,42
M1599,E3,LDS,EXP,5
M1600,E3,LDS,TRI,28
M1601,E3,LDS,TRI,39
M1602,E3,DSC,IMP,11
M1603,E3,TSM,TRX,29
M1604,E3,TSM,IMP,1
M1605,E3,DSC,IMP,25
M1606,E3,LDS,TRI,16
M1607,E3,RHL,TRI,22
M1608,E3,LDS,IMP,24
M1609,E3,DSC,IMP,25
M1610,E3,TSM,TRI,35
M1611,E3,TSM,IMP,35
M1612,E3,RHL,IMP,37
M1613,E3,LDS,TRX,7
M1614,E3,LDS,TRI,29
M1615,E3,LDS,EXP,32
M1616,E3,LDS,EXP,34
M1617,E3,TSS,EXP,40
M1618,E3,DSC,TRX,40
M1619,E3,DSC,TRX,25
M1620,E3,LDS,TRX,2
M1621,E3,LDS,EXP,18
M1622,E3,TSS,EXP,6
M1623,E3,LDS,TRX,6
M1624,E3,TSS,IMP,40
M1625,E3,RHL,TRI,33
M1626,E3,DSC,EXP,21
M1627,E3,DSC,TRX,34
M1628,E3,TSM,TRX,42
M1629,E3,TSM,TRX,7
M1630,E3,DSC,EXP,30
M1631,E3,DSC,TRX,18
M1632,E3,LDS,EXP,21
M1633,E3,DSC,IMP,14
M1634,E3,DSC,TRX,30
M1635,E3,DSC,IMP,42
M1636,E3,LDS,TRI,5
M1637,E3,DSC,IMP,39
M1638,E3,DSC,EXP,20
M1639,E3,DSC,EXP,41
M1640,E3,RHL,TRI,37
M1641,E3,DSC,IMP,25
M1642,E3,LDS,EXP,17
M1643,E3,DSC,TRX,14
M1644,E3,LDS,TRX,1
M1645,E3,TSS,TRI,3
M1646,E3,RHL,TRX,15
M1647,E3,RHL,TRI,11
M1648,E3,DSC,IMP,17
M1649,E3,TSM,IMP,37
M1650,E3,RHL,TRX,33
M1651,E3,LDS,IMP,30
M1652,E3,LDS,EXP,41
M1653,E3,TSM,TRI,38
M1654,E3,LDS,EXP,18
M1655,E3,LDS,TRX,23
M1656,E3,RHL,TRI,39
M1657,E3,LDS,EXP,11
M1658,E3,TSM,TRX,14
M1659,E3,TSS,TRI,19
M1660,E3,LDS,TRI,4
M1661,E3,TSM,EXP,5
M1662,E3,LDS,TRX,2
M1663,E3,DSC,EXP,41
M1664,E3,DSC,TRX,28
M1665,E3,DSC,IMP,42
M1666,E3,LDS,IMP,32
M1667,E3,LDS,IMP,20
M1668,E3,DSC,EXP,37
M1669,E3,LDS,TRI,31
M1670,E3,LDS,TRI,13
M1671,E3,LDS,TRI,24
M1672,E3,RHL,EXP,39
M1673,E3,LDS,TRX,41
M1674,E3,LDS,TRI,21
M1675,E3,DSC,TRI,23
M1676,E3,LDS,EXP,12
M1677,E3,TSM,TRX,34
M1678,E3,RHL,TRX,22
M1679,E3,LDS,IMP,16
M1680,E3,DSC,TRI,20
M1681,E3,LDS,TRX,20
M1682,E3,LDS,EXP,29
M1683,E3,TSS,IMP,20
M1684,E3,LDS,TRI,2
M1685,E3,TSM,TRI,7
M1686,E3,LDS,IMP,41
M1687,E3,DSC,IMP,30
M1688,E3,RHL,TRI,6
M1689,E3,DSC,IMP,33
M1690,E3,DSC,EXP,41
M1691,E3,LDS,EXP,39
M1692,E3,DSC,IMP,26
M1693,E3,LDS,TRI,40
M1694,E3,DSC,IMP,8
M1695,E4,DSC,TRX,15
M1696,E4,DSC,EXP,26
M1697,E4,DSC,EXP,36
M1698,E4,LDS,TRI,1
M1699,E4,LDS,IMP,6
M1700,E4,LDS,TRI,4
M1701,E4,TSM,TRX,13
M1702,E4,LDS,EXP,1
M1703,E4,RHL,TRI,5
M1704,E4,DSC,TRX,33
M1705,E4,LDS,EXP,32
M1706,E4,LDS,TRI,26
M1707,E4,LDS,IMP,31
M1708,E4,TSS,TRX,10
M1709,E4,DSC,TRI,41
M1710,E4,DSC,TRX,15
M1711,E4,LDS,IMP,41
M1712,E4,LDS,EXP,31
M1713,E4,DSC,TRI,41
M1714,E4,LDS,EXP,1
M1715,E4,LDS,EXP,39
M1716,E4,DSC,EXP,20
M1717,E4,RHL,EXP,20
M1718,E4,LDS,TRI,36
M1719,E4,TSM,TRX,16
M1720,E4,LDS,TRI,4
M1721,E4,DSC,TRX,6
M1722,E4,LDS,EXP,18
M1723,E4,DSC,IMP,28
M1724,E4,LDS,TRI,12
M1725,E4,DSC,IMP,16
M1726,E4,LDS,IMP,29
M1727,E4,LDS,TRI,15
M1728,E4,RHL,TRX,13
M1729,E4,LDS,TRX,23
M1730,E4,TSM,TRI,8
M1731,E4,DSC,EXP,23
M1732,E4,RHL,TRX,28
M1733,E4,DSC,IMP,17
M1734,E4,LDS,IMP,39
M1735,E4,LDS,IMP,24
M1736,E4,LDS,IMP,31
M1737,E4,TSM,TRX,35
M1738,E4,LDS,TRI,16
M1739,E4,DSC,TRI,15
M1740,E4,LDS,TRX,1
M1741,E4,DSC,EXP,40
M1742,E4,RHL,TRX,31
M1743,E4,DSC,TRX,22
M1744,E4,DSC,TRX,40
M1745,E4,TSS,EXP,33
M1746,E4,LDS,TRI,28
M1747,E4,DSC,TRX,5
M1748,E4,TSM,IMP,15
M1749,E4,LDS,EXP,39
M1750,E4,LDS,EXP,15
M1751,E4,LDS,IMP,5
M1752,E4,TSM,TRI,9
M1753,E4,LDS,TRX,19
M1754,E4,LDS,TRI,10
M1755,E4,RHL,IMP,41
M1756,E4,DSC,TRI,34
M1757,E4,RHL,TRI,20
M1758,E4,DSC,EXP,19
M1759,E4,DSC,TRI,24
M1760,E4,DSC,IMP,25
M1761,E4,LDS,EXP,8
M1762,E4,TSS,IMP,18
M1763,E4,DSC,IMP,2
M1764,E4,RHL,TRI,10
M1765,E4,LDS,IMP,33
M1766,E4,DSC,EXP,35
M1767,E4,DSC,TRX,3
M1768,E4,RHL,TRI,35
M1769,E4,DSC,EXP,6
M1770,E4,LDS,IMP,6
M1771,E4,DSC,EXP,27
M1772,E4,TSM,EXP,38
M1773,E4,DSC,IMP,41
M1774,E4,LDS,EXP,33
M1775,E4,LDS,TRI,13
M1776,E4,TSS,EXP,9
M1777,E4,DSC,EXP,6
M1778,E4,TSM,EXP,1
M1779,E4,LDS,TRI,42
M1780,E4,DSC,EXP,8
M1781,E4,DSC,TRX,4
M1782,E4,DSC,IMP,40
M1783,E4,LDS,IMP,34
M1784,E4,LDS,IMP,19
M1785,E4,TSS,TRX,42
M1786,E4,TSS,TRX,22
M1787,E4,RHL,EXP,16
M1788,E4,RHL,TRI,3
M1789,E4,DSC,EXP,23
M1790,E4,LDS,TRX,40
M1791,E4,TSS,TRX,14
M1792,E4,LDS,TRI,27
M1793,E4,LDS,TRI,6
M1794,E4,LDS,EXP,17
M1795,E4,DSC,IMP,22
M1796,E4,DSC,TRI,37
M1797,E4,LDS,EXP,16
M1798,E4,TSS,EXP,10
M1799,E4,LDS,IMP,9
M1800,E4,DSC,IMP,21
M1801,E4,LDS,TRX,12
M1802,E4,TSS,IMP,2
M1803,E4,DSC,TRI,12
M1804,E4,LDS,IMP,21
M1805,E4,DSC,EXP,1
M1806,E4,TSS,EXP,27
M1807,E4,DSC,EXP,39
M1808,E4,TSS,IMP,20
M1809,E4,LDS,EXP,16
M1810,E4,DSC,EXP,21
M1811,E4,RHL,TRI,5
M1812,E4,TSM,EXP,34
M1813,E4,DSC,IMP,32
M1814,E4,DSC,EXP,41
M1815,E4,TSS,EXP,3
M1816,E4,TSM,IMP,3
M1817,E4,TSS,TRI,2
M1818,E4,TSM,TRI,21
M1819,E4,RHL,TRX,32
M1820,E4,DSC,IMP,26
M1821,E4,LDS,EXP,12
M1822,E4,TSM,TRI,4
M1823,E4,RHL,IMP,28
M1824,E4,TSS,TRX,9
M1825,E4,DSC,TRI,19
M1826,E4,TSS,TRX,28
M1827,E4,TSM,EXP,33
M1828,E4,LDS,TRI,27
M1829,E4,LDS,TRI,34
M1830,E4,DSC,TRI,35
M1831,E4,TSM,TRI,38
M1832,E4,TSS,EXP,31
M1833,E4,TSS,TRI,32
M1834,E4,RHL,TRX,21
M1835,E4,LDS,TRI,15
M1836,E4,TSM,IMP,37
M1837,E4,DSC,TRI,14
M1838,E4,DSC,IMP,20
M1839,E4,RHL,TRI,37
M1840,E4,LDS,IMP,8
M1841,E4,LDS,TRX,30
M1842,E4,RHL,TRI,41
M1843,E4,DSC,TRX,13
M1844,E4,DSC,IMP,19
M1845,E4,LDS,EXP,21
M1846,E4,RHL,IMP,27
M1847,E4,DSC,IMP,10
M1848,E4,LDS,EXP,6
M1849,E4,DSC,EXP,22
M1850,E4,DSC,IMP,41
M1851,E4,DSC,EXP,29
M1852,E4,DSC,TRI,40
M1853,E4,RHL,EXP,33
M1854,E4,DSC,TRI,38
M1855,E4,DSC,EXP,30
M1856,E4,RHL,TRI,22
M1857,E4,DSC,TRI,33
M1858,E4,RHL,IMP,18
M1859,E4,LDS,TRI,16
M1860,E4,DSC,IMP,15
M1861,E4,DSC,TRX,40
M1862,E4,RHL,IMP,25
M1863,E4,LDS,TRI,14
M1864,E4,LDS,EXP,7
M1865,E4,DSC,TRX,19
M1866,E4,LDS,TRI,40
M1867,E4,LDS,TRX,39
M1868,E4,LDS,TRI,6
M1869,E4,TSM,IMP,15
M1870,E4,LDS,TRI,41
M1871,E4,DSC,IMP,6
M1872,E4,DSC,IMP,11
M1873,E4,LDS,TRX,42
M1874,E4,RHL,EXP,23
M1875,E4,DSC,TRI,16
M1876,E4,RHL,IMP,2
M1877,E4,LDS,IMP,34
M1878,E4,LDS,TRI,36
M1879,E4,TSM,IMP,31
M1880,E4,LDS,TRI,25
M1881,E4,DSC,TRI,15
M1882,E4,TSS,TRI,6
M1883,E4,LDS,TRX,39
M1884,E4,LDS,TRX,14
M1885,E4,RHL,IMP,2
M1886,E4,RHL,IMP,8
M1887,E4,LDS,IMP,23
M1888,E4,RHL,IMP,14
M1889,E4,LDS,IMP,8
M1890,E4,DSC,EXP,42
M1891,E4,TSM,EXP,36
M1892,E4,DSC,EXP,1
M1893,E4,RHL,TRX,42
M1894,E4,LDS,TRI,6
M1895,E4,RHL,TRI,3
M1896,E4,TSM,IMP,28
M1897,E4,RHL,TRX,37
M1898,E4,DSC,EXP,29
M1899,E4,LDS,TRI,31
M1900,E4,LDS,TRX,15
M1901,E4,RHL,IMP,29
M1902,E4,TSM,TRX,6
M1903,E4,TSS,IMP,8
M1904,E4,DSC,TRI,14
M1905,E4,DSC,EXP,42
M1906,E4,DSC,IMP,19
M1907,E4,TSS,TRX,5
M1908,E4,TSS,TRX,34
M1909,E4,LDS,IMP,22
M1910,E4,DSC,IMP,16
M1911,E4,DSC,TRI,11
M1912,E4,RHL,TRI,40
M1913,E4,TSM,TRX,14
M1914,E4,LDS,IMP,8
M1915,E4,LDS,TRX,6
M1916,E4,LDS,TRX,15
M1917,E4,TSM,IMP,21
M1918,E4,LDS,IMP,4
M1919,E4,DSC,IMP,21
M1920,E4,LDS,TRX,5
M1921,E4,LDS,TRX,32
M1922,E4,TSS,TRI,3
M1923,E4,LDS,IMP,15
M1924,E4,DSC,EXP,2
M1925,E4,DSC,TRX,25
M1926,E4,DSC,IMP,15
M1927,E4,DSC,TRI,27
M1928,E4,RHL,IMP,7
M1929,E4,LDS,TRX,30
M1930,E4,DSC,TRX,21
M1931,E4,LDS,TRX,4
M1932,E4,LDS,EXP,29
M1933,E4,DSC,TRI,13
M1934,E4,TSM,TRX,39
M1935,E4,TSS,TRX,24
M1936,E4,DSC,TRX,33
M1937,E4,RHL,EXP,37
M1938,E4,DSC,EXP,24
M1939,E4,DSC,TRX,17
M1940,E4,LDS,EXP,11
M1941,E4,LDS,EXP,30
M1942,E4,LDS,IMP,32
M1943,E4,LDS,TRX,31
M1944,E4,LDS,TRI,35
M1945,E4,DSC,TRI,12
M1946,E4,LDS,TRX,32
M1947,E4,TSM,TRI,38
M1948,E4,DSC,EXP,32
M1949,E4,LDS,EXP,30
M1950,E4,RHL,TRI,33
M1951,E4,DSC,TRX,13
M1952,E4,LDS,TRX,38
M1953,E4,DSC,IMP,35
M1954,E4,LDS,IMP,19
M1955,E4,LDS,TRI,36
M1956,E4,LDS,TRX,29
M1957,E4,DSC,TRI,15
M1958,E4,DSC,TRX,35
M1959,E4,LDS,IMP,40
M1960,E4,TSS,TRI,11
M1961,E4,DSC,TRI,21
M1962,E4,LDS,TRI,38
M1963,E4,LDS,TRI,12
M1964,E4,RHL,TRX,24
M1965,E4,LDS,TRI,27
M1966,E4,LDS,TRX,20
M1967,E4,TSS,TRX,29
M1968,E4,LDS,IMP,7
M1969,E4,LDS,TRI,27
M1970,E4,LDS,EXP,36
M1971,E4,DSC,TRI,10
M1972,E4,DSC,TRI,42
M1973,E4,DSC,EXP,26
M1974,E4,LDS,IMP,14
M1975,E4,DSC,IMP,5
M1976,E4,LDS,EXP,9
M1977,E4,LDS,TRX,23
M1978,E4,DSC,IMP,39
M1979,E4,RHL,TRI,35
M1980,E4,TSM,EXP,40
M1981,E4,LDS,TRX,37
M1982,E4,TSS,TRX,20
M1983,E4,LDS,IMP,32
M1984,E4,DSC,TRX,4
M1985,E4,LDS,EXP,40
M1986,E4,DSC,TRX,30
M1987,E4,LDS,EXP,10
M1988,E4,DSC,TRI,11
M1989,E4,DSC,EXP,29
M1990,E4,DSC,IMP,16
M1991,E4,LDS,TRI,7
M1992,E4,LDS,IMP,4
M1993,E4,LDS,TRI,15
M1994,E4,TSM,TRX,41
M1995,E4,TSS,IMP,16
M1996,E4,LDS,TRX,24
M1997,E4,DSC,TRI,17
M1998,E4,DSC,TRX,14
M1999,E4,DSC,TRX,31
M2000,E4,DSC,TRI,34
M2001,E4,DSC,EXP,8
M2002,E4,LDS,EXP,42
M2003,E4,TSM,IMP,25
M2004,E4,DSC,TRX,27
M2005,E4,DSC,TRI,36
M2006,E4,DSC,EXP,5
M2007,E4,LDS,EXP,35
M2008,E4,LDS,TRX,8
M2009,E4,TSM,IMP,18
M2010,E4,LDS,TRX,32
M2011,E4,DSC,TRX,5
M2012,E4,LDS,EXP,3
M2013,E4,LDS,TRI,10
M2014,E4,LDS,IMP,24
M2015,E4,TSS,IMP,16
M2016,E4,DSC,IMP,18
M2017,E4,LDS,TRI,33
M2018,E4,TSM,TRX,36
M2019,E4,DSC,EXP,18
M2020,E4,DSC,TRX,16
M2021,E4,RHL,TRX,18
M2022,E4,LDS,TRI,21
M2023,E4,DSC,IMP,41
M2024,E4,LDS,TRX,39
M2025,E4,LDS,EXP,25
M2026,E4,LDS,EXP,20
M2027,E4,DSC,IMP,4
M2028,E4,DSC,IMP,23
M2029,E4,LDS,TRI,11
M2030,E4,DSC,TRI,42
M2031,E4,DSC,TRX,37
M2032,E4,LDS,TRX,37
M2033,E4,DSC,IMP,41
M2034,E4,DSC,TRI,17
M2035,E4,TSM,EXP,9
M2036,E4,LDS,IMP,5
M2037,E4,DSC,EXP,36
M2038,E4,DSC,TRX,17
M2039,E4,LDS,TRX,39
M2040,E4,RHL,TRX,22
M2041,E4,RHL,TRI,7
M2042,E4,DSC,IMP,11
M2043,E4,LDS,TRX,1
M2044,E4,LDS,TRI,8
M2045,E4,TSM,TRX,14
M2046,E4,DSC,TRI,28
M2047,E4,LDS,IMP,37
M2048,E4,LDS,TRI,32
M2049,E4,LDS,TRI,29
M2050,E4,TSS,IMP,17
M2051,E4,LDS,IMP,25
M2052,E4,DSC,TRI,21
M2053,E4,TSS,TRI,19
M2054,E4,RHL,TRI,31
M2055,E4,TSM,IMP,15
M2056,E4,DSC,EXP,16
M2057,E4,DSC,TRI,33
M2058,E4,LDS,TRI,34
M2059,E4,LDS,EXP,5
M2060,E4,DSC,IMP,37
M2061,E4,DSC,IMP,31
M2062,E4,LDS,TRX,7
M2063,E4,LDS,TRX,34
M2064,E4,RHL,IMP,17
M2065,E4,DSC,IMP,12
M2066,E4,TSS,IMP,21
M2067,E4,DSC,IMP,26
M2068,E4,TSS,EXP,37
M2069,E4,DSC,TRX,2
M2070,E4,TSS,EXP,13
M2071,E4,RHL,TRI,35
M2072,E4,LDS,TRX,1
M2073,E4,RHL,IMP,7
M2074,E4,DSC,TRI,13
M2075,E4,LDS,EXP,36
M2076,E4,TSM,EXP,8
M2077,E4,RHL,TRI,27
M2078,E4,TSS,TRI,33
M2079,E4,RHL,TRI,21
M2080,E4,TSS,TRX,12
M2081,E4,LDS,IMP,29
M2082,E4,LDS,EXP,8
M2083,E4,DSC,IMP,17
M2084,E4,TSM,EXP,21
M2085,E4,LDS,TRX,33
M2086,E4,LDS,EXP,13
M2087,E4,DSC,TRX,37
M2088,E4,RHL,TRX,36
M2089,E4,LDS,TRI,42
M2090,E4,LDS,TRI,28
M2091,E4,LDS,IMP,3
M2092,E4,LDS,TRX,2
M2093,E4,TSS,TRX,4
M2094,E4,TSS,IMP,29
M2095,E4,DSC,IMP,23
M2096,E4,DSC,EXP,40
M2097,E4,LDS,IMP,9
M2098,E4,TSS,IMP,17
M2099,E4,LDS,TRX,22
M2100,E4,TSS,TRI,27
M2101,E4,RHL,TRI,13
M2102,E4,LDS,TRX,19
M2103,E4,TSS,TRI,27
M2104,E4,LDS,TRX,11
M2105,E4,TSM,IMP,40
M2106,E4,LDS,TRI,31
M2107,E4,LDS,IMP,9
M2108,E4,TSS,TRX,33
M2109,E4,LDS,IMP,21
M2110,E4,LDS,IMP,1
M2111,E4,LDS,EXP,30
M2112,E4,DSC,IMP,21
M2113,E4,TSS,TRI,24
M2114,E4,LDS,TRI,10
M2115,E4,TSS,IMP,8
M2116,E4,LDS,TRX,11
M2117,E4,DSC,EXP,2
M2118,E4,TSS,TRX,41
M2119,E4,LDS,EXP,33
M2120,E4,DSC,TRX,42
M2121,E4,LDS,TRX,16
M2122,E4,LDS,IMP,2
M2123,E4,DSC,TRI,25
M2124,E4,DSC,EXP,24
M2125,E4,TSM,EXP,26
M2126,E4,RHL,TRI,2
M2127,E4,TSS,EXP,8
M2128,E4,TSS,TRX,11
M2129,E4,TSS,TRI,40
M2130,E4,DSC,TRI,8
M2131,E4,TSS,EXP,32
M2132,E4,LDS,TRX,4
M2133,E4,DSC,TRI,20
M2134,E4,DSC,TRI,4
M2135,E4,DSC,EXP,24
M2136,E4,LDS,EXP,34
M2137,E4,DSC,EXP,21
M2138,E4,LDS,TRX,8
M2139,E4,TSM,EXP,28
M2140,E4,LDS,TRI,24
M2141,E4,DSC,TRI,33
M2142,E4,LDS,TRI,34
M2143,E4,TSM,IMP,31
M2144,E4,LDS,TRX,29
M2145,E4,TSS,TRI,34
M2146,E4,TSM,TRI,12
M2147,E4,RHL,EXP,34
M2148,E4,LDS,IMP,37
M2149,E4,DSC,TRI,21
M2150,E4,DSC,TRX,6
M2151,E4,DSC,TRI,24
M2152,E4,LDS,TRI,5
M2153,E4,DSC,IMP,36
M2154,E4,LDS,TRX,29
M2155,E4,LDS,TRI,32
M2156,E4,DSC,EXP,16
M2157,E4,LDS,EXP,35
M2158,E4,DSC,IMP,24
M2159,E4,LDS,TRX,2
M2160,E4,LDS,IMP,10
M2161,E4,TSS,IMP,28
M2162,E4,LDS,EXP,25
M2163,E4,DSC,EXP,40
M2164,E4,LDS,EXP,17
M2165,E4,LDS,IMP,3
M2166,E4,DSC,EXP,9
M2167,E4,DSC,TRI,19
M2168,E4,LDS,EXP,30
M2169,E4,DSC,TRX,5
M2170,E4,RHL,EXP,40
M2171,E4,LDS,IMP,32
M2172,E4,TSS,TRX,20
M2173,E4,LDS,TRI,33
M2174,E4,RHL,EXP,40
M2175,E4,TSS,EXP,13
M2176,E4,DSC,TRI,6
M2177,E4,LDS,IMP,20
M2178,E4,DSC,TRI,41
M2179,E4,TSM,EXP,5
M2180,E4,TSS,TRI,37
M2181,E5,DSC,TRI,36
M2182,E5,DSC,TRX,34
M2183,E5,DSC,TRI,11
M2184,E5,DSC,TRX,10
M2185,E5,LDS,IMP,26
M2186,E5,LDS,EXP,24
M2187,E5,DSC,TRX,32
M2188,E5,LDS,IMP,39
M2189,E5,DSC,IMP,30
M2190,E5,LDS,EXP,2
M2191,E5,DSC,EXP,20
M2192,E5,RHL,TRI,38
M2193,E5,DSC,TRI,25
M2194,E5,LDS,EXP,10
M2195,E5,RHL,TRX,18
M2196,E5,DSC,EXP,7
M2197,E5,LDS,TRX,27
M2198,E5,LDS,IMP,23
M2199,E5,DSC,EXP,2
M2200,E5,TSS,IMP,34
M2201,E5,RHL,IMP,13
M2202,E5,LDS,EXP,7
M2203,E5,RHL,IMP,28
M2204,E5,LDS,IMP,4
M2205,E5,DSC,TRI,18
M2206,E5,LDS,EXP,7
M2207,E5,DSC,IMP,40
M2208,E5,DSC,EXP,14
M2209,E5,TSS,EXP,3
M2210,E5,LDS,IMP,14
M2211,E5,DSC,TRI,7
M2212,E5,LDS,TRX,6
M2213,E5,LDS,TRX,12
M2214,E5,LDS,TRX,9
M2215,E5,TSM,TRX,40
M2216,E5,RHL,EXP,24
M2217,E5,TSS,TRI,30
M2218,E5,TSM,IMP,42
M2219,E5,TSM,TRI,32
M2220,E5,RHL,TRX,37
M2221,E5,DSC,TRX,16
M2222,E5,DSC,TRI,12
M2223,E5,TSS,IMP,41
M2224,E5,LDS,TRI,11
M2225,E5,DSC,TRX,11
M2226,E5,TSM,TRX,28
M2227,E5,LDS,IMP,28
M2228,E5,DSC,TRX,14
M2229,E5,LDS,EXP,5
M2230,E5,LDS,IMP,41
M2231,E5,TSS,TRI,18
M2232,E5,TSS,EXP,12
M2233,E5,DSC,EXP,4
M2234,E5,TSM,EXP,18
M2235,E5,TSM,IMP,33
M2236,E5,DSC,TRX,28
M2237,E5,LDS,EXP,14
M2238,E5,DSC,EXP,6
M2239,E5,DSC,EXP,27
M2240,E5,DSC,IMP,33
M2241,E5,LDS,IMP,28
M2242,E5,DSC,TRI,7
M2243,E5,LDS,TRI,17
M2244,E5,DSC,TRI,27
M2245,E5,DSC,TRI,29
M2246,E5,LDS,TRI,28
M2247,E5,DSC,IMP,15
M2248,E5,RHL,TRI,34
M2249,E5,DSC,IMP,36
M2250,E5,DSC,IMP,2
M2251,E5,DSC,TRI,31
M2252,E5,TSM,EXP,40
M2253,E5,DSC,EXP,26
M2254,E5,LDS,TRX,2
M2255,E5,DSC,TRX,14
M2256,E5,LDS,IMP,8
M2257,E5,TSS,TRI,2
M2258,E5,RHL,TRI,39
M2259,E5,LDS,IMP,40
M2260,E5,LDS,TRI,29
M2261,E5,LDS,IMP,11
M2262,E5,LDS,TRI,1
M2263,E5,LDS,IMP,5
M2264,E5,RHL,TRI,14
M2265,E5,LDS,EXP,2
M2266,E5,TSM,IMP,24
M2267,E5,DSC,IMP,18
M2268,E5,TSS,EXP,10
M2269,E5,DSC,TRX,2
M2270,E5,LDS,TRI,3
M2271,E5,RHL,EXP,30
M2272,E5,RHL,TRX,5
M2273,E5,TSS,IMP,33
M2274,E5,TSM,EXP,23
M2275,E5,LDS,TRI,25
M2276,E5,DSC,EXP,30
M2277,E5,DSC,TRI,23
M2278,E5,LDS,EXP,32
M2279,E5,LDS,TRI,29
M2280,E5,RHL,EXP,13
M2281,E5,LDS,IMP,12
M2282,E5,LDS,EXP,6
M2283,E5,TSS,TRX,18
M2284,E5,DSC,TRX,24
M2285,E5,DSC,TRI,3
M2286,E5,TSM,TRI,21
M2287,E5,LDS,EXP,12
M2288,E5,RHL,TRI,1
M2289,E5,LDS,TRI,42
M2290,E5,LDS,TRX,36
M2291,E5,LDS,EXP,5
M2292,E5,LDS,TRI,30
M2293,E5,RHL,IMP,2
M2294,E5,RHL,EXP,24
M2295,E5,TSS,TRI,27
M2296,E5,DSC,EXP,14
M2297,E5,LDS,IMP,32
M2298,E5,DSC,IMP,36
M2299,E5,LDS,TRX,36
M2300,E5,TSM,EXP,9
M2301,E5,DSC,EXP,30
M2302,E5,TSS,EXP,16
M2303,E5,LDS,TRX,18
M2304,E5,DSC,TRI,18
M2305,E5,LDS,EXP,5
M2306,E5,RHL,IMP,29
M2307,E5,DSC,IMP,9
M2308,E5,LDS,IMP,25
M2309,E5,RHL,IMP,18
M2310,E5,DSC,TRX,22
M2311,E5,LDS,TRI,5
M2312,E5,TSM,EXP,18
M2313,E5,TSS,EXP,27
M2314,E5,TSS,TRX,9
M2315,E5,TSS,IMP,42
M2316,E5,LDS,TRI,13
M2317,E5,RHL,TRX,32
M2318,E5,DSC,TRX,28
M2319,E5,DSC,TRI,29
M2320,E5,DSC,EXP,37
M2321,E5,LDS,IMP,32
M2322,E5,DSC,EXP,23
M2323,E5,DSC,TRI,34
M2324,E5,LDS,IMP,25
M2325,E5,DSC,IMP,31
M2326,E5,LDS,IMP,39
M2327,E5,TSS,TRX,20
M2328,E5,DSC,IMP,9
M2329,E5,LDS,IMP,7
M2330,E5,TSM,EXP,23
M2331,E5,TSS,IMP,29
M2332,E5,DSC,TRX,9
M2333,E5,TSM,TRI,11
M2334,E5,LDS,TRX,11
M2335,E5,TSS,TRX,6
M2336,E5,LDS,TRI,16
M2337,E5,LDS,TRX,1
M2338,E5,LDS,TRX,22
M2339,E5,TSS,EXP,33
M2340,E5,TSM,IMP,13
M2341,E5,DSC,TRI,14
M2342,E5,DSC,TRI,23
M2343,E5,DSC,TRI,37
M2344,E5,DSC,IMP,20
M2345,E5,TSM,TRX,19
M2346,E5,TSS,TRI,36
M2347,E5,DSC,TRX,4
M2348,E5,LDS,IMP,33
M2349,E5,TSM,IMP,5
M2350,E5,LDS,TRI,5
M2351,E5,DSC,TRI,39
M2352,E5,LDS,TRX,15
M2353,E5,LDS,TRI,16
M2354,E5,LDS,TRX,38
M2355,E5,TSM,TRI,42
M2356,E5,DSC,TRI,36
M2357,E5,DSC,TRI,13
M2358,E5,LDS,IMP,6
M2359,E5,DSC,IMP,16
M2360,E5,DSC,EXP,31
M2361,E5,DSC,EXP,42
M2362,E5,RHL,TRI,8
M2363,E5,DSC,IMP,8
M2364,E5,RHL,EXP,21
M2365,E5,DSC,EXP,23
M2366,E5,TSS,IMP,33
M2367,E5,DSC,TRX,7
M2368,E5,LDS,IMP,30
M2369,E5,DSC,TRI,31
M2370,E5,LDS,EXP,18
M2371,E5,DSC,TRX,20
M2372,E5,LDS,TRX,31
M2373,E5,TSM,IMP,36
M2374,E5,DSC,TRX,20
M2375,E5,LDS,IMP,31
M2376,E5,DSC,TRI,22
M2377,E5,DSC,TRX,25
M2378,E5,LDS,TRI,37
M2379,E5,TSM,EXP,25
M2380,E5,LDS,TRI,28
M2381,E5,TSM,TRI,14
M2382,E5,TSM,TRX,5
M2383,E5,DSC,TRX,34
M2384,E5,TSM,IMP,38
M2385,E5,TSM,TRX,30
M2386,E5,TSS,IMP,29
M2387,E5,LDS,EXP,3
M2388,E5,DSC,EXP,1
M2389,E5,LDS,TRX,22
M2390,E5,LDS,TRX,35
M2391,E5,TSS,EXP,35
M2392,E5,TSS,EXP,3
M2393,E5,LDS,TRI,5
M2394,E5,LDS,IMP,28
M2395,E5,LDS,TRI,31
M2396,E5,RHL,EXP,39
M2397,E5,DSC,EXP,30
M2398,E5,LDS,TRX,20
M2399,E5,LDS,IMP,33
M2400,E5,LDS,EXP,1
M2401,E5,DSC,IMP,11
M2402,E5,LDS,IMP,31
M2403,E5,LDS,EXP,29
M2404,E5,DSC,TRX,24
M2405,E5,RHL,TRX,17
M2406,E5,LDS,IMP,10
M2407,E5,DSC,IMP,20
M2408,E5,DSC,EXP,32
M2409,E5,TSM,IMP,26
M2410,E5,LDS,EXP,11
M2411,E5,TSS,IMP,7
M2412,E5,TSM,TRX,15
M2413,E5,DSC,TRX,20
M2414,E5,LDS,TRX,23
M2415,E5,DSC,TRI,31
M2416,E5,DSC,EXP,42
M2417,E5,LDS,TRX,4
M2418,E5,DSC,EXP,36
M2419,E5,DSC,EXP,11
M2420,E5,DSC,IMP,12
M2421,E5,LDS,TRX,37
M2422,E5,DSC,TRX,34
M2423,E5,DSC,TRI,18
M2424,E5,LDS,IMP,8
M2425,E5,DSC,IMP,3
M2426,E5,DSC,EXP,25
M2427,E5,RHL,TRI,5
M2428,E5,DSC,EXP,7
M2429,E5,RHL,IMP,14
M2430,E5,LDS,IMP,17
M2431,E5,LDS,TRI,16
M2432,E5,TSM,EXP,19
M2433,E5,DSC,TRI,4
M2434,E5,DSC,TRI,32
M2435,E5,LDS,EXP,11
M2436,E5,DSC,EXP,2
M2437,E5,TSS,IMP,19
M2438,E5,LDS,TRI,36
M2439,E5,LDS,TRI,36
M2440,E5,DSC,EXP,36
M2441,E5,TSM,IMP,4
M2442,E5,RHL,TRX,27
M2443,E5,LDS,TRX,28
M2444,E5,DSC,TRX,16
M2445,E5,LDS,IMP,14
M2446,E5,LDS,TRX,17
M2447,E5,DSC,IMP,15
M2448,E5,TSS,TRI,24
M2449,E5,DSC,IMP,35
M2450,E5,RHL,IMP,20
M2451,E5,RHL,TRI,11
M2452,E5,LDS,TRI,5
M2453,E5,DSC,IMP,4
M2454,E5,DSC,EXP,5
M2455,E5,TSS,IMP,11
M2456,E5,TSS,EXP,23
M2457,E5,LDS,IMP,26
M2458,E5,LDS,IMP,23
M2459,E5,LDS,TRX,12
M2460,E5,DSC,EXP,15
M2461,E5,LDS,TRI,27
M2462,E5,LDS,TRX,42
M2463,E5,LDS,TRI,40
M2464,E5,LDS,IMP,5
M2465,E5,DSC,IMP,33
M2466,E5,LDS,TRX,40
M2467,E5,RHL,TRI,38
M2468,E5,DSC,EXP,37
M2469,E5,DSC,IMP,25
M2470,E5,LDS,TRI,30
M2471,E5,TSS,EXP,1
M2472,E5,LDS,EXP,38
M2473,E5,DSC,IMP,41
M2474,E5,TSS,TRX,6
M2475,E5,DSC,EXP,29
M2476,E5,TSM,TRI,41
M2477,E5,LDS,TRX,39
M2478,E5,RHL,TRX,7
M2479,E5,LDS,EXP,8
M2480,E5,RHL,IMP,33
M2481,E5,RHL,EXP,13
M2482,E5,LDS,EXP,30
M2483,E5,DSC,TRI,25
M2484,E5,DSC,TRI,33
M2485,E5,LDS,TRX,29
M2486,E5,LDS,TRX,34
M2487,E5,LDS,IMP,23
M2488,E5,DSC,IMP,25
M2489,E5,LDS,TRI,6
M2490,E5,LDS,TRI,12
M2491,E5,LDS,TRX,25
M2492,E5,DSC,TRI,39
M2493,E5,TSM,TRX,35
M2494,E5,TSM,TRX,36
M2495,E5,LDS,TRI,16
M2496,E5,DSC,IMP,40
M2497,E5,LDS,TRX,20
M2498,E5,LDS,IMP,19
M2499,E5,DSC,TRX,4
M2500,E5,LDS,TRX,33
M2501,E5,TSS,EXP,28
M2502,E5,TSM,IMP,13
M2503,E5,LDS,TRI,35
M2504,E5,DSC,EXP,37
M2505,E5,TSM,TRX,23
M2506,E5,TSM,TRI,3
M2507,E5,LDS,EXP,14
M2508,E5,DSC,EXP,14
M2509,E5,DSC,TRX,1
M2510,E5,TSM,TRI,30
M2511,E5,DSC,IMP,27
M2512,E5,DSC,EXP,17
M2513,E5,DSC,IMP,26
M2514,E5,TSS,EXP,8
M2515,E5,DSC,TRI,20
M2516,E5,TSM,TRX,38
M2517,E5,LDS,TRX,6
M2518,E5,DSC,IMP,11
M2519,E5,RHL,TRI,37
M2520,E5,TSS,EXP,35
M2521,E5,LDS,TRX,2
M2522,E5,DSC,IMP,27
M2523,E5,LDS,EXP,17
M2524,E5,LDS,EXP,27
M2525,E5,DSC,TRI,30
M2526,E5,DSC,TRI,21
M2527,E5,LDS,IMP,24
M2528,E5,LDS,TRI,18
M2529,E5,LDS,TRI,33
M2530,E5,DSC,TRX,26
M2531,E5,TSS,EXP,2
M2532,E5,DSC,TRX,20
M2533,E5,LDS,EXP,40
M2534,E5,LDS,TRI,1
M2535,E5,LDS,EXP,30
M2536,E5,DSC,IMP,40
M2537,E5,LDS,EXP,36
M2538,E5,LDS,TRI,19
M2539,E5,LDS,TRI,38
M2540,E5,TSM,TRI,16
M2541,E5,DSC,TRI,28
M2542,E5,LDS,TRI,20
M2543,E5,LDS,EXP,4
M2544,E5,DSC,TRI,7
M2545,E5,TSS,TRI,40
M2546,E5,RHL,EXP,1
M2547,E5,LDS,IMP,2
M2548,E5,DSC,TRX,32
M2549,E5,DSC,IMP,40
M2550,E5,TSS,EXP,39
M2551,E5,TSM,TRI,2
M2552,E5,DSC,TRX,2
M2553,E5,DSC,TRX,28
M2554,E5,TSM,TRI,9
M2555,E5,LDS,TRI,20
M2556,E5,LDS,TRX,41
M2557,E5,LDS,IMP,41
M2558,E5,DSC,EXP,28
M2559,E5,LDS,TRI,15
M2560,E5,LDS,EXP,33
M2561,E5,DSC,TRX,15
M2562,E5,LDS,TRX,19
M2563,E5,TSM,TRI,25
M2564,E5,TSM,TRX,30
M2565,E5,RHL,TRX,6
M2566,E5,DSC,TRX,16
M2567,E5,DSC,IMP,23
M2568,E5,DSC,TRI,24
M2569,E5,TSS,EXP,7
M2570,E5,RHL,TRI,3
M2571,E5,LDS,TRX,38
M2572,E5,RHL,TRI,38
M2573,E5,TSS,TRX,23
M2574,E5,DSC,TRX,41
M2575,E5,DSC,IMP,10
M2576,E5,DSC,TRX,27
M2577,E5,LDS,TRX,6
M2578,E5,LDS,EXP,15
M2579,E5,LDS,EXP,32
M2580,E5,LDS,IMP,8
M2581,E5,DSC,TRI,18
M2582,E5,LDS,EXP,37
M2583,E5,LDS,IMP,39
M2584,E5,RHL,EXP,36
M2585,E5,DSC,IMP,22
M2586,E5,LDS,TRI,42
M2587,E5,LDS,IMP,6
M2588,E5,DSC,IMP,34
M2589,E5,LDS,EXP,14
M2590,E5,LDS,EXP,15
M2591,E5,LDS,IMP,19
M2592,E5,DSC,TRI,7
M2593,E5,DSC,TRX,40
M2594,E5,DSC,TRX,24
M2595,E5,LDS,TRI,12
M2596,E5,RHL,TRX,32
M2597,E5,DSC,IMP,38
M2598,E5,DSC,IMP,10
M2599,E5,LDS,TRI,19
M2600,E5,LDS,EXP,3
M2601,E5,TSS,TRI,14
M2602,E5,TSM,EXP,33
M2603,E5,DSC,IMP,35
M2604,E5,LDS,TRI,11
M2605,E5,LDS,EXP,17
M2606,E5,TSS,TRI,31
M2607,E5,DSC,EXP,18
M2608,E5,TSS,TRX,22
M2609,E5,DSC,IMP,27
M2610,E5,LDS,IMP,25
M2611,E5,RHL,IMP,33
M2612,E5,DSC,TRI,33
M2613,E5,TSS,IMP,22
M2614,E5,TSS,TRX,13
M2615,E5,RHL,IMP,1
M2616,E5,DSC,EXP,29
M2617,E5,LDS,IMP,9
M2618,E5,DSC,TRI,22
M2619,E5,DSC,IMP,5
M2620,E5,LDS,EXP,9
M2621,E5,DSC,TRX,28
M2622,E5,DSC,EXP,4
M2623,E5,DSC,TRX,39
M2624,E5,LDS,EXP,9
M2625,E5,DSC,TRI,11
M2626,E5,DSC,TRX,6
M2627,E5,DSC,EXP,42
M2628,E5,LDS,TRI,27
M2629,E5,LDS,EXP,13
M2630,E5,RHL,TRX,41
M2631,E5,LDS,IMP,10
M2632,E5,DSC,TRX,27
M2633,E5,LDS,IMP,17
M2634,E5,DSC,IMP,14
M2635,E5,LDS,TRI,20
M2636,E5,RHL,EXP,23
M2637,E5,DSC,TRX,16
M2638,E5,TSS,EXP,1
M2639,E5,DSC,EXP,25
M2640,E5,TSS,IMP,36
M2641,E5,LDS,EXP,22
M2642,E5,DSC,EXP,35
M2643,E5,TSS,EXP,1
M2644,E5,TSS,EXP,3
M2645,E5,RHL,IMP,33
M2646,E5,DSC,IMP,4
M2647,E5,RHL,EXP,3
M2648,E5,RHL,EXP,22
M2649,E5,DSC,EXP,14
M2650,E5,DSC,EXP,1
M2651,E5,TSM,TRI,33
M2652,E5,TSM,TRI,12
M2653,E5,TSS,EXP,36
M2654,E5,LDS,IMP,10
M2655,E5,DSC,TRI,9
M2656,E5,DSC,TRI,31
M2657,E5,TSS,TRX,27
M2658,E5,DSC,TRI,40
M2659,E5,LDS,TRI,33
M2660,E5,RHL,TRX,7
M2661,E5,RHL,TRI,14
M2662,E5,DSC,TRX,37
M2663,E5,LDS,EXP,21
M2664,E5,DSC,TRI,11
M2665,E5,DSC,TRI,36
M2666,E5,LDS,TRX,31
M2667,E5,LDS,TRI,23
M2668,E5,DSC,EXP,9
M2669,E5,DSC,TRI,14
M2670,E5,DSC,EXP,29
M2671,E5,DSC,TRI,38
M2672,E5,DSC,EXP,3
M2673,E5,DSC,EXP,22
M2674,E5,DSC,TRX,22
M2675,E5,LDS,EXP,7
M2676,E5,DSC,TRI,10
M2677,E5,LDS,IMP,40
M2678,E5,DSC,TRI,37
M2679,E5,DSC,IMP,31
M2680,E5,LDS,TRI,6
M2681,E5,TSM,TRI,24
M2682,E5,LDS,TRI,12
M2683,E5,TSM,TRI,33
M2684,E5,TSS,IMP,38
M2685,E5,DSC,TRX,14
M2686,E5,DSC,TRX,20
M2687,E5,LDS,EXP,22
M2688,E5,DSC,IMP,25
M2689,E5,TSM,IMP,2
M2690,E5,DSC,TRI,28
M2691,E5,LDS,TRX,14
M2692,E5,DSC,IMP,11
M2693,E5,DSC,TRX,19
M2694,E5,DSC,TRX,9
M2695,E5,LDS,TRI,10
M2696,E5,LDS,TRX,42
M2697,E5,LDS,EXP,22
M2698,E5,LDS,EXP,8
M2699,E5,LDS,EXP,14
M2700,E5,DSC,EXP,1
M2701,E5,TSM,TRX,42
M2702,E5,DSC,TRI,37
M2703,E5,LDS,EXP,9
M2704,E5,LDS,TRX,34
M2705,E5,RHL,TRI,3
M2706,E5,LDS,TRX,13
M2707,E5,RHL,EXP,21
M2708,E5,LDS,IMP,1
M2709,E5,TSS,TRX,20
M2710,E5,DSC,TRI,22
M2711,E5,DSC,EXP,31
M2712,E5,TSS,TRI,12
M2713,E5,DSC,EXP,7
M2714,E5,RHL,EXP,22
M2715,E5,DSC,TRX,12
M2716,E5,DSC,EXP,5
M2717,E5,RHL,IMP,28
M2718,E5,RHL,IMP,32
M2719,E5,LDS,EXP,28
M2720,E5,TSM,TRX,6
M2721,E5,RHL,EXP,2
M2722,E5,TSS,IMP,35
M2723,E5,RHL,EXP,28
M2724,E5,TSM,TRI,42
M2725,E5,TSM,TRX,39
M2726,E5,TSM,TRX,15
M2727,E5,LDS,TRX,4
M2728,E5,DSC,TRX,36
M2729,E5,LDS,IMP,6
M2730,E5,LDS,EXP,18
M2731,E5,LDS,IMP,15
M2732,E5,TSM,IMP,25
M2733,E5,LDS,TRI,29
M2734,E5,LDS,EXP,22
M2735,E5,DSC,TRX,38
M2736,E5,DSC,IMP,39
M2737,E5,DSC,EXP,35
M2738,E5,RHL,TRX,24
M2739,E5,DSC,IMP,28
M2740,E5,DSC,IMP,27
M2741,E5,LDS,TRI,14
M2742,E5,LDS,TRI,34
M2743,E5,TSM,TRX,22
M2744,E5,TSM,IMP,28
M2745,E5,LDS,EXP,37
M2746,E5,TSM,IMP,4
M2747,E5,RHL,TRI,41
M2748,E5,LDS,EXP,4
M2749,E5,TSM,EXP,35
M2750,E5,LDS,IMP,16
M2751,E5,LDS,IMP,9
M2752,E5,DSC,EXP,34
M2753,E5,DSC,TRI,8
M2754,E5,DSC,TRX,10
M2755,E5,DSC,TRX,1
M2756,E5,LDS,TRX,40
M2757,E5,LDS,EXP,18
M2758,E5,DSC,EXP,29
M2759,E5,LDS,EXP,1
M2760,E5,DSC,IMP,29
M2761,E5,LDS,TRX,33
M2762,E5,LDS,TRI,18
M2763,E5,LDS,IMP,14
M2764,E5,DSC,IMP,25
M2765,E5,LDS,TRI,9
M2766,E5,DSC,EXP,23
M2767,E5,LDS,IMP,40
M2768,E5,TSM,EXP,3
M2769,E5,TSM,IMP,37
M2770,E5,TSM,TRI,14
M2771,E5,LDS,TRX,24
M2772,E5,TSS,TRI,12
M2773,E5,TSM,TRI,28
M2774,E5,LDS,TRI,38
M2775,E5,TSM,IMP,37
M2776,E5,TSM,IMP,24
M2777,E5,DSC,IMP,11
M2778,E5,DSC,TRI,10
M2779,E5,DSC,IMP,14
M2780,E5,DSC,IMP,21
M2781,E5,DSC,TRX,24
M2782,E5,LDS,EXP,5
M2783,E5,LDS,TRX,41
M2784,E5,RHL,EXP,2
M2785,E5,DSC,TRX,38
M2786,E5,LDS,TRX,40
M2787,E5,RHL,TRX,2
M2788,E5,LDS,TRI,4
M2789,E5,DSC,TRX,22
M2790,E5,LDS,TRX,14
M2791,E5,DSC,IMP,19
M2792,E5,LDS,TRX,20
M2793,E5,LDS,TRI,40
M2794,E5,TSM,IMP,3
M2795,E5,TSS,IMP,10
M2796,E5,LDS,EXP,14
M2797,E5,LDS,EXP,13
M2798,E5,RHL,EXP,11
M2799,E5,TSS,IMP,30
M2800,E5,LDS,TRX,36
M2801,E5,DSC,TRI,15
M2802,E5,LDS,IMP,25
M2803,E5,TSS,TRI,41
M2804,E5,DSC,TRX,19
M2805,E5,DSC,EXP,19
M2806,E5,DSC,TRX,20
M2807,E5,LDS,IMP,2
M2808,E5,DSC,IMP,24
M2809,E5,LDS,EXP,27
M2810,E5,DSC,IMP,42
M2811,E5,LDS,EXP,31
M2812,E5,TSM,TRX,40
M2813,E5,RHL,IMP,31
M2814,E5,LDS,IMP,1
M2815,E5,LDS,TRX,40
M2816,E5,LDS,TRX,18
M2817,E5,DSC,EXP,23
M2818,E5,RHL,TRI,13
M2819,E5,DSC,EXP,8
M2820,E5,LDS,EXP,23
M2821,E5,TSM,TRI,7
M2822,E5,LDS,EXP,6
M2823,E5,LDS,IMP,30
M2824,E5,TSS,TRI,23
M2825,E5,LDS,IMP,4
M2826,E5,LDS,TRX,18
M2827,E5,DSC,TRI,32
M2828,E5,DSC,EXP,16
M2829,E5,RHL,TRI,32
M2830,E5,DSC,TRX,17
M2831,E5,TSM,TRI,7
M2832,E5,LDS,TRX,30
M2833,E5,DSC,TRI,28
M2834,E5,DSC,TRX,37
M2835,E5,LDS,IMP,14
M2836,E5,DSC,EXP,10
M2837,E5,LDS,TRI,25
M2838,E5,DSC,IMP,13
M2839,E5,LDS,EXP,27
M2840,E5,RHL,TRI,27
M2841,E5,LDS,IMP,11
M2842,E5,LDS,IMP,24
M2843,E5,LDS,TRX,9
M2844,E5,DSC,IMP,42
M2845,E5,LDS,EXP,13
M2846,E5,LDS,TRX,29
M2847,E5,DSC,TRX,32
M2848,E5,LDS,IMP,28
M2849,E5,TSM,EXP,26
M2850,E5,LDS,TRI,29
M2851,E5,DSC,TRX,8
M2852,E5,DSC,TRI,30
M2853,E5,DSC,IMP,26
M2854,E5,TSS,TRI,15
M2855,E5,DSC,IMP,29
M2856,E5,LDS,TRI,26
M2857,E5,RHL,TRX,39
M2858,E5,LDS,TRI,39
M2859,E5,RHL,TRX,18
M2860,E5,TSS,IMP,10
M2861,E5,LDS,EXP,10
M2862,E5,RHL,IMP,41
M2863,E5,LDS,TRI,33
M2864,E5,DSC,TRX,41
M2865,E5,LDS,IMP,34
M2866,E5,TSS,TRX,39
M2867,E5,DSC,TRX,1
M2868,E5,TSS,TRI,42
M2869,E5,RHL,TRX,30
M2870,E5,LDS,IMP,8
M2871,E5,DSC,TRX,13
M2872,E5,DSC,TRX,17
M2873,E5,DSC,EXP,38
M2874,E5,LDS,TRI,9
M2875,E5,RHL,TRI,15
M2876,E5,DSC,IMP,21
M2877,E5,LDS,EXP,1
M2878,E5,TSM,TRX,22
M2879,E5,LDS,IMP,23
M2880,E5,TSM,EXP,28
M2881,E5,TSS,EXP,6
M2882,E5,LDS,TRI,39
M2883,E5,LDS,TRI,28
M2884,E5,TSM,TRI,1
M2885,E5,LDS,TRI,28
M2886,E5,LDS,TRX,25
M2887,E5,LDS,EXP,4
M2888,E5,LDS,TRI,40
M2889,E5,DSC,TRI,8
M2890,E5,TSM,TRX,20
M2891,E5,DSC,TRX,22
M2892,E5,DSC,TRI,40
M2893,E5,LDS,EXP,18
M2894,E5,DSC,IMP,37
M2895,E5,DSC,IMP,17
M2896,E5,TSS,TRX,37
M2897,E5,LDS,EXP,8
M2898,E5,LDS,IMP,11
M2899,E5,LDS,IMP,26
M2900,E5,RHL,TRI,10
M2901,E5,RHL,EXP,23
M2902,E5,LDS,IMP,22
M2903,E5,DSC,TRX,14
M2904,E5,RHL,TRX,41
M2905,E5,LDS,TRX,15
M2906,E5,DSC,TRI,34
M2907,E5,TSS,EXP,31
M2908,E5,RHL,TRI,16
M2909,E5,DSC,TRI,25
M2910,E5,TSM,TRI,5
M2911,E5,DSC,EXP,13
M2912,E5,DSC,EXP,37
M2913,E5,LDS,TRX,35
M2914,E5,LDS,TRI,41
M2915,E5,LDS,TRX,39
M2916,E5,RHL,IMP,24
M2917,E5,LDS,TRX,14
M2918,E5,DSC,IMP,40
M2919,E5,DSC,IMP,34
M2920,E5,LDS,TRX,34
M2921,E5,DSC,EXP,11
M2922,E5,DSC,EXP,21
M2923,E5,LDS,IMP,31
M2924,E5,TSM,TRI,32
M2925,E5,DSC,IMP,32
M2926,E5,DSC,EXP,9
M2927,E5,TSM,IMP,28
M2928,E5,TSS,TRX,15
M2929,E5,DSC,TRX,27
M2930,E5,DSC,EXP,7
M2931,E5,DSC,IMP,41
M2932,E5,DSC,TRI,37
M2933,E5,DSC,IMP,15
M2934,E5,DSC,TRX,23
M2935,E5,DSC,EXP,14
M2936,E5,LDS,EXP,25
M2937,E5,TSM,IMP,5
M2938,E5,TSM,TRX,20
M2939,E5,LDS,EXP,14
M2940,E5,TSM,EXP,21
M2941,E5,LDS,IMP,20
M2942,E5,DSC,TRI,33
M2943,E5,LDS,EXP,14
M2944,E5,DSC,TRX,17
M2945,E5,DSC,TRX,15
M2946,E5,DSC,TRX,34
M2947,E5,TSM,EXP,12
M2948,E5,LDS,EXP,15
M2949,E5,LDS,TRI,38
M2950,E5,LDS,TRX,1
M2951,E5,LDS,TRI,14
M2952,E5,TSM,TRX,33
M2953,E5,LDS,EXP,41
M2954,E5,RHL,EXP,3
M2955,E5,TSM,TRI,2
M2956,E5,DSC,TRI,27
M2957,E5,LDS,TRX,20
M2958,E5,LDS,EXP,8
M2959,E5,DSC,EXP,12
M2960,E5,RHL,TRI,26
M2961,E5,DSC,IMP,3
M2962,E5,DSC,TRI,17
M2963,E5,TSM,TRI,19
M2964,E5,LDS,IMP,41
M2965,E5,LDS,IMP,2
M2966,E5,TSS,IMP,19
M2967,E5,DSC,IMP,5
M2968,E5,LDS,TRX,3
M2969,E5,TSS,EXP,38
M2970,E5,DSC,TRX,11
M2971,E5,LDS,TRX,7
M2972,E5,DSC,TRX,32
M2973,E5,DSC,TRI,26
M2974,E5,DSC,EXP,23
M2975,E5,DSC,IMP,7
M2976,E5,DSC,IMP,28
M2977,E5,DSC,EXP,33
M2978,E5,DSC,EXP,32
M2979,E5,DSC,TRI,21
M2980,E5,DSC,TRI,29
M2981,E5,TSS,TRX,11
M2982,E5,LDS,TRI,27
M2983,E5,LDS,EXP,21
M2984,E5,TSM,EXP,19
M2985,E5,RHL,IMP,13
M2986,E5,LDS,IMP,11
M2987,E5,DSC,EXP,8
M2988,E5,DSC,TRX,34
M2989,E5,TSM,EXP,15
M2990,E5,TSM,EXP,28
M2991,E5,LDS,TRX,33
M2992,E5,LDS,IMP,39
M2993,E5,DSC,TRI,39
M2994,E5,LDS,EXP,17
M2995,E5,LDS,EXP,17
M2996,E5,TSS,IMP,28
M2997,E5,LDS,IMP,14
M2998,E5,LDS,TRI,38
M2999,E5,TSS,IMP,39
M3000,E5,RHL,TRI,1
M3001,E5,DSC,TRI,3
M3002,E5,LDS,TRI,39
M3003,E5,TSS,EXP,9
M3004,E5,DSC,TRX,28
M3005,E5,LDS,IMP,7
M3006,E5,TSM,EXP,40
M3007,E5,LDS,TRX,37
M3008,E5,TSS,EXP,25
M3009,E5,DSC,IMP,37
M3010,E5,DSC,TRX,16
M3011,E5,LDS,EXP,40
M3012,E5,DSC,IMP,19
M3013,E5,TSM,TRI,26
M3014,E5,LDS,TRI,14
M3015,E5,DSC,TRX,28
M3016,E5,LDS,TRI,2
M3017,E5,LDS,IMP,41
M3018,E5,DSC,IMP,15
M3019,E5,LDS,EXP,13
M3020,E5,TSS,IMP,40
M3021,E5,TSM,TRX,2
M3022,E5,TSS,IMP,40
M3023,E5,LDS,EXP,2
M3024,E5,DSC,EXP,32
M3025,E5,RHL,TRI,4
M3026,E5,DSC,TRI,9
M3027,E5,DSC,TRI,16
M3028,E5,TSM,TRI,2
M3029,E5,LDS,EXP,34
M3030,E5,RHL,EXP,14
M3031,E5,DSC,TRI,38
M3032,E5,RHL,TRI,4
M3033,E5,DSC,EXP,12
M3034,E5,DSC,TRI,14
M3035,E5,DSC,IMP,18
M3036,E5,DSC,IMP,14
M3037,E6,RHL,IMP,27
M3038,E6,LDS,TRX,24
M3039,E6,LDS,EXP,24
M3040,E6,TSS,EXP,4
M3041,E6,LDS,IMP,40
M3042,E6,TSS,EXP,38
M3043,E6,LDS,EXP,38
M3044,E6,LDS,TRI,19
M3045,E6,DSC,TRX,33
M3046,E6,DSC,TRI,33
M3047,E6,LDS,TRX,25
M3048,E6,TSM,TRI,38
M3049,E6,DSC,TRX,2
M3050,E6,LDS,IMP,5
M3051,E6,TSS,EXP,28
M3052,E6,DSC,IMP,7
M3053,E6,RHL,IMP,36
M3054,E6,LDS,IMP,25
M3055,E6,DSC,TRX,30
M3056,E6,DSC,EXP,29
M3057,E6,RHL,IMP,1
M3058,E6,LDS,EXP,17
M3059,E6,DSC,IMP,7
M3060,E6,LDS,TRI,9
M3061,E6,TSS,TRX,30
M3062,E6,LDS,TRI,22
M3063,E6,LDS,EXP,16
M3064,E6,TSM,EXP,22
M3065,E6,DSC,IMP,30
M3066,E6,DSC,TRX,28
M3067,E6,LDS,IMP,1
M3068,E6,LDS,TRI,9
M3069,E6,LDS,TRI,30
M3070,E6,DSC,TRI,1
M3071,E6,DSC,TRI,37
M3072,E6,DSC,IMP,16
M3073,E6,RHL,TRI,26
M3074,E6,TSM,TRI,33
M3075,E6,TSS,EXP,41
M3076,E6,TSS,TRI,21
M3077,E6,LDS,TRX,32
M3078,E6,DSC,IMP,5
M3079,E6,LDS,IMP,20
M3080,E6,DSC,EXP,32
M3081,E6,TSM,IMP,40
M3082,E6,LDS,EXP,3
M3083,E6,TSS,EXP,6
M3084,E6,TSM,IMP,16
M3085,E6,DSC,IMP,14
M3086,E6,LDS,EXP,11
M3087,E6,LDS,IMP,41
M3088,E6,DSC,IMP,28
M3089,E6,DSC,TRI,40
M3090,E6,DSC,TRI,15
M3091,E6,TSM,EXP,32
M3092,E6,DSC,IMP,27
M3093,E6,LDS,TRX,23
M3094,E6,DSC,IMP,23
M3095,E6,LDS,EXP,3
M3096,E6,DSC,EXP,31
M3097,E6,LDS,EXP,17
M3098,E6,TSM,IMP,37
M3099,E6,DSC,TRX,23
M3100,E6,DSC,TRI,22
M3101,E6,LDS,EXP,34
M3102,E6,LDS,EXP,31
M3103,E6,RHL,TRI,20
M3104,E6,LDS,TRI,6
M3105,E6,LDS,TRX,24
M3106,E6,LDS,TRI,4
M3107,E6,LDS,TRI,38
M3108,E6,RHL,EXP,33
M3109,E6,DSC,TRX,4
M3110,E6,DSC,IMP,13
M3111,E6,LDS,EXP,40
M3112,E6,LDS,TRI,5
M3113,E6,DSC,IMP,16
M3114,E6,LDS,IMP,3
M3115,E6,RHL,TRI,20
M3116,E6,RHL,TRI,10
M3117,E6,TSM,IMP,6
M3118,E6,TSS,EXP,5
M3119,E6,RHL,TRX,19
M3120,E6,DSC,TRX,34
M3121,E6,DSC,TRX,27
M3122,E6,LDS,TRX,41
M3123,E6,DSC,TRX,22
M3124,E6,LDS,IMP,40
M3125,E6,DSC,TRX,36
M3126,E6,RHL,TRX,34
M3127,E6,RHL,IMP,21
M3128,E6,DSC,EXP,40
M3129,E6,LDS,TRI,39
M3130,E6,TSS,TRX,30
M3131,E6,LDS,TRI,2
M3132,E6,LDS,EXP,17
M3133,E6,DSC,TRX,10
M3134,E6,LDS,IMP,29
M3135,E6,DSC,IMP,2
M3136,E6,DSC,TRX,1
M3137,E6,DSC,TRI,1
M3138,E6,RHL,TRX,22
M3139,E6,TSM,IMP,18
M3140,E6,DSC,IMP,39
M3141,E6,RHL,TRI,22
M3142,E6,LDS,TRX,22
M3143,E6,DSC,TRX,37
M3144,E6,LDS,IMP,28
M3145,E6,LDS,IMP,18
M3146,E6,RHL,TRX,9
M3147,E6,RHL,TRX,40
M3148,E6,TSM,IMP,6
M3149,E6,LDS,TRI,24
M3150,E6,LDS,IMP,27
M3151,E6,LDS,TRX,25
M3152,E6,RHL,IMP,29
M3153,E6,DSC,IMP,19
M3154,E6,DSC,IMP,16
M3155,E6,LDS,EXP,10
M3156,E6,RHL,IMP,34
M3157,E6,LDS,TRI,23
M3158,E6,DSC,TRI,8
M3159,E6,TSS,IMP,28
M3160,E6,RHL,IMP,18
M3161,E6,LDS,EXP,5
M3162,E6,RHL,TRX,6
M3163,E6,DSC,IMP,1
M3164,E6,LDS,TRI,12
M3165,E6,LDS,TRI,11
M3166,E6,LDS,EXP,36
M3167,E6,LDS,EXP,4
M3168,E6,LDS,EXP,33
M3169,E6,TSM,TRX,22
M3170,E6,TSM,EXP,26
M3171,E6,DSC,TRX,17
M3172,E6,TSS,TRX,32
M3173,E6,DSC,IMP,2
M3174,E6,LDS,EXP,34
M3175,E6,DSC,IMP,22
M3176,E6,LDS,EXP,35
M3177,E6,LDS,TRI,6
M3178,E6,RHL,TRI,9
M3179,E6,DSC,TRI,29
M3180,E6,TSM,TRX,6
M3181,E6,TSS,IMP,16
M3182,E6,DSC,TRX,28
M3183,E6,DSC,IMP,14
M3184,E6,DSC,IMP,12
M3185,E6,DSC,TRX,9
M3186,E6,TSS,EXP,42
M3187,E6,RHL,IMP,17
M3188,E6,LDS,EXP,38
M3189,E6,LDS,TRI,10
M3190,E6,DSC,IMP,14
M3191,E6,TSS,IMP,39
M3192,E6,DSC,TRI,26
M3193,E6,LDS,TRI,38
M3194,E6,LDS,TRI,8
M3195,E6,DSC,TRX,25
M3196,E6,TSM,TRX,15
M3197,E6,DSC,EXP,42
M3198,E6,LDS,TRX,2
M3199,E6,DSC,EXP,40
M3200,E6,DSC,TRX,29
M3201,E6,DSC,EXP,1
M3202,E6,LDS,IMP,10
M3203,E6,RHL,TRX,32
M3204,E6,LDS,IMP,32
M3205,E6,DSC,TRX,42
M3206,E6,DSC,EXP,28
M3207,E6,DSC,TRX,9
M3208,E6,TSS,TRI,16
M3209,E6,LDS,TRI,28
M3210,E6,DSC,TRI,33
M3211,E6,TSM,IMP,11
M3212,E6,TSS,TRI,33
M3213,E6,DSC,TRI,4
M3214,E6,DSC,IMP,15
M3215,E6,TSM,TRX,1
M3216,E6,LDS,TRI,20
M3217,E6,DSC,IMP,32
M3218,E6,DSC,IMP,19
M3219,E6,DSC,TRX,22
M3220,E6,DSC,TRX,22
M3221,E6,DSC,TRI,6
M3222,E6,RHL,IMP,39
M3223,E6,LDS,EXP,16
M3224,E6,TSS,TRX,25
M3225,E6,LDS,TRX,31
M3226,E6,RHL,TRI,32
M3227,E6,DSC,TRX,35
M3228,E6,LDS,TRI,21
M3229,E6,LDS,IMP,39
M3230,E6,DSC,TRI,15
M3231,E6,RHL,TRX,34
M3232,E6,DSC,EXP,26
M3233,E6,DSC,IMP,35
M3234,E6,DSC,TRI,22
M3235,E6,LDS,IMP,34
M3236,E6,DSC,IMP,28
M3237,E6,LDS,TRX,41
M3238,E6,DSC,EXP,30
M3239,E6,LDS,IMP,28
M3240,E6,LDS,EXP,12
M3241,E6,LDS,TRX,7
M3242,E6,DSC,TRX,22
M3243,E6,LDS,TRI,30
M3244,E6,LDS,TRX,31
M3245,E6,DSC,TRI,31
M3246,E6,LDS,EXP,7
M3247,E6,LDS,TRX,21
M3248,E6,LDS,IMP,39
M3249,E6,TSS,EXP,5
M3250,E6,RHL,TRI,21
M3251,E6,DSC,IMP,33
M3252,E6,TSS,TRX,9
M3253,E6,DSC,TRX,26
M3254,E6,LDS,EXP,13
M3255,E6,DSC,EXP,17
M3256,E6,LDS,EXP,33
M3257,E6,DSC,TRX,11
M3258,E6,LDS,IMP,28
M3259,E6,LDS,IMP,5
M3260,E6,DSC,EXP,3
M3261,E6,RHL,IMP,34
M3262,E6,DSC,TRX,18
M3263,E6,TSM,TRI,34
M3264,E6,DSC,EXP,32
M3265,E6,TSM,TRI,6
M3266,E6,TSM,EXP,9
M3267,E6,DSC,TRX,17
M3268,E6,RHL,TRI,5
M3269,E6,TSM,EXP,5
M3270,E6,LDS,TRI,39
M3271,E6,DSC,TRX,35
M3272,E6,LDS,IMP,19
M3273,E6,DSC,TRI,7
M3274,E6,DSC,TRI,35
M3275,E6,DSC,EXP,33
M3276,E6,DSC,IMP,16
M3277,E6,LDS,TRX,37
M3278,E6,TSM,EXP,29
M3279,E6,DSC,IMP,28
M3280,E6,DSC,TRI,17
M3281,E6,DSC,TRI,21
M3282,E6,DSC,IMP,19
M3283,E6,TSS,IMP,6
M3284,E6,DSC,IMP,24
M3285,E6,DSC,TRX,2
M3286,E6,LDS,TRI,21
M3287,E6,TSM,IMP,3
M3288,E6,LDS,EXP,1
M3289,E6,LDS,IMP,6
M3290,E6,DSC,IMP,20
M3291,E6,TSM,IMP,42
M3292,E6,DSC,IMP,23
M3293,E6,DSC,IMP,14
M3294,E6,DSC,EXP,13
M3295,E6,DSC,EXP,21
M3296,E6,TSS,TRX,6
M3297,E6,DSC,EXP,12
M3298,E6,DSC,IMP,10
M3299,E6,TSS,TRX,25
M3300,E6,LDS,IMP,4
M3301,E6,RHL,EXP,14
M3302,E6,TSS,IMP,1
M3303,E6,DSC,TRX,19
M3304,E6,TSS,IMP,28
M3305,E6,DSC,TRI,22
M3306,E6,DSC,TRI,32
M3307,E6,LDS,IMP,16
M3308,E6,RHL,IMP,15
M3309,E6,DSC,IMP,10
M3310,E6,DSC,EXP,32
M3311,E6,DSC,TRI,31
M3312,E6,LDS,TRI,12
M3313,E6,DSC,EXP,2
M3314,E6,LDS,EXP,4
M3315,E6,DSC,TRI,25
M3316,E6,DSC,IMP,20
M3317,E6,RHL,TRX,42
M3318,E6,RHL,EXP,34
M3319,E6,DSC,EXP,24
M3320,E6,DSC,TRI,25
M3321,E6,DSC,TRX,40
M3322,E6,TSS,TRX,6
M3323,E6,DSC,EXP,3
M3324,E6,DSC,TRI,37
M3325,E6,RHL,TRX,23
M3326,E6,LDS,IMP,28
M3327,E6,LDS,IMP,34
M3328,E6,DSC,TRI,9
M3329,E6,DSC,IMP,19
M3330,E6,LDS,EXP,34
M3331,E6,DSC,TRI,22
M3332,E6,LDS,IMP,23
M3333,E6,DSC,IMP,7
M3334,E6,DSC,TRX,16
M3335,E6,TSM,TRI,9
M3336,E6,DSC,TRX,18
M3337,E6,LDS,EXP,41
M3338,E6,DSC,TRI,2
M3339,E6,DSC,EXP,20
M3340,E6,TSS,TRX,20
M3341,E6,LDS,IMP,27
M3342,E6,TSS,TRI,35
M3343,E6,LDS,TRX,5
M3344,E6,TSM,TRX,20
M3345,E6,DSC,IMP,24
M3346,E6,DSC,TRI,38
M3347,E6,LDS,TRX,21
M3348,E6,LDS,EXP,37
M3349,E6,DSC,TRX,36
M3350,E6,LDS,TRX,5
M3351,E6,DSC,TRX,40
M3352,E6,LDS,EXP,7
M3353,E6,LDS,IMP,3
M3354,E6,LDS,TRX,9
M3355,E6,DSC,TRX,4
M3356,E6,LDS,EXP,14
M3357,E6,DSC,TRX,20
M3358,E6,DSC,EXP,11
M3359,E6,DSC,TRX,41
M3360,E6,LDS,EXP,33
M3361,E6,LDS,TRI,20
M3362,E6,LDS,TRI,6
M3363,E6,DSC,TRI,27
M3364,E6,DSC,EXP,4
M3365,E6,LDS,EXP,25
M3366,E6,DSC,TRI,22
M3367,E6,DSC,TRX,29
M3368,E6,TSS,TRI,28
M3369,E6,TSS,TRX,38
M3370,E6,LDS,TRX,6
M3371,E6,DSC,IMP,36
M3372,E6,TSS,EXP,3
M3373,E6,DSC,IMP,31
M3374,E6,DSC,TRI,6
M3375,E6,DSC,TRI,37
M3376,E6,DSC,TRI,29
M3377,E6,LDS,IMP,14
M3378,E6,TSS,IMP,18
M3379,E6,LDS,EXP,20
M3380,E6,DSC,TRI,30
M3381,E6,TSS,EXP,3
M3382,E6,RHL,IMP,7
M3383,E6,DSC,TRI,38
M3384,E6,DSC,EXP,23
M3385,E6,LDS,EXP,30
M3386,E6,DSC,EXP,35
M3387,E6,TSS,IMP,25
M3388,E6,DSC,IMP,30
M3389,E6,RHL,TRI,33
M3390,E6,TSM,IMP,9
M3391,E6,DSC,EXP,34
M3392,E6,DSC,EXP,18
M3393,E6,DSC,TRX,32
M3394,E6,DSC,EXP,5
M3395,E6,RHL,TRI,16
M3396,E6,DSC,TRI,6
M3397,E6,DSC,EXP,25
M3398,E6,RHL,TRI,9
M3399,E6,DSC,IMP,32
M3400,E6,LDS,EXP,10
M3401,E6,LDS,TRX,34
M3402,E6,LDS,IMP,22
M3403,E6,DSC,TRI,16
M3404,E6,DSC,TRX,3
M3405,E6,DSC,IMP,34
M3406,E6,DSC,TRI,4
M3407,E6,DSC,TRI,18
M3408,E6,LDS,IMP,13
M3409,E6,LDS,EXP,39
M3410,E6,LDS,TRI,37
M3411,E6,LDS,IMP,23
M3412,E6,DSC,EXP,35
M3413,E6,LDS,TRX,39
M3414,E6,LDS,TRI,15
M3415,E6,LDS,TRI,23
M3416,E6,RHL,EXP,21
M3417,E6,RHL,EXP,17
M3418,E6,DSC,EXP,41
M3419,E6,DSC,IMP,33
M3420,E6,LDS,EXP,37
M3421,E6,DSC,EXP,17
M3422,E6,LDS,EXP,15
M3423,E6,TSS,TRX,11
M3424,E6,LDS,IMP,40
M3425,E6,LDS,IMP,20
M3426,E6,LDS,TRX,42
M3427,E6,DSC,TRX,19
M3428,E6,RHL,TRX,12
M3429,E6,DSC,IMP,20
M3430,E6,TSM,TRX,13
M3431,E6,LDS,TRI,3
M3432,E6,DSC,IMP,31
M3433,E6,RHL,TRX,11
M3434,E6,DSC,TRI,6
M3435,E6,TSM,TRX,12
M3436,E6,DSC,EXP,3
M3437,E6,LDS,EXP,24
M3438,E6,RHL,EXP,37
M3439,E6,TSM,TRX,13
M3440,E6,DSC,IMP,10
M3441,E6,LDS,TRI,36
M3442,E6,DSC,TRI,39
M3443,E6,LDS,TRI,18
M3444,E6,LDS,TRI,41
M3445,E6,DSC,EXP,28
M3446,E6,TSS,EXP,19
M3447,E6,TSM,TRI,40
M3448,E6,TSM,EXP,29
M3449,E6,DSC,EXP,30
M3450,E6,DSC,TRX,25
M3451,E6,DSC,TRX,27
M3452,E6,LDS,EXP,9
M3453,E6,LDS,TRI,18
M3454,E6,LDS,TRI,12
M3455,E6,DSC,EXP,9
M3456,E6,TSM,EXP,8
M3457,E6,DSC,TRX,29
M3458,E6,RHL,EXP,34
M3459,E6,LDS,EXP,29
M3460,E6,LDS,TRI,16
M3461,E6,DSC,TRX,8
M3462,E6,LDS,EXP,4
M3463,E6,DSC,TRX,26
M3464,E6,LDS,EXP,26
M3465,E6,DSC,TRI,35
M3466,E6,DSC,IMP,37
M3467,E6,TSS,IMP,40
M3468,E6,LDS,TRI,30
M3469,E6,DSC,EXP,18
M3470,E6,DSC,IMP,33
M3471,E6,RHL,IMP,34
M3472,E6,LDS,IMP,10
M3473,E6,LDS,TRI,27
M3474,E6,DSC,TRX,22
M3475,E6,LDS,EXP,39
M3476,E6,LDS,IMP,8
M3477,E6,DSC,TRX,38
M3478,E6,LDS,IMP,17
M3479,E6,TSS,TRI,1
M3480,E6,LDS,EXP,2
M3481,E6,DSC,IMP,4
M3482,E6,TSS,EXP,20
M3483,E6,TSM,TRX,2
M3484,E6,LDS,EXP,28
M3485,E6,DSC,EXP,41
M3486,E6,DSC,EXP,31
M3487,E6,LDS,TRI,28
M3488,E6,RHL,IMP,31
M3489,E6,RHL,EXP,11
M3490,E6,DSC,TRI,36
M3491,E6,DSC,IMP,30
M3492,E6,DSC,TRI,20
M3493,E6,TSM,TRX,6
M3494,E6,TSS,IMP,37
M3495,E6,LDS,IMP,25
M3496,E6,LDS,EXP,15
M3497,E6,DSC,TRI,19
M3498,E6,DSC,IMP,20
M3499,E6,DSC,TRI,35
M3500,E6,DSC,TRX,25
M3501,E6,TSM,IMP,7
M3502,E6,LDS,IMP,42
M3503,E6,TSM,IMP,29
M3504,E6,DSC,TRX,40
M3505,E6,DSC,IMP,28
M3506,E6,LDS,IMP,4
M3507,E6,DSC,TRX,4
M3508,E6,LDS,IMP,6
M3509,E6,RHL,IMP,12
M3510,E6,DSC,IMP,27
M3511,E6,DSC,TRX,38
M3512,E6,TSS,IMP,41
M3513,E6,DSC,IMP,5
M3514,E6,LDS,EXP,4
M3515,E6,DSC,TRX,18
M3516,E6,RHL,IMP,26
M3517,E6,LDS,TRI,8
M3518,E6,LDS,TRI,20
M3519,E6,LDS,IMP,40
M3520,E6,DSC,IMP,1
M3521,E6,DSC,TRX,7
M3522,E6,TSM,EXP,23
M3523,E6,LDS,TRX,10
M3524,E6,TSM,IMP,33
M3525,E6,DSC,EXP,21
M3526,E6,LDS,EXP,10
M3527,E6,TSM,EXP,37
M3528,E6,RHL,TRX,14
M3529,E6,LDS,EXP,37
M3530,E6,LDS,IMP,32
M3531,E6,TSM,TRX,20
M3532,E6,DSC,TRI,26
M3533,E6,LDS,IMP,3
M3534,E6,DSC,IMP,5
M3535,E6,TSM,TRX,8
M3536,E6,TSM,TRI,8
M3537,E6,TSM,TRI,16
M3538,E6,LDS,TRI,31
M3539,E6,LDS,IMP,13
M3540,E6,LDS,IMP,27
M3541,E6,LDS,EXP,42
M3542,E6,LDS,TRX,22
M3543,E6,TSS,TRI,14
M3544,E6,TSS,EXP,34
M3545,E6,DSC,IMP,9
M3546,E6,DSC,TRI,11
M3547,E6,LDS,IMP,29
M3548,E6,DSC,EXP,2
M3549,E6,LDS,TRI,35
M3550,E6,LDS,IMP,13
M3551,E6,LDS,IMP,31
M3552,E6,DSC,EXP,25
M3553,E6,TSM,TRX,2
M3554,E6,DSC,EXP,31
M3555,E6,LDS,EXP,3
M3556,E6,DSC,TRX,36
M3557,E6,LDS,IMP,28
M3558,E6,DSC,IMP,4
M3559,E6,LDS,IMP,8
M3560,E6,DSC,EXP,16
M3561,E6,LDS,EXP,3
M3562,E6,LDS,TRI,32
M3563,E6,LDS,EXP,38
M3564,E6,LDS,TRI,36
M3565,E6,LDS,TRX,16
M3566,E6,TSM,TRI,36
M3567,E6,LDS,EXP,25
M3568,E6,TSS,TRI,1
M3569,E6,TSM,IMP,32
M3570,E6,LDS,TRX,22
M3571,E6,DSC,TRX,26
M3572,E6,LDS,TRI,1
M3573,E6,DSC,TRX,40
M3574,E6,LDS,EXP,6
M3575,E6,TSS,IMP,6
M3576,E6,TSM,EXP,29
M3577,E6,DSC,EXP,4
M3578,E6,DSC,IMP,29
M3579,E6,DSC,EXP,21
M3580,E6,LDS,TRI,6
M3581,E6,LDS,EXP,27
M3582,E6,DSC,TRX,16
M3583,E6,LDS,EXP,15
M3584,E6,TSS,TRX,39
M3585,E6,TSM,IMP,26
M3586,E6,DSC,TRI,41
M3587,E6,DSC,IMP,28
M3588,E6,DSC,IMP,6
M3589,E6,RHL,EXP,20
M3590,E6,TSM,TRI,25
M3591,E6,DSC,TRX,27
M3592,E6,DSC,EXP,4
M3593,E6,DSC,EXP,13
M3594,E6,DSC,TRI,31
M3595,E6,DSC,EXP,3
M3596,E6,DSC,EXP,12
M3597,E6,LDS,TRI,11
M3598,E6,DSC,TRI,26
M3599,E6,RHL,TRI,37
M3600,E6,LDS,EXP,27
M3601,E6,TSM,IMP,38
M3602,E7,LDS,TRX,15
M3603,E7,TSM,IMP,39
M3604,E7,TSM,EXP,32
M3605,E7,LDS,TRI,25
M3606,E7,TSS,TRX,7
M3607,E7,DSC,EXP,10
M3608,E7,DSC,IMP,38
M3609,E7,DSC,TRX,2
M3610,E7,DSC,EXP,37
M3611,E7,LDS,EXP,7
M3612,E7,DSC,TRX,6
M3613,E7,TSM,TRX,41
M3614,E7,DSC,IMP,8
M3615,E7,DSC,IMP,39
M3616,E7,DSC,TRI,15
M3617,E7,DSC,EXP,14
M3618,E7,TSS,TRX,17
M3619,E7,DSC,TRX,15
M3620,E7,DSC,IMP,3
M3621,E7,DSC,EXP,16
M3622,E7,TSM,TRI,36
M3623,E7,DSC,TRI,2
M3624,E7,LDS,IMP,27
M3625,E7,DSC,IMP,33
M3626,E7,TSM,TRX,16
M3627,E7,LDS,TRI,35
M3628,E7,LDS,EXP,8
M3629,E7,RHL,IMP,42
M3630,E7,DSC,IMP,10
M3631,E7,DSC,EXP,39
M3632,E7,RHL,EXP,27
M3633,E7,LDS,TRX,9
M3634,E7,TSS,TRI,9
M3635,E7,TSM,TRI,15
M3636,E7,DSC,TRX,12
M3637,E7,TSS,IMP,28
M3638,E7,RHL,TRX,17
M3639,E7,LDS,IMP,29
M3640,E7,DSC,TRX,35
M3641,E7,TSS,EXP,1
M3642,E7,LDS,TRI,16
M3643,E7,RHL,TRX,24
M3644,E7,LDS,IMP,4
M3645,E7,DSC,EXP,13
M3646,E7,DSC,IMP,36
M3647,E7,LDS,TRX,37
M3648,E7,DSC,EXP,2
M3649,E7,DSC,TRX,19
M3650,E7,DSC,TRX,22
M3651,E7,TSM,TRX,6
M3652,E7,DSC,TRX,32
M3653,E7,LDS,EXP,13
M3654,E7,DSC,TRI,20
M3655,E7,DSC,TRI,42
M3656,E7,DSC,TRI,13
M3657,E7,RHL,EXP,13
M3658,E7,LDS,EXP,38
M3659,E7,LDS,TRX,3
M3660,E7,DSC,EXP,24
M3661,E7,TSS,TRX,24
M3662,E7,RHL,IMP,22
M3663,E7,LDS,TRI,3
M3664,E7,TSS,EXP,4
M3665,E7,DSC,TRI,32
M3666,E7,DSC,EXP,5
M3667,E7,LDS,EXP,9
M3668,E7,DSC,TRX,27
M3669,E7,TSM,TRI,31
M3670,E7,TSS,TRI,1
M3671,E7,LDS,IMP,5
M3672,E7,DSC,IMP,24
M3673,E7,TSM,TRI,19
M3674,E7,DSC,IMP,31
M3675,E7,LDS,TRX,33
M3676,E7,TSM,IMP,20
M3677,E7,LDS,IMP,24
M3678,E7,LDS,TRX,35
M3679,E7,RHL,EXP,42
M3680,E7,LDS,IMP,29
M3681,E7,LDS,IMP,27
M3682,E7,LDS,TRI,3
M3683,E7,LDS,EXP,32
M3684,E7,DSC,TRX,13
M3685,E7,DSC,TRI,28
M3686,E7,DSC,TRX,8
M3687,E7,LDS,EXP,27
M3688,E7,TSM,TRX,38
M3689,E7,LDS,IMP,4
M3690,E7,LDS,IMP,34
M3691,E7,LDS,TRX,11
M3692,E7,DSC,TRX,25
M3693,E7,LDS,TRI,42
M3694,E7,DSC,EXP,14
M3695,E7,DSC,IMP,39
M3696,E7,LDS,TRI,28
M3697,E7,LDS,EXP,13
M3698,E7,TSM,EXP,8
M3699,E7,DSC,IMP,12
M3700,E7,DSC,IMP,40
M3701,E7,LDS,TRI,35
M3702,E7,LDS,IMP,1
M3703,E7,LDS,EXP,30
M3704,E7,RHL,IMP,39
M3705,E7,TSS,EXP,4
M3706,E7,TSS,EXP,1
M3707,E7,LDS,IMP,31
M3708,E7,RHL,EXP,20
M3709,E7,DSC,TRX,1
M3710,E7,DSC,TRX,10
M3711,E7,DSC,EXP,24
M3712,E7,TSM,TRX,11
M3713,E7,TSM,TRX,18
M3714,E7,LDS,TRI,34
M3715,E7,DSC,TRX,25
M3716,E7,DSC,IMP,1
M3717,E7,DSC,TRX,21
M3718,E7,TSS,IMP,37
M3719,E7,DSC,TRI,23
M3720,E7,RHL,TRX,13
M3721,E7,DSC,TRI,4
M3722,E7,RHL,IMP,26
M3723,E7,LDS,TRI,13
M3724,E7,LDS,TRX,16
M3725,E7,LDS,TRX,12
M3726,E7,DSC,EXP,36
M3727,E7,DSC,TRI,15
M3728,E7,LDS,EXP,24
M3729,E7,LDS,EXP,18
M3730,E7,DSC,EXP,18
M3731,E7,LDS,TRI,9
M3732,E7,DSC,TRI,6
M3733,E7,LDS,TRX,1
M3734,E7,LDS,IMP,30
M3735,E7,DSC,TRI,13
M3736,E7,TSM,TRX,2
M3737,E7,LDS,TRX,24
M3738,E7,DSC,IMP,27
M3739,E7,LDS,TRX,3
M3740,E7,LDS,TRX,35
M3741,E7,TSM,TRI,19
M3742,E7,LDS,TRX,6
M3743,E7,LDS,TRX,10
M3744,E7,LDS,IMP,11
M3745,E7,LDS,TRX,38
M3746,E7,DSC,EXP,12
M3747,E7,RHL,IMP,32
M3748,E7,RHL,TRI,8
M3749,E7,LDS,IMP,9
M3750,E7,DSC,EXP,17
M3751,E7,TSS,TRI,9
M3752,E7,LDS,TRX,38
M3753,E7,RHL,TRX,37
M3754,E7,RHL,TRX,18
M3755,E7,TSM,TRI,34
M3756,E7,DSC,TRI,28
M3757,E7,LDS,IMP,15
M3758,E7,TSS,IMP,28
M3759,E7,DSC,IMP,37
M3760,E7,LDS,TRI,23
M3761,E7,DSC,IMP,38
M3762,E7,DSC,IMP,32
M3763,E7,LDS,TRI,3
M3764,E7,DSC,EXP,18
M3765,E7,DSC,EXP,16
M3766,E7,DSC,IMP,32
M3767,E7,TSM,TRI,24
M3768,E7,LDS,IMP,40
M3769,E7,LDS,TRI,12
M3770,E7,LDS,IMP,32
M3771,E7,DSC,EXP,32
M3772,E7,TSS,IMP,28
M3773,E7,DSC,TRX,6
M3774,E7,LDS,EXP,17
M3775,E7,TSS,EXP,30
M3776,E7,LDS,IMP,21
M3777,E7,DSC,IMP,40
M3778,E7,LDS,TRX,23
M3779,E7,TSS,EXP,35
M3780,E7,DSC,TRX,29
M3781,E7,LDS,TRI,39
M3782,E7,LDS,TRI,19
M3783,E7,DSC,EXP,23
M3784,E7,DSC,IMP,19
M3785,E7,LDS,IMP,25
M3786,E7,DSC,IMP,7
M3787,E7,DSC,EXP,16
M3788,E7,LDS,TRX,10
M3789,E7,DSC,EXP,4
M3790,E7,TSS,TRI,1
M3791,E7,LDS,IMP,23
M3792,E7,LDS,TRX,6
M3793,E7,LDS,IMP,27
M3794,E7,DSC,EXP,12
M3795,E7,LDS,IMP,25
M3796,E7,DSC,IMP,15
M3797,E7,DSC,TRX,4
M3798,E7,DSC,TRI,26
M3799,E7,LDS,TRX,23
M3800,E7,DSC,TRX,17
M3801,E7,LDS,IMP,39
M3802,E7,RHL,TRX,34
M3803,E7,DSC,IMP,14
M3804,E7,DSC,TRI,33
M3805,E7,RHL,IMP,34
M3806,E7,LDS,TRI,2
M3807,E7,DSC,IMP,8
M3808,E7,DSC,TRI,8
M3809,E7,DSC,TRX,38
M3810,E7,DSC,TRX,17
M3811,E7,LDS,TRX,10
M3812,E7,DSC,EXP,24
M3813,E7,DSC,TRX,23
M3814,E7,LDS,IMP,27
M3815,E7,TSM,TRX,28
M3816,E7,LDS,IMP,38
M3817,E7,LDS,TRI,37
M3818,E7,RHL,TRI,16
M3819,E7,DSC,IMP,3
M3820,E7,LDS,EXP,21
M3821,E7,DSC,TRX,30
M3822,E7,LDS,EXP,40
M3823,E7,LDS,EXP,4
M3824,E7,TSS,EXP,42
M3825,E7,DSC,EXP,7
M3826,E7,DSC,TRX,37
M3827,E7,DSC,EXP,1
M3828,E7,TSS,TRX,8
M3829,E7,LDS,IMP,11
M3830,E7,TSS,TRX,22
M3831,E7,LDS,EXP,18
M3832,E7,DSC,TRX,41
M3833,E7,RHL,EXP,14
M3834,E7,TSM,EXP,37
M3835,E7,DSC,IMP,26
M3836,E7,DSC,TRX,13
M3837,E7,DSC,IMP,16
M3838,E7,LDS,EXP,15
M3839,E7,TSM,EXP,33
M3840,E7,DSC,EXP,27
M3841,E7,TSM,TRI,32
M3842,E7,LDS,TRI,8
M3843,E7,DSC,EXP,35
M3844,E7,DSC,TRI,17
M3845,E7,LDS,TRI,29
M3846,E7,LDS,TRX,17
M3847,E7,DSC,IMP,9
M3848,E7,DSC,EXP,36
M3849,E7,DSC,TRX,15
M3850,E7,TSM,TRI,34
M3851,E7,TSS,EXP,9
M3852,E7,LDS,TRX,25
M3853,E7,LDS,TRI,3
M3854,E7,LDS,EXP,41
M3855,E7,TSS,IMP,9
M3856,E7,DSC,TRI,11
M3857,E7,TSM,TRX,40
M3858,E7,RHL,TRX,21
M3859,E7,RHL,TRX,18
M3860,E7,DSC,TRX,22
M3861,E7,DSC,EXP,1
M3862,E7,TSM,IMP,27
M3863,E7,RHL,TRX,42
M3864,E7,LDS,IMP,28
M3865,E7,DSC,IMP,23
M3866,E7,TSS,TRX,10
M3867,E7,LDS,EXP,37
M3868,E7,DSC,TRX,23
M3869,E7,LDS,TRI,11
M3870,E7,DSC,TRI,38
M3871,E7,DSC,EXP,3
M3872,E7,LDS,IMP,36
M3873,E7,LDS,TRX,5
M3874,E7,TSS,EXP,11
M3875,E7,LDS,TRX,12
M3876,E7,DSC,TRI,6
M3877,E7,LDS,IMP,40
M3878,E7,DSC,IMP,19
M3879,E7,DSC,EXP,12
M3880,E7,DSC,EXP,11
M3881,E7,LDS,IMP,35
M3882,E7,LDS,EXP,38
M3883,E7,LDS,IMP,15
M3884,E7,DSC,TRX,7
M3885,E7,DSC,TRI,2
M3886,E7,LDS,TRI,19
M3887,E7,LDS,TRI,27
M3888,E7,TSM,TRX,26
M3889,E7,DSC,TRI,21
M3890,E7,DSC,TRX,26
M3891,E7,DSC,TRI,33
M3892,E7,TSS,IMP,41
M3893,E7,DSC,TRX,20
M3894,E7,DSC,EXP,8
M3895,E7,DSC,IMP,20
M3896,E7,LDS,TRI,7
M3897,E7,LDS,TRX,1
M3898,E7,RHL,EXP,34
M3899,E7,LDS,IMP,21
M3900,E7,TSS,TRI,3
M3901,E7,TSS,TRX,21
M3902,E7,RHL,TRI,18
M3903,E7,DSC,IMP,3
M3904,E7,LDS,TRI,13
M3905,E7,DSC,TRX,8
M3906,E7,DSC,TRX,11
M3907,E7,LDS,EXP,42
M3908,E7,LDS,TRI,36
M3909,E7,LDS,TRI,9
M3910,E7,LDS,TRX,19
M3911,E7,TSM,TRI,25
M3912,E7,TSM,TRX,2
M3913,E7,DSC,TRX,22
M3914,E7,LDS,TRI,39
M3915,E7,LDS,EXP,4
M3916,E7,DSC,TRI,28
M3917,E7,TSS,TRI,23
M3918,E7,LDS,EXP,37
M3919,E7,TSM,TRX,31
M3920,E7,LDS,EXP,33
M3921,E7,TSS,TRX,2
M3922,E7,RHL,IMP,13
M3923,E7,LDS,EXP,1
M3924,E7,LDS,EXP,20
M3925,E7,LDS,TRX,3
M3926,E7,TSS,TRI,2
M3927,E7,DSC,TRX,33
M3928,E7,RHL,EXP,26
M3929,E7,LDS,TRI,36
M3930,E7,TSS,IMP,35
M3931,E7,TSS,EXP,7
M3932,E7,DSC,TRX,38
M3933,E7,LDS,IMP,39
M3934,E7,DSC,TRI,28
M3935,E7,DSC,TRX,4
M3936,E7,RHL,TRI,5
M3937,E7,LDS,IMP,1
M3938,E7,LDS,IMP,5
M3939,E7,DSC,TRX,16
M3940,E7,DSC,IMP,16
M3941,E7,LDS,TRX,11
M3942,E7,LDS,TRX,28
M3943,E7,DSC,IMP,41
M3944,E7,DSC,TRI,22
M3945,E7,DSC,EXP,31
M3946,E7,TSM,TRI,8
M3947,E7,DSC,TRX,26
M3948,E7,RHL,TRI,42
M3949,E7,DSC,TRX,4
M3950,E7,LDS,EXP,2
M3951,E7,DSC,TRI,40
M3952,E7,DSC,TRX,16
M3953,E7,DSC,IMP,35
M3954,E7,DSC,TRX,38
M3955,E7,TSS,TRX,22
M3956,E7,TSM,EXP,16
M3957,E7,TSM,TRX,1
M3958,E7,TSS,TRI,18
M3959,E7,TSM,EXP,34
M3960,E7,DSC,IMP,24
M3961,E7,DSC,TRI,24
M3962,E7,LDS,TRX,41
M3963,E7,DSC,IMP,32
M3964,E7,DSC,TRX,13
M3965,E7,DSC,TRX,12
M3966,E7,DSC,IMP,30
M3967,E7,DSC,IMP,32
M3968,E7,DSC,TRI,16
M3969,E7,LDS,IMP,35
M3970,E7,TSM,EXP,40
M3971,E7,LDS,EXP,39
M3972,E7,DSC,TRI,35
M3973,E7,TSS,IMP,13
M3974,E7,DSC,TRX,3
M3975,E7,TSS,TRX,33
M3976,E7,LDS,TRI,4
M3977,E7,TSM,EXP,22
M3978,E7,LDS,EXP,2
M3979,E7,DSC,TRI,15
M3980,E7,RHL,TRI,30
M3981,E7,DSC,EXP,14
M3982,E7,LDS,TRX,20
M3983,E7,RHL,IMP,41
M3984,E7,LDS,TRX,36
M3985,E7,LDS,TRX,29
M3986,E7,TSS,EXP,10
M3987,E7,TSM,EXP,18
M3988,E7,DSC,EXP,16
M3989,E7,LDS,TRI,3
M3990,E7,LDS,EXP,10
M3991,E7,LDS,IMP,42
M3992,E7,DSC,IMP,12
M3993,E7,LDS,TRX,20
M3994,E7,LDS,EXP,25
M3995,E7,LDS,EXP,16
M3996,E7,DSC,TRX,16
M3997,E7,TSS,TRX,24
M3998,E7,DSC,EXP,40
M3999,E7,DSC,TRI,39
M4000,E7,TSM,IMP,16
M4001,E7,DSC,EXP,33
M4002,E7,LDS,IMP,24
M4003,E7,TSM,IMP,8
M4004,E7,LDS,EXP,18
M4005,E7,LDS,IMP,29
M4006,E7,LDS,TRI,8
M4007,E7,DSC,TRI,5
M4008,E7,LDS,IMP,39
M4009,E7,TSS,EXP,32
M4010,E7,DSC,TRI,35
M4011,E7,DSC,IMP,33
M4012,E7,LDS,IMP,8
M4013,E7,TSS,IMP,40
M4014,E7,DSC,IMP,2
M4015,E7,DSC,EXP,5
M4016,E7,DSC,TRI,26
M4017,E7,RHL,EXP,6
M4018,E7,TSS,IMP,17
M4019,E7,DSC,TRI,34
M4020,E7,RHL,IMP,34
M4021,E7,DSC,IMP,42
M4022,E7,DSC,EXP,36
M4023,E7,RHL,TRI,21
M4024,E7,TSS,IMP,26
M4025,E7,DSC,TRI,20
M4026,E7,TSM,TRX,38
M4027,E7,TSS,EXP,2
M4028,E7,RHL,TRI,39
M4029,E7,DSC,TRX,12
M4030,E7,RHL,EXP,40
M4031,E7,LDS,EXP,35
M4032,E7,DSC,EXP,14
M4033,E7,DSC,TRX,15
M4034,E7,TSM,IMP,24
M4035,E7,DSC,TRI,31
M4036,E7,DSC,TRI,19
M4037,E7,DSC,EXP,6
M4038,E7,LDS,EXP,3
M4039,E7,TSS,IMP,35
M4040,E7,LDS,IMP,37
M4041,E7,LDS,EXP,26
M4042,E7,TSM,TRI,4
M4043,E7,LDS,TRX,40
M4044,E7,LDS,TRI,34
M4045,E7,TSM,IMP,30
M4046,E7,TSM,TRX,1
M4047,E7,TSM,TRI,38
M4048,E7,TSM,IMP,33
M4049,E7,DSC,IMP,31
M4050,E7,TSM,IMP,12
M4051,E7,LDS,IMP,4
M4052,E7,DSC,EXP,37
M4053,E7,LDS,TRI,36
M4054,E7,DSC,EXP,23
M4055,E7,TSM,TRI,20
M4056,E7,DSC,IMP,36
M4057,E7,LDS,TRI,34
M4058,E7,DSC,EXP,36
M4059,E7,LDS,IMP,8
M4060,E7,DSC,EXP,41
M4061,E7,DSC,EXP,37
M4062,E7,LDS,EXP,21
M4063,E7,DSC,IMP,4
M4064,E7,TSM,TRI,19
M4065,E7,DSC,TRX,39
M4066,E7,DSC,TRX,23
M4067,E7,DSC,TRI,10
M4068,E7,DSC,IMP,10
M4069,E7,DSC,IMP,25
M4070,E7,LDS,TRI,20
M4071,E7,DSC,TRI,25
M4072,E7,TSM,EXP,31
M4073,E7,DSC,EXP,38
M4074,E7,TSM,TRX,24
M4075,E7,LDS,IMP,24
M4076,E7,TSM,EXP,20
M4077,E7,TSM,EXP,42
M4078,E7,LDS,TRX,9
M4079,E7,LDS,TRI,42
M4080,E7,DSC,TRI,14
M4081,E7,DSC,TRI,13
M4082,E7,TSM,TRI,21
M4083,E7,DSC,TRI,11
M4084,E7,RHL,TRX,23
M4085,E7,TSM,TRX,22
M4086,E7,RHL,EXP,5
M4087,E7,DSC,TRI,37
M4088,E7,RHL,TRX,42
M4089,E7,LDS,TRX,9
M4090,E7,TSS,IMP,42
M4091,E7,RHL,TRI,4
M4092,E7,LDS,TRX,29
M4093,E7,LDS,TRX,7
M4094,E7,DSC,TRI,1
M4095,E7,DSC,TRI,7
M4096,E7,LDS,IMP,21
M4097,E7,RHL,EXP,27
M4098,E7,LDS,TRI,27
M4099,E7,TSM,TRX,23
M4100,E7,LDS,IMP,19
M4101,E7,TSM,TRI,1
M4102,E7,TSS,TRX,39
M4103,E7,TSM,TRX,17
M4104,E7,LDS,IMP,14
M4105,E7,RHL,IMP,21
M4106,E7,DSC,TRX,42
M4107,E7,LDS,EXP,38
M4108,E7,DSC,TRX,28
M4109,E7,TSM,TRX,10
M4110,E7,DSC,TRI,24
M4111,E7,DSC,TRX,20
M4112,E7,TSM,IMP,9
M4113,E7,LDS,EXP,41
M4114,E7,TSS,TRI,34
M4115,E7,LDS,EXP,18
M4116,E7,DSC,IMP,16
M4117,E7,LDS,EXP,18
M4118,E7,LDS,TRI,15
M4119,E7,LDS,TRI,27
M4120,E7,DSC,TRI,36
M4121,E7,LDS,TRI,39
M4122,E7,TSS,TRI,7
M4123,E7,DSC,TRX,38
M4124,E7,LDS,TRX,39
M4125,E7,LDS,TRX,28
M4126,E7,LDS,TRI,32
M4127,E7,LDS,TRX,31
M4128,E7,RHL,TRX,27
M4129,E7,DSC,TRI,40
M4130,E7,DSC,EXP,27
M4131,E7,LDS,IMP,18
M4132,E7,LDS,TRX,36
M4133,E7,LDS,TRX,2
M4134,E7,RHL,EXP,25
M4135,E7,LDS,IMP,24
M4136,E7,RHL,EXP,35
M4137,E7,LDS,TRX,38
M4138,E7,LDS,IMP,23
M4139,E7,LDS,TRX,26
M4140,E7,LDS,TRI,6
M4141,E7,LDS,IMP,22
M4142,E7,TSS,TRI,15
M4143,E7,LDS,IMP,5
M4144,E7,LDS,TRI,26
M4145,E7,TSS,TRX,40
M4146,E7,DSC,EXP,40
M4147,E7,DSC,EXP,21
M4148,E7,TSS,IMP,23
M4149,E7,LDS,TRI,25
M4150,E7,TSS,TRX,8
M4151,E7,DSC,EXP,36
M4152,E7,DSC,TRX,31
M4153,E7,LDS,TRI,24
M4154,E7,TSS,TRX,33
M4155,E7,TSM,EXP,8
M4156,E7,RHL,IMP,7
M4157,E7,DSC,TRI,42
M4158,E7,LDS,IMP,11
M4159,E7,LDS,IMP,35
M4160,E7,LDS,TRI,14
M4161,E7,LDS,EXP,33
M4162,E7,RHL,EXP,22
M4163,E7,RHL,TRI,30
M4164,E7,TSS,TRX,24
M4165,E7,LDS,TRX,11
M4166,E7,LDS,TRX,13
M4167,E7,RHL,IMP,22
M4168,E7,LDS,EXP,2
M4169,E7,DSC,TRI,34
M4170,E7,DSC,IMP,40
M4171,E7,LDS,EXP,27
M4172,E7,DSC,TRX,26
M4173,E7,TSS,TRI,31
M4174,E7,LDS,IMP,3
M4175,E7,LDS,IMP,39
M4176,E7,DSC,IMP,10
M4177,E7,LDS,IMP,29
M4178,E7,LDS,TRX,19
M4179,E7,TSM,EXP,9
M4180,E7,DSC,EXP,40
M4181,E7,DSC,EXP,28
M4182,E7,DSC,TRI,40
M4183,E7,DSC,IMP,22
M4184,E7,LDS,IMP,34
M4185,E7,LDS,TRI,13
M4186,E7,DSC,IMP,20
M4187,E7,LDS,TRI,16
M4188,E7,LDS,EXP,8
M4189,E7,DSC,TRI,18
M4190,E7,LDS,EXP,40
M4191,E7,RHL,IMP,31
M4192,E7,LDS,TRI,17
M4193,E7,LDS,TRI,41
M4194,E7,DSC,TRX,40
M4195,E7,LDS,EXP,12
M4196,E7,DSC,EXP,27
M4197,E7,RHL,IMP,23
M4198,E7,DSC,IMP,36
M4199,E7,LDS,TRI,7
M4200,E7,DSC,TRX,34
M4201,E7,TSM,IMP,4
M4202,E7,LDS,EXP,32
M4203,E7,LDS,EXP,27
M4204,E7,TSM,IMP,23
M4205,E7,TSS,IMP,23
M4206,E7,DSC,TRI,8
M4207,E7,RHL,IMP,36
M4208,E7,DSC,TRX,16
M4209,E7,DSC,EXP,39
M4210,E7,LDS,TRI,26
M4211,E7,LDS,TRX,9
M4212,E7,LDS,TRX,27
M4213,E7,TSS,TRI,29
M4214,E7,TSS,TRX,17
M4215,E7,DSC,EXP,41
M4216,E7,TSS,IMP,9
M4217,E7,DSC,EXP,3
M4218,E7,TSM,TRX,33
M4219,E7,TSS,IMP,28
M4220,E7,RHL,EXP,34
M4221,E7,LDS,TRX,20
M4222,E7,DSC,IMP,11
M4223,E7,LDS,EXP,10
M4224,E7,LDS,TRI,41
M4225,E7,DSC,TRI,14
M4226,E7,LDS,TRI,29
M4227,E7,DSC,TRI,11
M4228,E7,RHL,EXP,8
M4229,E7,DSC,TRX,37
M4230,E7,DSC,TRI,23
M4231,E7,DSC,TRI,23
M4232,E7,DSC,TRX,6
M4233,E7,LDS,IMP,3
M4234,E7,TSS,EXP,14
M4235,E7,TSM,TRI,14
M4236,E7,RHL,TRX,34
M4237,E7,TSS,IMP,34
M4238,E7,TSM,TRX,11
M4239,E7,DSC,TRI,25
M4240,E7,LDS,IMP,1
M4241,E7,LDS,EXP,30
M4242,E7,DSC,IMP,35
M4243,E7,DSC,TRX,7
M4244,E7,DSC,TRI,4
M4245,E7,DSC,TRX,7
M4246,E7,DSC,TRX,42
M4247,E7,RHL,IMP,20
M4248,E7,LDS,EXP,35
M4249,E7,DSC,TRX,4
M4250,E7,TSS,EXP,28
M4251,E7,DSC,IMP,8
M4252,E7,DSC,EXP,24
M4253,E7,DSC,IMP,24
M4254,E7,TSM,TRX,4
M4255,E7,LDS,IMP,12
M4256,E7,DSC,IMP,16
M4257,E7,TSS,TRI,42
M4258,E7,DSC,EXP,12
M4259,E7,TSS,IMP,24
M4260,E7,DSC,TRX,33
M4261,E7,DSC,IMP,14
M4262,E7,TSS,TRI,29
M4263,E7,DSC,EXP,15
M4264,E7,DSC,EXP,5
M4265,E7,RHL,IMP,28
M4266,E7,LDS,IMP,34
M4267,E7,LDS,TRX,34
M4268,E7,TSM,TRI,3
M4269,E7,DSC,EXP,2
M4270,E7,TSS,TRX,7
M4271,E7,LDS,TRI,26
M4272,E7,LDS,TRX,12
M4273,E7,DSC,TRI,12
M4274,E7,LDS,TRI,29
M4275,E7,LDS,TRX,16
M4276,E7,LDS,TRX,28
M4277,E7,TSM,IMP,17
M4278,E7,DSC,IMP,17
M4279,E7,RHL,TRX,4
M4280,E7,LDS,TRI,24
M4281,E7,TSM,EXP,34
M4282,E7,DSC,IMP,28
M4283,E7,RHL,TRX,7
M4284,E7,LDS,EXP,39
M4285,E7,DSC,TRX,36
M4286,E7,LDS,EXP,21
M4287,E7,DSC,TRX,8
M4288,E7,DSC,TRX,21
M4289,E7,TSS,TRI,21
M4290,E7,DSC,TRI,3
M4291,E7,LDS,IMP,26
M4292,E7,TSM,EXP,33
M4293,E7,TSM,TRI,17
M4294,E7,LDS,IMP,37
M4295,E7,LDS,EXP,33
M4296,E7,LDS,TRX,34
M4297,E7,DSC,IMP,14
M4298,E7,TSS,TRI,21
M4299,E7,LDS,TRX,41
M4300,E7,LDS,EXP,27
M4301,E7,LDS,TRI,30
M4302,E7,LDS,TRI,3
M4303,E7,LDS,TRX,5
M4304,E7,LDS,EXP,39
M4305,E7,DSC,EXP,3
M4306,E7,TSS,TRI,19
M4307,E7,LDS,IMP,40
M4308,E7,LDS,EXP,14
M4309,E7,LDS,EXP,14
M4310,E7,TSS,EXP,3
M4311,E7,LDS,IMP,10
M4312,E7,TSS,TRX,28
M4313,E7,LDS,EXP,13
M4314,E7,DSC,EXP,22
M4315,E7,TSS,TRI,20
M4316,E7,TSS,TRI,3
M4317,E7,DSC,TRI,41
M4318,E7,RHL,IMP,8
M4319,E7,TSS,IMP,37
M4320,E7,DSC,IMP,29
M4321,E7,LDS,IMP,13
M4322,E7,DSC,IMP,19
M4323,E7,DSC,EXP,11
M4324,E7,TSS,TRI,24
M4325,E7,TSS,TRX,7
M4326,E7,LDS,IMP,30
M4327,E7,TSS,TRI,8
M4328,E7,LDS,EXP,15
M4329,E7,DSC,TRX,24
M4330,E7,DSC,IMP,14
M4331,E7,LDS,TRI,7
M4332,E7,DSC,IMP,38
M4333,E7,RHL,TRX,14
M4334,E7,DSC,TRI,31
M4335,E7,LDS,EXP,42
M4336,E7,LDS,EXP,31
M4337,E7,DSC,IMP,23
M4338,E7,LDS,TRX,23
M4339,E7,DSC,TRI,13
M4340,E7,DSC,IMP,27
M4341,E7,LDS,TRX,16
M4342,E7,DSC,TRI,38
M4343,E7,DSC,EXP,16
M4344,E7,DSC,EXP,16
M4345,E7,LDS,TRX,34
M4346,E7,LDS,EXP,7
M4347,E7,LDS,TRX,40
M4348,E7,DSC,TRX,23
M4349,E7,TSM,TRI,6
M4350,E7,DSC,IMP,6
M4351,E7,DSC,IMP,38
M4352,E7,TSM,TRX,7
M4353,E7,DSC,TRI,2
M4354,E7,DSC,EXP,40
M4355,E7,LDS,TRI,41
M4356,E7,TSM,TRX,24
M4357,E7,LDS,EXP,23
M4358,E7,TSS,TRX,5
M4359,E7,DSC,EXP,7
M4360,E7,TSS,TRI,8
M4361,E7,LDS,TRX,25
M4362,E7,RHL,IMP,1
M4363,E7,TSM,TRI,8
M4364,E7,DSC,TRI,23
M4365,E7,LDS,EXP,12
M4366,E7,TSM,TRX,15
M4367,E7,DSC,TRI,9
M4368,E7,DSC,TRX,16
M4369,E7,TSS,TRI,11
M4370,E7,DSC,EXP,21
M4371,E7,DSC,EXP,13
M4372,E7,LDS,EXP,10
M4373,E7,DSC,TRX,15
M4374,E7,DSC,TRI,16
M4375,E7,LDS,TRI,17
M4376,E7,TSM,TRI,36
M4377,E7,LDS,TRI,22
M4378,E7,LDS,TRI,18
M4379,E7,DSC,IMP,12
M4380,E7,RHL,IMP,42
M4381,E7,TSM,IMP,9
M4382,E7,LDS,TRX,26
M4383,E7,TSS,TRX,24
M4384,E7,DSC,EXP,8
M4385,E7,LDS,EXP,37
M4386,E7,DSC,TRI,32
M4387,E7,TSS,IMP,7
M4388,E7,TSS,IMP,21
M4389,E7,TSM,EXP,29
M4390,E7,DSC,IMP,3
M4391,E7,DSC,TRX,32
M4392,E7,RHL,EXP,39
M4393,E7,DSC,TRI,9
M4394,E7,RHL,EXP,37
M4395,E7,RHL,TRX,30
M4396,E7,LDS,TRX,38
M4397,E7,LDS,EXP,19
M4398,E7,TSS,IMP,37
M4399,E7,DSC,TRI,26
M4400,E7,LDS,TRX,6
M4401,E7,LDS,TRI,21
M4402,E7,LDS,TRX,4
M4403,E7,LDS,IMP,11
M4404,E7,TSS,TRX,1
M4405,E7,TSM,EXP,26
M4406,E7,TSM,EXP,31
M4407,E7,DSC,TRX,15
M4408,E7,LDS,TRI,8
M4409,E7,DSC,TRX,18
M4410,E7,RHL,IMP,2
M4411,E7,DSC,TRX,16
M4412,E7,LDS,IMP,40
M4413,E7,LDS,TRX,32
M4414,E7,TSS,TRX,7
M4415,E7,DSC,IMP,31
M4416,E7,DSC,IMP,22
M4417,E7,LDS,TRI,32
M4418,E7,LDS,EXP,26
M4419,E7,DSC,EXP,11
M4420,E7,LDS,TRI,14
M4421,E7,LDS,TRI,3
M4422,E8,DSC,IMP,24
M4423,E8,DSC,IMP,27
M4424,E8,TSS,IMP,12
M4425,E8,TSS,TRX,13
M4426,E8,LDS,IMP,28
M4427,E8,DSC,TRI,22
M4428,E8,DSC,TRI,13
M4429,E8,LDS,IMP,21
M4430,E8,LDS,EXP,37
M4431,E8,LDS,EXP,28
M4432,E8,DSC,IMP,14
M4433,E8,LDS,EXP,29
M4434,E8,DSC,IMP,29
M4435,E8,TSS,IMP,8
M4436,E8,LDS,TRI,15
M4437,E8,LDS,EXP,37
M4438,E8,DSC,IMP,5
M4439,E8,DSC,IMP,13
M4440,E8,DSC,TRX,3
M4441,E8,DSC,TRI,19
M4442,E8,LDS,TRI,21
M4443,E8,LDS,TRX,16
M4444,E8,TSS,EXP,41
M4445,E8,LDS,IMP,8
M4446,E8,LDS,IMP,2
M4447,E8,DSC,TRI,20
M4448,E8,LDS,TRI,35
M4449,E8,DSC,IMP,15
M4450,E8,LDS,IMP,21
M4451,E8,LDS,TRI,13
M4452,E8,LDS,IMP,11
M4453,E8,RHL,TRX,1
M4454,E8,DSC,EXP,25
M4455,E8,LDS,EXP,23
M4456,E8,RHL,TRX,16
M4457,E8,DSC,TRX,41
M4458,E8,DSC,EXP,40
M4459,E8,DSC,TRX,30
M4460,E8,TSS,TRX,30
M4461,E8,DSC,IMP,1
M4462,E8,DSC,TRI,7
M4463,E8,LDS,IMP,39
M4464,E8,DSC,IMP,26
M4465,E8,TSM,TRX,17
M4466,E8,TSS,EXP,14
M4467,E8,TSM,IMP,14
M4468,E8,RHL,TRX,36
M4469,E8,DSC,TRX,26
M4470,E8,LDS,TRI,15
M4471,E8,DSC,IMP,23
M4472,E8,TSM,EXP,21
M4473,E8,DSC,TRX,26
M4474,E8,DSC,EXP,30
M4475,E8,LDS,TRX,25
M4476,E8,LDS,TRI,9
M4477,E8,LDS,TRX,6
M4478,E8,DSC,TRX,33
M4479,E8,DSC,EXP,13
M4480,E8,DSC,EXP,41
M4481,E8,RHL,TRX,16
M4482,E8,LDS,TRI,26
M4483,E8,LDS,TRI,28
M4484,E8,DSC,TRI,35
M4485,E8,DSC,IMP,23
M4486,E8,LDS,IMP,29
M4487,E8,LDS,IMP,28
M4488,E8,RHL,TRI,1
M4489,E8,DSC,EXP,29
M4490,E8,DSC,TRX,41
M4491,E8,LDS,TRX,22
M4492,E8,TSM,TRI,13
M4493,E8,DSC,IMP,5
M4494,E8,DSC,TRI,30
M4495,E8,RHL,EXP,36
M4496,E8,TSS,EXP,36
M4497,E8,DSC,TRI,15
M4498,E8,DSC,EXP,15
M4499,E8,LDS,EXP,42
M4500,E8,TSS,TRI,35
M4501,E8,LDS,TRX,22
M4502,E8,DSC,TRI,1
M4503,E8,LDS,IMP,34
M4504,E8,LDS,TRX,24
M4505,E8,TSS,EXP,42
M4506,E8,DSC,IMP,21
M4507,E8,RHL,EXP,36
M4508,E8,DSC,TRX,35
M4509,E8,LDS,EXP,10
M4510,E8,DSC,TRI,35
M4511,E8,DSC,EXP,6
M4512,E8,DSC,TRX,8
M4513,E8,LDS,TRX,25
M4514,E8,LDS,TRI,11
M4515,E8,DSC,EXP,32
M4516,E8,LDS,EXP,34
M4517,E8,LDS,TRX,18
M4518,E8,LDS,TRX,6
M4519,E8,DSC,IMP,22
M4520,E8,DSC,TRX,42
M4521,E8,DSC,TRI,7
M4522,E8,DSC,TRI,24
M4523,E8,TSS,EXP,4
M4524,E8,TSS,EXP,20
M4525,E8,RHL,IMP,19
M4526,E8,LDS,TRI,9
M4527,E8,DSC,TRI,13
M4528,E8,DSC,EXP,17
M4529,E8,TSS,TRI,2
M4530,E8,RHL,TRX,15
M4531,E8,TSM,IMP,30
M4532,E8,TSM,TRI,35
M4533,E8,LDS,EXP,39
M4534,E8,LDS,IMP,42
M4535,E8,LDS,IMP,1
M4536,E8,DSC,EXP,8
M4537,E8,TSS,IMP,12
M4538,E8,DSC,IMP,27
M4539,E8,TSS,TRI,28
M4540,E8,DSC,IMP,25
M4541,E8,TSM,IMP,24
M4542,E8,DSC,TRX,3
M4543,E8,LDS,EXP,7
M4544,E8,LDS,TRI,1
M4545,E8,TSS,TRI,34
M4546,E8,LDS,EXP,12
M4547,E8,TSS,EXP,32
M4548,E8,LDS,EXP,8
M4549,E8,LDS,TRI,2
M4550,E8,RHL,IMP,23
M4551,E8,DSC,IMP,30
M4552,E8,DSC,EXP,23
M4553,E8,DSC,TRX,26
M4554,E8,TSS,EXP,24
M4555,E8,LDS,EXP,26
M4556,E8,LDS,TRX,18
M4557,E8,LDS,TRI,40
M4558,E8,DSC,EXP,11
M4559,E8,TSM,TRX,17
M4560,E8,TSM,EXP,34
M4561,E8,DSC,EXP,30
M4562,E8,TSS,IMP,41
M4563,E8,LDS,EXP,41
M4564,E8,LDS,IMP,7
M4565,E8,DSC,IMP,11
M4566,E8,LDS,TRX,25
M4567,E8,LDS,EXP,40
M4568,E8,DSC,TRX,30
M4569,E8,TSS,EXP,27
M4570,E8,DSC,IMP,7
M4571,E8,RHL,TRI,20
M4572,E8,LDS,IMP,39
M4573,E8,RHL,TRI,26
M4574,E8,LDS,TRX,33
M4575,E8,LDS,TRX,7
M4576,E8,DSC,IMP,3
M4577,E8,DSC,EXP,6
M4578,E8,TSS,EXP,37
M4579,E8,LDS,TRI,11
M4580,E8,TSM,TRI,33
M4581,E8,DSC,IMP,20
M4582,E8,LDS,TRX,8
M4583,E8,DSC,IMP,6
M4584,E8,DSC,EXP,15
M4585,E8,DSC,IMP,36
M4586,E8,TSS,EXP,5
M4587,E8,TSS,IMP,10
M4588,E8,DSC,IMP,40
M4589,E8,DSC,EXP,31
M4590,E8,TSM,TRI,15
M4591,E8,TSS,EXP,26
M4592,E8,LDS,TRI,39
M4593,E8,DSC,TRX,37
M4594,E8,DSC,IMP,6
M4595,E8,LDS,IMP,27
M4596,E8,LDS,EXP,1
M4597,E8,RHL,TRI,7
M4598,E8,LDS,TRI,9
M4599,E8,TSM,EXP,8
M4600,E8,TSS,IMP,12
M4601,E8,TSM,IMP,17
M4602,E8,LDS,IMP,15
M4603,E8,TSS,TRX,29
M4604,E8,LDS,EXP,13
M4605,E8,RHL,IMP,26
M4606,E8,RHL,TRX,32
M4607,E8,DSC,TRI,6
M4608,E8,DSC,TRX,41
M4609,E8,TSS,TRX,38
M4610,E8,DSC,IMP,5
M4611,E8,DSC,TRI,32
M4612,E8,LDS,TRI,13
M4613,E8,TSS,TRX,3
M4614,E8,LDS,IMP,39
M4615,E8,DSC,IMP,39
M4616,E8,LDS,TRI,5
M4617,E8,TSS,EXP,36
M4618,E8,LDS,TRI,16
M4619,E8,LDS,TRX,13
M4620,E8,TSS,IMP,40
M4621,E8,TSM,EXP,38
M4622,E8,TSS,TRI,1
M4623,E8,RHL,EXP,4
M4624,E8,LDS,TRI,33
M4625,E8,TSS,EXP,32
M4626,E8,DSC,TRI,20
M4627,E8,LDS,EXP,34
M4628,E8,LDS,IMP,34
M4629,E8,DSC,TRX,1
M4630,E8,DSC,TRI,1
M4631,E8,TSS,IMP,35
M4632,E8,TSM,IMP,21
M4633,E8,DSC,TRI,15
M4634,E8,LDS,EXP,1
M4635,E8,LDS,TRX,21
M4636,E8,TSM,IMP,1
M4637,E8,DSC,EXP,3
M4638,E8,RHL,EXP,4
M4639,E8,TSS,TRX,15
M4640,E8,DSC,TRX,15
M4641,E8,LDS,IMP,34
M4642,E8,LDS,TRX,5
M4643,E8,DSC,TRX,40
M4644,E8,TSM,TRX,42
M4645,E8,LDS,TRX,12
M4646,E8,LDS,TRI,25
M4647,E8,DSC,IMP,21
M4648,E8,DSC,EXP,26
M4649,E8,TSS,EXP,26
M4650,E8,LDS,IMP,17
M4651,E8,DSC,TRX,23
M4652,E8,DSC,TRX,18
M4653,E8,DSC,IMP,21
M4654,E8,TSS,IMP,42
M4655,E8,DSC,TRI,3
M4656,E8,LDS,IMP,17
M4657,E8,DSC,TRI,13
M4658,E8,LDS,EXP,7
M4659,E8,LDS,TRI,34
M4660,E8,LDS,TRI,21
M4661,E8,LDS,EXP,14
M4662,E8,RHL,TRX,31
M4663,E8,DSC,EXP,31
M4664,E8,LDS,TRI,26
M4665,E8,DSC,IMP,3
M4666,E8,RHL,IMP,39
M4667,E8,TSS,TRI,39
M4668,E8,TSM,TRX,29
M4669,E8,DSC,TRI,6
M4670,E8,DSC,TRI,27
M4671,E8,DSC,TRI,26
M4672,E8,TSM,TRX,23
M4673,E8,DSC,TRI,26
M4674,E8,DSC,EXP,12
M4675,E8,TSS,EXP,19
M4676,E8,LDS,TRI,17
M4677,E8,LDS,TRX,23
M4678,E8,LDS,EXP,14
M4679,E8,LDS,IMP,26
M4680,E8,DSC,IMP,20
M4681,E8,LDS,IMP,3
M4682,E8,RHL,TRI,8
M4683,E8,LDS,TRI,11
M4684,E8,LDS,TRX,11
M4685,E8,TSS,EXP,8
M4686,E8,LDS,EXP,38
M4687,E8,LDS,IMP,13
M4688,E8,DSC,EXP,35
M4689,E8,DSC,EXP,42
M4690,E8,LDS,TRI,38
M4691,E8,LDS,TRI,9
M4692,E8,LDS,TRX,22
M4693,E8,RHL,TRX,37
M4694,E8,DSC,TRX,18
M4695,E8,TSM,IMP,22
M4696,E8,LDS,TRI,5
M4697,E8,DSC,EXP,20
M4698,E8,TSM,IMP,27
M4699,E8,DSC,EXP,4
M4700,E8,DSC,TRX,3
M4701,E8,DSC,TRI,18
M4702,E8,DSC,IMP,27
M4703,E8,LDS,TRX,17
M4704,E8,LDS,EXP,31
M4705,E8,LDS,TRX,33
M4706,E8,TSS,EXP,2
M4707,E8,RHL,TRI,19
M4708,E8,LDS,EXP,22
M4709,E8,DSC,TRX,6
M4710,E8,TSS,IMP,7
M4711,E8,LDS,TRI,31
M4712,E8,LDS,TRX,6
M4713,E8,TSS,TRI,25
M4714,E8,DSC,TRI,19
M4715,E8,LDS,TRX,34
M4716,E8,DSC,IMP,21
M4717,E8,DSC,TRI,22
M4718,E8,DSC,IMP,41
M4719,E8,LDS,IMP,14
M4720,E8,DSC,EXP,12
M4721,E8,LDS,EXP,33
M4722,E8,LDS,TRI,29
M4723,E8,RHL,TRX,3
M4724,E8,TSM,TRI,13
M4725,E8,TSS,EXP,21
M4726,E8,TSS,IMP,2
M4727,E8,TSM,EXP,4
M4728,E8,TSS,IMP,7
M4729,E8,DSC,IMP,22
M4730,E8,TSS,TRX,4
M4731,E8,LDS,EXP,14
M4732,E8,DSC,TRI,33
M4733,E8,TSM,TRI,16
M4734,E8,DSC,IMP,9
M4735,E8,RHL,EXP,10
M4736,E8,DSC,EXP,8
M4737,E8,DSC,EXP,34
M4738,E8,LDS,TRX,4
M4739,E8,LDS,TRX,40
M4740,E8,TSM,TRI,10
M4741,E8,DSC,IMP,37
M4742,E8,RHL,IMP,12
M4743,E8,LDS,TRI,11
M4744,E8,LDS,EXP,11
M4745,E8,DSC,EXP,13
M4746,E8,DSC,TRX,27
M4747,E8,DSC,EXP,12
M4748,E8,DSC,IMP,4
M4749,E8,DSC,IMP,3
M4750,E8,TSM,TRI,40
M4751,E8,LDS,EXP,16
M4752,E8,LDS,TRI,34
M4753,E8,LDS,EXP,30
M4754,E8,DSC,IMP,7
M4755,E8,TSM,EXP,19
M4756,E8,LDS,TRX,10
M4757,E8,DSC,EXP,16
M4758,E8,DSC,IMP,12
M4759,E8,DSC,EXP,38
M4760,E8,LDS,TRI,41
M4761,E8,DSC,TRI,38
M4762,E8,DSC,EXP,38
M4763,E8,TSS,IMP,21
M4764,E8,DSC,TRX,30
M4765,E8,LDS,TRI,35
M4766,E8,TSS,TRI,13
M4767,E8,DSC,EXP,11
M4768,E8,DSC,EXP,2
M4769,E8,DSC,TRI,31
M4770,E8,LDS,TRI,15
M4771,E8,DSC,EXP,3
M4772,E8,DSC,IMP,16
M4773,E8,TSS,TRX,22
M4774,E8,TSM,EXP,6
M4775,E8,LDS,TRI,28
M4776,E8,DSC,IMP,17
M4777,E8,LDS,IMP,37
M4778,E8,LDS,TRX,12
M4779,E8,DSC,EXP,31
M4780,E8,DSC,TRX,37
M4781,E8,RHL,TRX,6
M4782,E8,DSC,TRI,7
M4783,E8,LDS,TRX,5
M4784,E8,TSM,IMP,30
M4785,E8,TSS,TRI,15
M4786,E8,LDS,EXP,7
M4787,E8,DSC,EXP,18
M4788,E8,LDS,IMP,2
M4789,E8,LDS,TRI,39
M4790,E8,DSC,TRI,20
M4791,E8,LDS,TRX,31
M4792,E8,LDS,EXP,41
M4793,E8,DSC,TRX,18
M4794,E8,DSC,IMP,8
M4795,E8,LDS,TRI,41
M4796,E8,DSC,TRX,14
M4797,E8,LDS,EXP,12
M4798,E8,LDS,EXP,26
M4799,E8,DSC,TRX,37
M4800,E8,LDS,IMP,22
M4801,E8,DSC,TRX,3
M4802,E8,DSC,IMP,39
M4803,E8,DSC,TRI,21
M4804,E8,LDS,TRI,24
M4805,E8,DSC,TRI,3
M4806,E8,DSC,TRX,28
M4807,E8,TSM,EXP,14
M4808,E8,DSC,TRI,20
M4809,E8,DSC,IMP,28
M4810,E8,DSC,TRI,36
M4811,E8,LDS,TRX,29
M4812,E8,TSS,EXP,37
M4813,E8,DSC,TRI,9
M4814,E8,DSC,TRI,39
M4815,E8,RHL,TRX,29
M4816,E8,DSC,TRI,6
M4817,E8,DSC,TRX,32
M4818,E8,LDS,EXP,31
M4819,E8,DSC,TRX,23
M4820,E8,DSC,IMP,39
M4821,E8,DSC,TRX,14
M4822,E8,TSS,IMP,2
M4823,E8,LDS,TRI,20
M4824,E8,DSC,EXP,1
M4825,E8,TSM,IMP,24
M4826,E8,TSM,EXP,26
M4827,E8,DSC,IMP,35
M4828,E8,DSC,EXP,2
M4829,E8,DSC,TRI,2
M4830,E8,DSC,IMP,2
M4831,E8,DSC,TRX,37
M4832,E8,TSS,TRX,39
M4833,E8,LDS,TRI,42
M4834,E8,LDS,TRX,8
M4835,E8,TSS,IMP,36
M4836,E8,DSC,EXP,2
M4837,E8,TSS,TRX,17
M4838,E8,TSM,TRX,40
M4839,E8,TSM,IMP,15
M4840,E8,DSC,EXP,3
M4841,E8,LDS,TRI,22
M4842,E8,LDS,EXP,19
M4843,E8,DSC,TRX,17
M4844,E8,TSM,TRX,41
M4845,E8,LDS,TRI,19
M4846,E8,LDS,TRX,5
M4847,E8,LDS,TRI,13
M4848,E8,DSC,TRX,4
M4849,E8,DSC,TRI,41
M4850,E8,LDS,IMP,37
M4851,E8,LDS,IMP,19
M4852,E8,DSC,IMP,6
M4853,E8,TSM,EXP,25
M4854,E8,DSC,EXP,40
M4855,E8,TSM,TRX,25
M4856,E8,DSC,EXP,26
M4857,E8,LDS,TRX,25
M4858,E8,TSS,TRI,4
M4859,E8,LDS,IMP,19
M4860,E8,TSS,EXP,10
M4861,E8,LDS,TRX,3
M4862,E8,LDS,TRX,23
M4863,E8,LDS,TRX,15
M4864,E8,DSC,EXP,14
M4865,E8,DSC,EXP,27
M4866,E8,DSC,TRX,27
M4867,E8,TSS,TRX,6
M4868,E8,DSC,TRX,2
M4869,E8,TSM,TRI,26
M4870,E8,TSS,EXP,40
M4871,E8,LDS,EXP,11
M4872,E8,LDS,TRX,20
M4873,E8,TSM,TRI,41
M4874,E8,TSM,TRX,11
M4875,E8,LDS,TRI,12
M4876,E8,LDS,IMP,7
M4877,E8,DSC,TRI,28
M4878,E8,DSC,EXP,18
M4879,E8,LDS,EXP,41
M4880,E8,LDS,TRI,22
M4881,E8,TSM,EXP,8
M4882,E8,RHL,IMP,16
M4883,E8,DSC,TRX,30
M4884,E8,LDS,TRX,22
M4885,E8,DSC,TRX,30
M4886,E8,LDS,IMP,35
M4887,E8,DSC,IMP,24
M4888,E8,TSS,IMP,36
M4889,E8,LDS,IMP,4
M4890,E8,LDS,IMP,6
M4891,E8,LDS,TRX,30
M4892,E8,TSS,IMP,34
M4893,E8,TSM,TRX,39
M4894,E8,LDS,TRX,18
M4895,E8,LDS,TRX,17
M4896,E8,DSC,TRI,3
M4897,E8,TSM,EXP,38
M4898,E8,LDS,TRX,22
M4899,E8,LDS,TRI,36
M4900,E8,DSC,EXP,22
M4901,E8,DSC,IMP,25
M4902,E8,DSC,EXP,10
M4903,E8,LDS,TRX,20
M4904,E8,LDS,TRI,24
M4905,E8,DSC,TRI,9
M4906,E8,LDS,IMP,28
M4907,E8,TSS,TRI,37
M4908,E8,DSC,EXP,37
M4909,E8,LDS,TRI,11
M4910,E8,LDS,TRI,39
M4911,E8,TSM,TRI,18
M4912,E8,DSC,IMP,8
M4913,E8,LDS,TRI,38
M4914,E8,RHL,IMP,13
M4915,E8,RHL,EXP,26
M4916,E8,DSC,EXP,8
M4917,E8,DSC,TRX,14
M4918,E8,LDS,TRI,7
M4919,E8,TSS,TRI,26
M4920,E8,LDS,EXP,37
M4921,E8,TSS,IMP,21
M4922,E8,DSC,EXP,33
M4923,E8,LDS,TRI,15
M4924,E8,TSM,EXP,11
M4925,E8,LDS,IMP,27
M4926,E8,LDS,IMP,3
M4927,E8,DSC,TRI,23
M4928,E8,LDS,EXP,39
M4929,E8,LDS,TRX,12
M4930,E8,LDS,IMP,2
M4931,E8,DSC,EXP,15
M4932,E8,LDS,TRI,21
M4933,E8,DSC,IMP,1
M4934,E8,TSM,TRI,28
M4935,E8,LDS,IMP,5
M4936,E8,LDS,EXP,7
M4937,E8,TSS,TRI,21
M4938,E8,DSC,EXP,39
M4939,E8,LDS,EXP,40
M4940,E8,DSC,EXP,37
M4941,E8,DSC,TRX,18
M4942,E8,LDS,TRI,31
M4943,E8,TSS,TRX,34
M4944,E8,DSC,IMP,5
M4945,E8,TSS,IMP,39
M4946,E8,LDS,EXP,5
M4947,E8,DSC,TRX,41
M4948,E8,DSC,TRX,24
M4949,E8,DSC,TRI,16
M4950,E8,TSM,TRI,18
M4951,E8,LDS,TRI,23
M4952,E8,DSC,TRI,30
M4953,E8,TSS,IMP,31
M4954,E8,TSS,TRI,5
M4955,E8,LDS,EXP,12
M4956,E8,DSC,IMP,18
M4957,E8,TSM,EXP,30
M4958,E8,DSC,TRX,13
M4959,E8,TSS,EXP,26
M4960,E8,LDS,EXP,22
M4961,E8,DSC,TRX,26
M4962,E8,RHL,TRI,3
M4963,E8,DSC,EXP,13
M4964,E8,DSC,TRX,22
M4965,E8,LDS,TRI,34
M4966,E8,DSC,TRX,27
M4967,E8,DSC,TRX,8
M4968,E8,LDS,IMP,31
M4969,E8,LDS,IMP,14
M4970,E8,LDS,IMP,23
M4971,E8,DSC,TRX,24
M4972,E8,LDS,TRX,26
M4973,E8,LDS,TRX,15
M4974,E8,DSC,TRX,5
M4975,E8,DSC,EXP,6
M4976,E8,LDS,TRX,26
M4977,E8,RHL,TRX,15
M4978,E8,TSM,EXP,33
M4979,E8,TSM,IMP,38
M4980,E8,LDS,IMP,33
M4981,E8,DSC,IMP,5
M4982,E8,DSC,EXP,27
M4983,E8,TSM,IMP,35
M4984,E8,TSM,TRI,17
M4985,E8,DSC,TRI,31
M4986,E8,RHL,TRI,13
M4987,E8,TSS,IMP,23
M4988,E8,LDS,IMP,40
M4989,E8,DSC,TRI,13
M4990,E8,DSC,IMP,11
M4991,E8,TSM,EXP,36
M4992,E8,DSC,IMP,29
M4993,E8,RHL,TRX,30
M4994,E8,LDS,TRX,38
M4995,E8,LDS,IMP,29
M4996,E8,TSM,TRX,31
M4997,E8,LDS,TRI,5
M4998,E8,RHL,IMP,23
M4999,E8,DSC,TRX,31
M5000,E8,TSS,IMP,38
M5001,E8,TSS,EXP,29
M5002,E8,LDS,TRX,21
M5003,E8,RHL,EXP,15
M5004,E8,DSC,TRX,32
M5005,E8,DSC,TRI,11
M5006,E8,LDS,TRI,32
M5007,E8,TSS,IMP,2
M5008,E8,DSC,TRX,19
M5009,E8,DSC,TRX,34
M5010,E8,DSC,IMP,23
M5011,E8,DSC,TRI,26
M5012,E8,DSC,TRX,26
M5013,E8,LDS,EXP,31
M5014,E8,DSC,IMP,26
M5015,E8,LDS,EXP,32
M5016,E8,DSC,IMP,19
M5017,E8,LDS,IMP,39
M5018,E8,LDS,IMP,13
M5019,E8,DSC,TRI,10
M5020,E8,LDS,IMP,15
M5021,E8,DSC,TRI,19
M5022,E8,LDS,TRX,42
M5023,E8,RHL,TRX,5
M5024,E8,DSC,TRX,9
M5025,E8,RHL,EXP,41
M5026,E8,DSC,TRI,10
M5027,E8,DSC,TRI,29
M5028,E8,LDS,IMP,37
M5029,E8,DSC,EXP,25
M5030,E8,TSS,TRX,33
M5031,E8,TSM,TRI,40
M5032,E8,RHL,TRI,5
M5033,E8,LDS,TRX,21
M5034,E8,LDS,TRI,40
M5035,E8,LDS,TRX,19
M5036,E8,TSM,EXP,24
M5037,E8,DSC,TRI,14
M5038,E8,TSM,TRI,7
M5039,E8,TSM,TRI,40
M5040,E8,DSC,EXP,10
M5041,E8,LDS,EXP,21
M5042,E8,DSC,IMP,32
M5043,E8,TSS,TRI,40
M5044,E8,LDS,IMP,29
M5045,E8,TSS,TRI,7
M5046,E8,LDS,TRX,11
M5047,E8,LDS,TRI,4
M5048,E8,DSC,IMP,11
M5049,E8,TSM,TRX,33
M5050,E8,LDS,TRX,38
M5051,E8,TSS,IMP,18
M5052,E8,LDS,EXP,12
M5053,E8,TSS,TRI,11
M5054,E8,LDS,EXP,28
M5055,E8,DSC,TRX,10
M5056,E8,DSC,TRI,30
M5057,E9,DSC,TRI,4
M5058,E9,DSC,TRI,8
M5059,E9,TSM,EXP,41
M5060,E9,TSS,TRX,16
M5061,E9,LDS,EXP,12
M5062,E9,DSC,EXP,2
M5063,E9,LDS,IMP,13
M5064,E9,DSC,IMP,40
M5065,E9,RHL,EXP,21
M5066,E9,TSS,EXP,35
M5067,E9,LDS,TRX,3
M5068,E9,LDS,TRI,21
M5069,E9,TSM,TRI,23
M5070,E9,LDS,TRI,42
M5071,E9,LDS,TRX,17
M5072,E9,RHL,TRX,36
M5073,E9,LDS,TRX,15
M5074,E9,TSS,EXP,10
M5075,E9,LDS,TRI,11
M5076,E9,LDS,TRI,1
M5077,E9,DSC,TRX,27
M5078,E9,LDS,EXP,34
M5079,E9,TSM,EXP,41
M5080,E9,DSC,IMP,33
M5081,E9,DSC,TRI,11
M5082,E9,RHL,EXP,13
M5083,E9,DSC,EXP,1
M5084,E9,DSC,IMP,7
M5085,E9,LDS,EXP,13
M5086,E9,TSM,IMP,11
M5087,E9,DSC,TRX,35
M5088,E9,LDS,TRX,32
M5089,E9,LDS,EXP,7
M5090,E9,TSM,TRX,24
M5091,E9,DSC,IMP,12
M5092,E9,TSM,EXP,10
M5093,E9,LDS,TRI,25
M5094,E9,LDS,TRX,13
M5095,E9,TSS,TRX,11
M5096,E9,DSC,IMP,38
M5097,E9,LDS,IMP,1
M5098,E9,TSM,IMP,33
M5099,E9,LDS,TRI,14
M5100,E9,TSS,TRI,16
M5101,E9,LDS,TRI,29
M5102,E9,LDS,TRX,41
M5103,E9,DSC,IMP,12
M5104,E9,DSC,TRI,36
M5105,E9,LDS,EXP,23
M5106,E9,DSC,TRX,27
M5107,E9,DSC,IMP,11
M5108,E9,LDS,TRI,34
M5109,E9,DSC,TRI,38
M5110,E9,LDS,EXP,10
M5111,E9,TSS,TRX,8
M5112,E9,DSC,EXP,13
M5113,E9,LDS,EXP,18
M5114,E9,TSS,EXP,15
M5115,E9,TSS,EXP,25
M5116,E9,DSC,IMP,29
M5117,E9,LDS,TRX,27
M5118,E9,LDS,TRX,22
M5119,E9,DSC,IMP,12
M5120,E9,DSC,IMP,19
M5121,E9,DSC,IMP,13
M5122,E9,TSM,IMP,8
M5123,E9,LDS,EXP,22
M5124,E9,LDS,EXP,30
M5125,E9,TSM,EXP,38
M5126,E9,LDS,IMP,41
M5127,E9,DSC,TRI,22
M5128,E9,RHL,TRI,32
M5129,E9,LDS,TRX,33
M5130,E9,LDS,TRI,34
M5131,E9,LDS,TRX,29
M5132,E9,RHL,EXP,30
M5133,E9,DSC,IMP,27
M5134,E9,LDS,EXP,12
M5135,E9,DSC,TRX,8
M5136,E9,DSC,IMP,40
M5137,E9,TSS,IMP,23
M5138,E9,DSC,TRI,23
M5139,E9,LDS,IMP,6
M5140,E9,DSC,IMP,11
M5141,E9,DSC,EXP,12
M5142,E9,RHL,TRI,39
M5143,E9,DSC,EXP,41
M5144,E9,TSS,IMP,18
M5145,E9,DSC,IMP,6
M5146,E9,TSS,TRX,7
M5147,E9,LDS,TRX,15
M5148,E9,DSC,TRI,12
M5149,E9,LDS,EXP,31
M5150,E9,LDS,EXP,38
M5151,E9,TSM,TRI,15
M5152,E9,LDS,TRI,36
M5153,E9,TSS,EXP,9
M5154,E9,TSS,EXP,18
M5155,E9,DSC,EXP,16
M5156,E9,LDS,TRX,11
M5157,E9,TSS,EXP,7
M5158,E9,TSM,TRI,9
M5159,E9,LDS,TRX,27
M5160,E9,TSS,TRX,11
M5161,E9,TSM,TRX,4
M5162,E9,RHL,EXP,5
M5163,E9,DSC,TRX,4
M5164,E9,DSC,TRX,16
M5165,E9,LDS,TRI,38
M5166,E9,RHL,IMP,3
M5167,E9,DSC,TRI,2
M5168,E9,LDS,TRI,27
M5169,E9,TSM,IMP,6
M5170,E9,DSC,TRI,28
M5171,E9,LDS,TRI,15
M5172,E9,LDS,IMP,17
M5173,E9,RHL,TRX,11
M5174,E9,LDS,TRI,20
M5175,E9,LDS,TRI,30
M5176,E9,DSC,TRI,18
M5177,E9,LDS,TRI,28
M5178,E9,TSM,TRI,13
M5179,E9,TSS,TRI,29
M5180,E9,LDS,IMP,13
M5181,E9,RHL,TRI,37
M5182,E9,DSC,EXP,21
M5183,E9,DSC,TRX,12
M5184,E9,DSC,TRX,4
M5185,E9,DSC,EXP,20
M5186,E9,RHL,IMP,10
M5187,E9,LDS,TRI,17
M5188,E9,DSC,IMP,11
M5189,E9,DSC,IMP,22
M5190,E9,DSC,EXP,14
M5191,E9,DSC,EXP,34
M5192,E9,LDS,EXP,11
M5193,E9,DSC,TRI,6
M5194,E9,LDS,IMP,36
M5195,E9,DSC,IMP,32
M5196,E9,DSC,TRX,20
M5197,E9,LDS,IMP,39
M5198,E9,RHL,TRI,38
M5199,E9,TSM,EXP,10
M5200,E9,TSM,EXP,23
M5201,E9,LDS,IMP,37
M5202,E9,TSM,TRX,29
M5203,E9,LDS,IMP,20
M5204,E9,DSC,IMP,33
M5205,E9,RHL,EXP,27
M5206,E9,DSC,TRI,38
M5207,E9,TSM,TRX,13
M5208,E9,DSC,TRX,12
M5209,E9,TSS,TRI,11
M5210,E9,LDS,EXP,27
M5211,E9,TSS,TRI,28
M5212,E9,DSC,TRI,26
M5213,E9,TSS,EXP,36
M5214,E9,RHL,TRX,36
M5215,E9,LDS,EXP,17
M5216,E9,DSC,TRI,7
M5217,E9,LDS,IMP,26
M5218,E9,DSC,EXP,27
M5219,E9,TSM,IMP,36
M5220,E9,DSC,EXP,3
M5221,E9,LDS,TRI,27
M5222,E9,DSC,TRI,6
M5223,E9,TSS,EXP,22
M5224,E9,RHL,EXP,4
M5225,E9,LDS,TRI,40
M5226,E9,LDS,TRI,24
M5227,E9,LDS,IMP,23
M5228,E9,DSC,TRI,23
M5229,E9,RHL,TRX,32
M5230,E9,LDS,IMP,31
M5231,E9,DSC,EXP,30
M5232,E9,TSM,IMP,12
M5233,E9,TSS,EXP,28
M5234,E9,TSS,TRI,32
M5235,E9,DSC,TRI,20
M5236,E9,LDS,TRX,3
M5237,E9,LDS,TRI,13
M5238,E9,DSC,IMP,24
M5239,E9,DSC,TRI,4
M5240,E9,DSC,IMP,34
M5241,E9,LDS,EXP,4
M5242,E9,LDS,IMP,27
M5243,E9,DSC,TRX,39
M5244,E9,LDS,EXP,35
M5245,E9,TSM,TRI,14
M5246,E9,RHL,TRX,2
M5247,E9,LDS,TRX,18
M5248,E9,TSM,TRI,21
M5249,E9,LDS,EXP,28
M5250,E9,DSC,TRI,19
M5251,E9,DSC,IMP,25
M5252,E9,DSC,TRI,27
M5253,E9,TSM,IMP,8
M5254,E9,DSC,TRX,21
M5255,E9,DSC,TRI,25
M5256,E9,LDS,IMP,35
M5257,E9,DSC,TRI,6
M5258,E9,DSC,IMP,32
M5259,E9,RHL,TRI,24
M5260,E9,DSC,TRX,24
M5261,E9,LDS,TRI,38
M5262,E9,LDS,TRX,39
M5263,E9,TSM,IMP,41
M5264,E9,TSM,IMP,41
M5265,E9,LDS,EXP,11
M5266,E9,TSM,IMP,29
M5267,E9,LDS,TRI,25
M5268,E9,TSS,IMP,28
M5269,E9,TSM,TRI,22
M5270,E9,LDS,IMP,4
M5271,E9,LDS,TRI,28
M5272,E9,TSM,IMP,32
M5273,E9,DSC,TRX,12
M5274,E9,DSC,IMP,33
M5275,E9,TSS,EXP,42
M5276,E9,DSC,TRI,18
M5277,E9,LDS,TRI,2
M5278,E9,LDS,TRI,40
M5279,E9,TSM,EXP,26
M5280,E9,TSS,TRX,12
M5281,E9,DSC,TRI,10
M5282,E9,LDS,EXP,34
M5283,E9,LDS,TRX,2
M5284,E9,TSM,EXP,19
M5285,E9,LDS,TRI,13
M5286,E9,LDS,TRX,20
M5287,E9,DSC,IMP,15
M5288,E9,LDS,IMP,9
M5289,E9,DSC,EXP,13
M5290,E9,LDS,TRX,25
M5291,E9,TSS,EXP,14
M5292,E9,LDS,TRX,24
M5293,E9,DSC,IMP,20
M5294,E9,LDS,TRI,10
M5295,E9,TSS,EXP,3
M5296,E9,DSC,EXP,37
M5297,E9,TSM,IMP,12
M5298,E9,DSC,TRX,24
M5299,E9,TSM,TRI,38
M5300,E9,DSC,TRI,30
M5301,E9,TSM,IMP,41
M5302,E9,DSC,TRX,29
M5303,E9,RHL,EXP,11
M5304,E9,DSC,IMP,18
M5305,E9,DSC,IMP,18
M5306,E9,DSC,TRX,26
M5307,E9,LDS,TRX,15
M5308,E9,DSC,TRX,31
M5309,E9,LDS,TRI,35
M5310,E9,DSC,TRI,29
M5311,E9,LDS,IMP,19
M5312,E9,DSC,IMP,8
M5313,E9,DSC,TRI,11
M5314,E9,LDS,TRI,17
M5315,E9,TSS,TRX,41
M5316,E9,DSC,EXP,25
M5317,E9,TSS,IMP,2
M5318,E9,DSC,EXP,16
M5319,E9,DSC,IMP,35
M5320,E9,DSC,EXP,7
M5321,E9,TSM,EXP,17
M5322,E9,TSM,EXP,18
M5323,E9,TSM,EXP,23
M5324,E9,LDS,EXP,42
M5325,E9,RHL,IMP,11
M5326,E9,LDS,TRX,9
M5327,E9,TSM,TRI,15
M5328,E9,DSC,TRX,9
M5329,E9,DSC,EXP,33
M5330,E9,DSC,EXP,20
M5331,E9,DSC,EXP,7
M5332,E9,DSC,TRX,7
M5333,E9,RHL,EXP,13
M5334,E9,LDS,TRI,24
M5335,E9,LDS,EXP,39
M5336,E9,DSC,IMP,14
M5337,E9,LDS,EXP,17
M5338,E9,TSS,IMP,6
M5339,E9,TSM,IMP,32
M5340,E9,RHL,TRX,13
M5341,E9,DSC,TRX,16
M5342,E9,LDS,TRI,9
M5343,E9,DSC,IMP,36
M5344,E9,DSC,TRI,17
M5345,E9,TSM,EXP,14
M5346,E9,TSS,IMP,15
M5347,E9,DSC,IMP,9
M5348,E9,TSS,TRX,22
M5349,E9,LDS,TRX,32
M5350,E9,LDS,IMP,1
M5351,E9,LDS,EXP,6
M5352,E9,LDS,TRI,6
M5353,E9,DSC,IMP,41
M5354,E9,DSC,EXP,8
M5355,E9,TSS,EXP,39
M5356,E9,DSC,EXP,16
M5357,E9,TSM,EXP,27
M5358,E9,LDS,TRX,41
M5359,E9,TSS,IMP,24
M5360,E9,DSC,IMP,1
M5361,E9,LDS,TRX,42
M5362,E9,LDS,TRI,29
M5363,E9,TSM,IMP,25
M5364,E9,DSC,EXP,19
M5365,E9,LDS,TRI,29
M5366,E9,DSC,TRI,6
M5367,E9,TSM,TRX,32
M5368,E9,LDS,EXP,10
M5369,E9,DSC,TRX,30
M5370,E9,LDS,TRI,20
M5371,E9,LDS,EXP,25
M5372,E9,RHL,IMP,23
M5373,E9,LDS,IMP,16
M5374,E9,DSC,TRI,13
M5375,E9,LDS,IMP,12
M5376,E9,LDS,IMP,6
M5377,E9,LDS,EXP,16
M5378,E9,TSS,TRX,27
M5379,E9,DSC,TRI,3
M5380,E9,DSC,TRI,8
M5381,E9,DSC,TRX,19
M5382,E9,TSS,TRX,22
M5383,E9,LDS,EXP,9
M5384,E9,DSC,EXP,25
M5385,E9,RHL,EXP,39
M5386,E9,DSC,IMP,25
M5387,E9,DSC,TRX,19
M5388,E9,LDS,EXP,4
M5389,E9,LDS,TRI,39
M5390,E9,LDS,TRX,3
M5391,E9,TSS,TRX,8
M5392,E9,RHL,TRI,3
M5393,E9,TSS,TRX,26
M5394,E9,DSC,TRI,19
M5395,E9,LDS,EXP,19
M5396,E9,TSM,TRI,36
M5397,E9,LDS,TRI,42
M5398,E9,DSC,IMP,18
M5399,E9,LDS,EXP,8
M5400,E9,TSS,TRX,29
M5401,E9,LDS,EXP,10
M5402,E9,LDS,TRX,27
M5403,E9,LDS,TRX,13
M5404,E9,TSM,TRX,35
M5405,E9,DSC,IMP,21
M5406,E9,RHL,EXP,26
M5407,E9,LDS,EXP,36
M5408,E9,DSC,TRI,12
M5409,E9,DSC,IMP,27
M5410,E9,DSC,TRX,29
M5411,E9,DSC,IMP,41
M5412,E9,DSC,TRX,30
M5413,E9,DSC,TRI,1
M5414,E9,DSC,TRX,5
M5415,E9,LDS,EXP,20
M5416,E9,LDS,TRI,41
M5417,E9,LDS,IMP,42
M5418,E9,LDS,TRI,10
M5419,E9,TSM,TRX,11
M5420,E9,DSC,EXP,11
M5421,E9,LDS,EXP,1
M5422,E9,DSC,TRX,41
M5423,E9,DSC,IMP,24
M5424,E9,LDS,EXP,7
M5425,E9,RHL,TRI,2
M5426,E9,TSM,TRI,4
M5427,E9,LDS,IMP,28
M5428,E9,DSC,TRX,28
M5429,E9,TSS,IMP,18
M5430,E9,TSM,EXP,29
M5431,E9,DSC,TRI,32
M5432,E9,RHL,EXP,34
M5433,E9,DSC,TRI,33
M5434,E9,DSC,IMP,30
M5435,E9,DSC,TRX,21
M5436,E9,DSC,IMP,4
M5437,E9,DSC,TRX,12
M5438,E9,RHL,EXP,35
M5439,E9,LDS,TRX,18
M5440,E9,DSC,IMP,42
M5441,E9,RHL,TRX,17
M5442,E9,LDS,TRX,5
M5443,E9,DSC,TRI,19
M5444,E9,TSM,TRI,9
M5445,E9,DSC,EXP,21
M5446,E9,LDS,IMP,6
M5447,E9,TSM,IMP,13
M5448,E9,TSS,IMP,22
M5449,E9,RHL,TRX,8
M5450,E9,LDS,TRX,8
M5451,E9,DSC,TRX,39
M5452,E9,LDS,EXP,24
M5453,E9,TSS,EXP,17
M5454,E9,DSC,TRI,2
M5455,E9,LDS,IMP,4
M5456,E9,TSM,TRI,20
M5457,E9,TSS,TRI,24
M5458,E9,DSC,TRI,41
M5459,E9,DSC,TRX,29
M5460,E9,LDS,EXP,5
M5461,E9,TSS,TRX,2
M5462,E9,DSC,TRX,28
M5463,E9,DSC,TRI,7
M5464,E9,TSM,TRX,7
M5465,E9,RHL,TRI,9
M5466,E9,LDS,TRI,18
M5467,E9,LDS,EXP,35
M5468,E9,TSM,IMP,20
M5469,E9,LDS,TRI,6
M5470,E9,TSS,TRX,21
M5471,E9,LDS,EXP,11
M5472,E9,TSM,EXP,5
M5473,E9,DSC,TRI,16
M5474,E9,RHL,TRX,36
M5475,E9,DSC,IMP,34
M5476,E9,LDS,TRX,17
M5477,E9,DSC,EXP,7
M5478,E9,LDS,IMP,36
M5479,E9,LDS,IMP,28
M5480,E9,DSC,EXP,32
M5481,E9,LDS,EXP,35
M5482,E9,DSC,IMP,37
M5483,E9,TSS,TRX,17
M5484,E9,TSS,EXP,7
M5485,E9,DSC,TRI,40
M5486,E9,LDS,EXP,7
M5487,E9,LDS,TRI,9
M5488,E9,LDS,TRX,33
M5489,E9,TSS,EXP,42
M5490,E9,LDS,TRI,35
M5491,E9,DSC,IMP,30
M5492,E9,DSC,TRI,10
M5493,E9,LDS,IMP,38
M5494,E9,RHL,EXP,1
M5495,E9,LDS,IMP,28
M5496,E9,TSS,TRX,3
M5497,E9,LDS,TRX,11
M5498,E9,DSC,TRI,20
M5499,E9,TSS,IMP,1
M5500,E9,LDS,IMP,2
M5501,E9,LDS,TRI,11
M5502,E9,DSC,TRX,21
M5503,E9,DSC,TRX,30
M5504,E9,LDS,EXP,36
M5505,E9,DSC,TRI,12
M5506,E9,DSC,TRI,38
M5507,E9,TSS,TRI,16
M5508,E9,LDS,TRI,7
M5509,E9,DSC,TRX,18
M5510,E9,DSC,TRI,9
M5511,E9,LDS,TRI,3
M5512,E9,LDS,EXP,16
M5513,E9,TSS,IMP,7
M5514,E9,DSC,TRI,20
M5515,E9,RHL,EXP,9
M5516,E9,DSC,TRI,3
M5517,E9,LDS,IMP,3
M5518,E9,DSC,TRI,10
M5519,E9,LDS,TRI,26
M5520,E9,LDS,IMP,37
M5521,E9,TSS,EXP,42
M5522,E9,DSC,EXP,12
M5523,E9,DSC,EXP,38
M5524,E9,DSC,EXP,23
M5525,E9,DSC,TRX,38
M5526,E9,RHL,TRX,17
M5527,E9,TSM,EXP,7
M5528,E9,LDS,TRX,30
M5529,E9,DSC,IMP,39
M5530,E9,DSC,TRX,37
M5531,E9,LDS,EXP,11
M5532,E9,LDS,EXP,8
M5533,E9,RHL,TRI,19
M5534,E9,LDS,TRX,20
M5535,E9,LDS,TRX,20
M5536,E9,LDS,TRI,26
M5537,E9,LDS,IMP,23
M5538,E9,TSM,EXP,25
M5539,E9,DSC,IMP,39
M5540,E9,DSC,EXP,10
M5541,E9,LDS,IMP,25
M5542,E9,RHL,TRX,20
M5543,E9,DSC,TRI,17
M5544,E9,DSC,TRX,28
M5545,E9,DSC,TRI,32
M5546,E9,DSC,EXP,5
M5547,E9,RHL,IMP,37
M5548,E9,LDS,IMP,9
M5549,E9,TSM,TRI,32
M5550,E9,DSC,EXP,9
M5551,E9,LDS,EXP,12
M5552,E9,TSS,IMP,22
M5553,E9,DSC,TRX,26
M5554,E9,TSM,TRI,26
M5555,E9,LDS,IMP,26
M5556,E9,TSM,IMP,29
M5557,E9,RHL,EXP,21
M5558,E9,DSC,IMP,32
M5559,E9,DSC,TRX,40
M5560,E9,LDS,EXP,13
M5561,E9,RHL,EXP,32
M5562,E9,LDS,IMP,4
M5563,E9,LDS,EXP,5
M5564,E9,LDS,IMP,15
M5565,E9,LDS,EXP,11
M5566,E9,LDS,EXP,12
M5567,E9,LDS,EXP,10
M5568,E9,TSM,IMP,26
M5569,E9,DSC,EXP,23
M5570,E9,DSC,EXP,40
M5571,E9,RHL,IMP,9
M5572,E9,LDS,EXP,33
M5573,E9,TSS,TRX,16
M5574,E9,TSM,TRX,16
M5575,E9,DSC,EXP,35
M5576,E9,LDS,EXP,11
M5577,E9,DSC,EXP,18
M5578,E9,DSC,EXP,25
M5579,E9,LDS,IMP,13
M5580,E9,LDS,EXP,14
M5581,E9,DSC,EXP,18
M5582,E9,DSC,IMP,28
M5583,E9,LDS,IMP,21
M5584,E9,LDS,IMP,17
M5585,E9,TSM,TRI,19
M5586,E9,DSC,TRX,30
M5587,E9,LDS,TRI,26
M5588,E9,LDS,TRX,36
M5589,E9,TSM,TRX,38
M5590,E9,RHL,TRI,42
M5591,E9,LDS,TRX,10
M5592,E9,DSC,EXP,25
M5593,E9,DSC,TRX,20
M5594,E9,TSM,TRI,27
M5595,E9,DSC,TRX,35
M5596,E9,LDS,TRX,19
M5597,E9,DSC,TRX,16
M5598,E9,DSC,EXP,35
M5599,E9,RHL,IMP,24
M5600,E9,LDS,EXP,27
M5601,E9,DSC,IMP,11
M5602,E9,LDS,IMP,25
M5603,E9,DSC,TRX,12
M5604,E9,TSS,IMP,25
M5605,E9,DSC,IMP,14
M5606,E9,DSC,EXP,7
M5607,E9,TSM,IMP,37
M5608,E9,LDS,IMP,37
M5609,E9,DSC,EXP,26
M5610,E9,LDS,TRI,11
M5611,E9,TSS,TRX,28
M5612,E9,TSS,TRI,1
M5613,E9,DSC,TRX,38
M5614,E9,DSC,TRX,26
M5615,E9,DSC,TRI,29
M5616,E9,DSC,EXP,12
M5617,E9,LDS,TRX,2
M5618,E9,DSC,IMP,4
M5619,E9,DSC,TRI,30
M5620,E9,RHL,TRI,5
M5621,E9,TSM,TRI,42
M5622,E9,DSC,IMP,10
M5623,E9,LDS,EXP,36
M5624,E9,DSC,TRX,28
M5625,E9,TSM,EXP,11
M5626,E9,DSC,TRI,37
M5627,E9,DSC,EXP,14
M5628,E9,DSC,IMP,14
M5629,E9,DSC,TRX,10
M5630,E9,LDS,TRI,36
M5631,E9,TSS,EXP,33
M5632,E9,DSC,EXP,15
M5633,E9,TSM,TRX,12
M5634,E9,DSC,EXP,6
M5635,E9,DSC,TRX,19
M5636,E9,LDS,TRX,38
M5637,E9,LDS,IMP,30
M5638,E9,RHL,TRI,27
M5639,E9,TSS,TRI,20
M5640,E9,DSC,IMP,23
M5641,E9,DSC,IMP,7
M5642,E9,LDS,TRX,6
M5643,E9,DSC,TRX,9
M5644,E9,TSS,TRX,19
M5645,E9,LDS,EXP,30
M5646,E9,LDS,TRI,21
M5647,E9,DSC,EXP,36
M5648,E9,RHL,EXP,39
M5649,E9,DSC,EXP,10
M5650,E9,DSC,EXP,11
M5651,E9,LDS,IMP,39
M5652,E9,LDS,EXP,4
M5653,E9,LDS,EXP,29
M5654,E9,DSC,EXP,3
M5655,E9,LDS,TRI,32
M5656,E9,LDS,TRX,6
M5657,E9,DSC,TRX,30
M5658,E9,RHL,TRI,21
M5659,E9,TSM,EXP,26
M5660,E9,LDS,TRX,29
M5661,E9,RHL,IMP,5
M5662,E9,DSC,EXP,19
M5663,E9,DSC,TRI,10
M5664,E9,LDS,TRI,41
M5665,E9,RHL,IMP,11
M5666,E9,DSC,TRI,4
M5667,E9,DSC,TRI,42
M5668,E9,TSM,IMP,1
M5669,E9,TSS,IMP,30
M5670,E9,LDS,IMP,15
M5671,E9,LDS,IMP,18
M5672,E9,DSC,TRX,6
M5673,E9,LDS,TRI,4
M5674,E9,DSC,TRI,11
M5675,E9,LDS,EXP,37
M5676,E9,RHL,TRX,27
M5677,E9,LDS,EXP,21
M5678,E9,RHL,IMP,2
M5679,E9,LDS,IMP,21
M5680,E9,TSS,EXP,11
M5681,E9,DSC,EXP,41
M5682,E9,LDS,EXP,10
M5683,E9,DSC,TRX,42
M5684,E9,RHL,IMP,17
M5685,E9,RHL,IMP,17
M5686,E9,RHL,IMP,3
M5687,E9,DSC,TRI,33
M5688,E9,DSC,TRI,15
M5689,E9,TSM,EXP,39
M5690,E9,DSC,TRX,23
M5691,E9,LDS,TRX,27
M5692,E9,DSC,EXP,10
M5693,E9,LDS,TRX,32
M5694,E9,TSS,TRI,2
M5695,E9,DSC,TRI,14
M5696,E9,LDS,IMP,29
M5697,E9,LDS,EXP,42
M5698,E9,LDS,EXP,7
M5699,E9,RHL,TRI,6
M5700,E9,DSC,EXP,8
M5701,E9,DSC,IMP,2
M5702,E9,DSC,TRX,24
M5703,E9,DSC,TRX,4
M5704,E9,DSC,TRI,40
M5705,E9,LDS,TRX,33
M5706,E9,DSC,IMP,26
M5707,E9,LDS,TRX,17
M5708,E9,DSC,EXP,19
M5709,E9,LDS,TRI,42
M5710,E9,LDS,IMP,42
M5711,E9,TSS,TRI,17
M5712,E9,LDS,TRI,28
M5713,E9,TSS,TRX,38
M5714,E9,LDS,TRX,27
M5715,E9,DSC,IMP,32
M5716,E9,DSC,IMP,39
M5717,E9,DSC,TRX,21
M5718,E9,LDS,TRI,28
M5719,E9,TSS,IMP,39
M5720,E9,DSC,IMP,20
M5721,E9,LDS,IMP,42
M5722,E9,LDS,EXP,12
M5723,E9,DSC,TRI,2
M5724,E9,TSS,IMP,26
M5725,E9,DSC,IMP,15
M5726,E9,DSC,EXP,41
M5727,E9,LDS,IMP,16
M5728,E9,DSC,IMP,32
M5729,E9,LDS,TRI,13
M5730,E9,DSC,EXP,32
M5731,E9,TSS,TRI,18
M5732,E9,DSC,IMP,20
M5733,E9,LDS,TRI,11
M5734,E9,LDS,TRI,33
M5735,E9,DSC,TRI,23
M5736,E9,DSC,EXP,34
M5737,E9,DSC,TRI,20
M5738,E9,DSC,EXP,2
M5739,E9,LDS,TRX,36
M5740,E9,TSS,TRX,22
M5741,E9,DSC,IMP,6
M5742,E9,TSM,EXP,20
M5743,E9,DSC,EXP,37
M5744,E9,TSS,TRI,22
M5745,E9,LDS,IMP,13
M5746,E9,DSC,TRX,18
M5747,E9,LDS,EXP,35
M5748,E9,TSS,EXP,8
M5749,E9,LDS,TRI,16
M5750,E9,TSS,EXP,4
M5751,E9,TSM,EXP,15
M5752,E9,DSC,EXP,6
M5753,E9,LDS,TRI,19
M5754,E9,DSC,TRX,14
M5755,E9,TSS,TRI,3
M5756,E9,LDS,IMP,35
M5757,E9,DSC,TRX,4
M5758,E9,DSC,TRX,28
M5759,E9,LDS,TRI,27
M5760,E9,DSC,TRI,8
M5761,E9,LDS,TRI,17
M5762,E9,LDS,TRI,4
M5763,E9,RHL,TRI,20
M5764,E9,LDS,IMP,27
M5765,E9,DSC,IMP,30
M5766,E9,TSM,IMP,18
M5767,E9,TSM,TRI,30
M5768,E9,LDS,EXP,32
M5769,E9,LDS,EXP,5
M5770,E9,DSC,EXP,3
M5771,E9,RHL,EXP,24
M5772,E9,LDS,TRX,13
M5773,E9,DSC,EXP,31
M5774,E9,LDS,IMP,31
M5775,E9,DSC,TRX,19
M5776,E9,DSC,TRI,31
M5777,E9,DSC,TRI,35
M5778,E9,DSC,EXP,4
M5779,E9,LDS,TRX,22
M5780,E9,LDS,IMP,4
M5781,E9,LDS,TRX,35
M5782,E9,TSM,TRI,15
M5783,E9,DSC,IMP,7
M5784,E9,DSC,IMP,38
M5785,E9,LDS,EXP,14
M5786,E9,DSC,EXP,20
M5787,E9,DSC,EXP,27
M5788,E9,DSC,IMP,4
M5789,E9,DSC,EXP,38
M5790,E9,LDS,TRX,29
M5791,E9,LDS,EXP,38
M5792,E9,TSS,TRX,22
M5793,E9,TSS,TRI,18
M5794,E9,LDS,IMP,4
M5795,E9,LDS,TRX,13
M5796,E9,LDS,TRI,42
M5797,E9,DSC,TRX,35
M5798,E9,LDS,EXP,16
M5799,E9,LDS,IMP,10
M5800,E9,DSC,TRX,42
M5801,E9,RHL,EXP,3
M5802,E9,LDS,IMP,27
M5803,E9,DSC,TRX,12
M5804,E9,LDS,EXP,21
M5805,E9,LDS,TRI,38
M5806,E9,DSC,TRX,4
M5807,E9,LDS,TRX,22
M5808,E9,DSC,TRX,7
M5809,E9,TSS,TRI,19
M5810,E9,DSC,TRX,35
M5811,E9,DSC,IMP,5
M5812,E9,LDS,EXP,3
M5813,E9,TSS,TRX,32
M5814,E9,DSC,TRI,20
M5815,E9,DSC,TRX,36
M5816,E9,LDS,TRX,37
M5817,E9,LDS,EXP,16
M5818,E9,LDS,TRI,31
M5819,E10,LDS,TRI,15
M5820,E10,DSC,EXP,8
M5821,E10,DSC,TRX,5
M5822,E10,DSC,EXP,14
M5823,E10,LDS,EXP,27
M5824,E10,TSM,TRX,5
M5825,E10,RHL,EXP,3
M5826,E10,DSC,EXP,35
M5827,E10,LDS,IMP,1
M5828,E10,LDS,TRI,20
M5829,E10,LDS,TRX,6
M5830,E10,TSM,TRX,6
M5831,E10,LDS,EXP,40
M5832,E10,LDS,TRX,39
M5833,E10,DSC,TRI,13
M5834,E10,DSC,EXP,5
M5835,E10,TSS,TRI,25
M5836,E10,TSS,TRX,21
M5837,E10,DSC,TRI,35
M5838,E10,LDS,TRI,17
M5839,E10,TSS,EXP,37
M5840,E10,DSC,EXP,13
M5841,E10,DSC,TRX,24
M5842,E10,LDS,TRI,16
M5843,E10,DSC,EXP,41
M5844,E10,DSC,TRX,12
M5845,E10,DSC,EXP,22
M5846,E10,LDS,EXP,33
M5847,E10,TSM,TRX,20
M5848,E10,TSS,TRX,12
M5849,E10,DSC,TRX,39
M5850,E10,DSC,EXP,14
M5851,E10,TSM,EXP,19
M5852,E10,DSC,EXP,37
M5853,E10,LDS,TRX,27
M5854,E10,DSC,TRI,11
M5855,E10,LDS,EXP,10
M5856,E10,LDS,EXP,2
M5857,E10,DSC,EXP,25
M5858,E10,LDS,TRI,26
M5859,E10,LDS,TRI,41
M5860,E10,TSS,EXP,42
M5861,E10,DSC,IMP,37
M5862,E10,TSS,TRX,4
M5863,E10,DSC,IMP,29
M5864,E10,LDS,IMP,42
M5865,E10,TSM,IMP,35
M5866,E10,DSC,TRX,37
M5867,E10,LDS,EXP,1
M5868,E10,LDS,IMP,10
M5869,E10,LDS,EXP,37
M5870,E10,TSS,TRI,15
M5871,E10,LDS,IMP,10
M5872,E10,LDS,TRX,28
M5873,E10,DSC,IMP,4
M5874,E10,DSC,TRX,33
M5875,E10,LDS,TRI,6
M5876,E10,DSC,TRX,2
M5877,E10,LDS,EXP,38
M5878,E10,LDS,IMP,7
M5879,E10,DSC,EXP,38
M5880,E10,TSS,IMP,10
M5881,E10,LDS,EXP,10
M5882,E10,LDS,EXP,21
M5883,E10,LDS,TRX,22
M5884,E10,LDS,IMP,37
M5885,E10,LDS,EXP,40
M5886,E10,TSS,TRX,40
M5887,E10,LDS,TRX,12
M5888,E10,LDS,IMP,29
M5889,E10,DSC,EXP,16
M5890,E10,RHL,TRX,33
M5891,E10,RHL,EXP,3
M5892,E10,DSC,TRI,15
M5893,E10,RHL,TRI,26
M5894,E10,DSC,EXP,36
M5895,E10,LDS,IMP,37
M5896,E10,DSC,TRI,9
M5897,E10,LDS,TRX,11
M5898,E10,RHL,IMP,26
M5899,E10,LDS,EXP,7
M5900,E10,DSC,EXP,16
M5901,E10,LDS,TRX,16
M5902,E10,DSC,TRX,23
M5903,E10,DSC,IMP,41
M5904,E10,LDS,EXP,31
M5905,E10,TSM,EXP,23
M5906,E10,DSC,IMP,31
M5907,E10,LDS,TRI,8
M5908,E10,DSC,EXP,12
M5909,E10,DSC,EXP,39
M5910,E10,DSC,TRI,10
M5911,E10,LDS,IMP,39
M5912,E10,DSC,IMP,24
M5913,E10,DSC,TRI,41
M5914,E10,TSM,IMP,17
M5915,E10,DSC,TRI,29
M5916,E10,DSC,TRX,32
M5917,E10,LDS,TRI,35
M5918,E10,DSC,TRX,36
M5919,E10,DSC,TRI,39
M5920,E10,DSC,TRX,17
M5921,E10,DSC,EXP,35
M5922,E10,LDS,TRX,19
M5923,E10,TSM,TRI,38
M5924,E10,DSC,TRX,41
M5925,E10,RHL,IMP,29
M5926,E10,TSS,TRI,11
M5927,E10,LDS,EXP,1
M5928,E10,DSC,TRX,36
M5929,E10,LDS,TRI,6
M5930,E10,RHL,TRX,35
M5931,E10,LDS,TRX,13
M5932,E10,DSC,TRI,30
M5933,E10,TSS,EXP,42
M5934,E10,DSC,IMP,40
M5935,E10,LDS,IMP,5
M5936,E10,LDS,EXP,8
M5937,E10,DSC,TRX,35
M5938,E10,DSC,TRI,14
M5939,E10,DSC,TRX,11
M5940,E10,DSC,TRX,30
M5941,E10,DSC,IMP,3
M5942,E10,LDS,EXP,33
M5943,E10,LDS,EXP,9
M5944,E10,LDS,EXP,40
M5945,E10,LDS,EXP,6
M5946,E10,RHL,EXP,17
M5947,E10,TSM,TRX,15
M5948,E10,LDS,IMP,29
M5949,E10,DSC,TRX,30
M5950,E10,LDS,IMP,2
M5951,E10,TSS,IMP,18
M5952,E10,DSC,TRX,17
M5953,E10,DSC,IMP,32
M5954,E10,LDS,EXP,29
M5955,E10,DSC,TRX,31
M5956,E10,TSM,TRX,10
M5957,E10,LDS,EXP,7
M5958,E10,DSC,IMP,5
M5959,E10,DSC,TRI,27
M5960,E10,LDS,TRI,14
M5961,E10,LDS,IMP,34
M5962,E10,DSC,TRX,15
M5963,E10,LDS,IMP,27
M5964,E10,RHL,EXP,8
M5965,E10,DSC,IMP,20
M5966,E10,TSM,TRI,35
M5967,E10,TSS,EXP,8
M5968,E10,LDS,TRX,15
M5969,E10,TSS,EXP,2
M5970,E10,LDS,TRX,13
M5971,E10,LDS,IMP,10
M5972,E10,TSS,TRX,21
M5973,E10,DSC,TRX,15
M5974,E10,DSC,TRI,25
M5975,E10,DSC,EXP,38
M5976,E10,RHL,TRX,28
M5977,E10,LDS,TRI,12
M5978,E10,LDS,EXP,38
M5979,E10,DSC,IMP,1
M5980,E10,DSC,IMP,34
M5981,E10,DSC,TRI,22
M5982,E10,DSC,TRI,38
M5983,E10,LDS,EXP,11
M5984,E10,DSC,TRI,21
M5985,E10,TSS,TRI,16
M5986,E10,DSC,EXP,27
M5987,E10,LDS,TRX,19
M5988,E10,LDS,IMP,26
M5989,E10,RHL,TRX,15
M5990,E10,DSC,IMP,34
M5991,E10,DSC,EXP,39
M5992,E10,TSS,EXP,2
M5993,E10,DSC,IMP,10
M5994,E10,DSC,EXP,21
M5995,E10,DSC,IMP,24
M5996,E10,TSS,EXP,7
M5997,E10,DSC,TRX,24
M5998,E10,DSC,IMP,13
M5999,E10,TSM,TRX,24
M6000,E10,LDS,EXP,8
M6001,E10,LDS,TRX,10
M6002,E10,TSS,IMP,7
M6003,E10,TSS,TRI,2
M6004,E10,LDS,IMP,9
M6005,E10,DSC,TRX,38
M6006,E10,RHL,EXP,1
M6007,E10,DSC,EXP,30
M6008,E10,TSS,EXP,41
M6009,E10,DSC,TRX,6
M6010,E10,DSC,TRX,9
M6011,E10,TSM,IMP,13
M6012,E10,LDS,TRI,39
M6013,E10,TSS,TRI,41
M6014,E10,TSS,TRI,2
M6015,E10,LDS,IMP,37
M6016,E10,DSC,IMP,12
M6017,E10,TSS,EXP,17
M6018,E10,TSS,IMP,2
M6019,E10,DSC,IMP,15
M6020,E10,LDS,TRI,12
M6021,E10,DSC,IMP,17
M6022,E10,TSM,TRI,27
M6023,E10,LDS,IMP,12
M6024,E10,LDS,TRI,8
M6025,E10,DSC,IMP,1
M6026,E10,DSC,EXP,18
M6027,E10,LDS,IMP,22
M6028,E10,DSC,IMP,4
M6029,E10,LDS,IMP,34
M6030,E10,LDS,TRX,18
M6031,E10,DSC,TRX,38
M6032,E10,LDS,TRI,18
M6033,E10,TSS,TRX,18
M6034,E10,DSC,TRI,19
M6035,E10,LDS,TRX,20
M6036,E10,LDS,EXP,21
M6037,E10,LDS,EXP,26
M6038,E10,DSC,EXP,6
M6039,E10,DSC,TRX,36
M6040,E10,LDS,EXP,12
M6041,E10,TSS,TRX,17
M6042,E10,LDS,IMP,12
M6043,E10,DSC,TRI,6
M6044,E10,RHL,TRX,25
M6045,E10,DSC,EXP,40
M6046,E10,RHL,TRX,30
M6047,E10,DSC,IMP,16
M6048,E10,LDS,TRX,29
M6049,E10,DSC,IMP,11
M6050,E10,DSC,TRI,41
M6051,E10,RHL,TRX,2
M6052,E10,RHL,IMP,37
M6053,E10,LDS,TRI,7
M6054,E10,RHL,IMP,30
M6055,E10,LDS,EXP,10
M6056,E10,DSC,EXP,14
M6057,E10,DSC,TRI,22
M6058,E10,TSS,TRX,4
M6059,E10,DSC,EXP,27
M6060,E10,RHL,TRI,5
M6061,E10,LDS,EXP,8
M6062,E10,DSC,IMP,26
M6063,E10,LDS,TRX,2
M6064,E10,DSC,TRI,42
M6065,E10,DSC,IMP,36
M6066,E10,DSC,EXP,21
M6067,E10,TSM,TRI,37
M6068,E10,LDS,EXP,16
M6069,E10,DSC,IMP,36
M6070,E10,TSS,TRI,3
M6071,E10,DSC,EXP,29
M6072,E10,TSS,EXP,27
M6073,E10,TSS,TRI,42
M6074,E10,TSS,TRX,15
M6075,E10,DSC,TRX,28
M6076,E10,LDS,IMP,29
M6077,E10,LDS,EXP,15
M6078,E10,DSC,TRI,24
M6079,E10,DSC,TRI,39
M6080,E10,LDS,TRI,39
M6081,E10,LDS,TRI,4
M6082,E10,DSC,EXP,41
M6083,E10,LDS,TRI,40
M6084,E10,DSC,EXP,32
M6085,E10,DSC,TRI,11
M6086,E10,TSM,IMP,12
M6087,E10,DSC,IMP,32
M6088,E10,DSC,EXP,6
M6089,E10,DSC,TRI,24
M6090,E10,LDS,EXP,10
M6091,E10,TSS,IMP,3
M6092,E10,LDS,IMP,18
M6093,E10,TSM,EXP,2
M6094,E10,DSC,TRX,31
M6095,E10,LDS,TRX,38
M6096,E10,TSS,EXP,42
M6097,E10,LDS,TRX,13
M6098,E10,DSC,TRX,12
M6099,E10,TSM,TRX,10
M6100,E10,DSC,IMP,34
M6101,E10,TSS,TRI,11
M6102,E10,LDS,TRX,36
M6103,E10,TSM,IMP,22
M6104,E10,RHL,IMP,17
M6105,E10,RHL,EXP,29
M6106,E10,TSS,TRX,3
M6107,E10,DSC,IMP,14
M6108,E10,TSM,TRX,29
M6109,E10,DSC,TRI,19
M6110,E10,TSM,TRX,17
M6111,E10,DSC,IMP,12
M6112,E10,LDS,TRX,9
M6113,E10,DSC,IMP,42
M6114,E10,LDS,TRI,15
M6115,E10,DSC,EXP,26
M6116,E10,LDS,IMP,33
M6117,E10,LDS,TRI,8
M6118,E10,DSC,TRI,26
M6119,E10,LDS,TRI,21
M6120,E10,LDS,EXP,33
M6121,E10,DSC,TRX,12
M6122,E10,LDS,TRI,34
M6123,E10,TSS,IMP,40
M6124,E10,DSC,EXP,38
M6125,E10,LDS,TRX,31
M6126,E10,LDS,IMP,34
M6127,E10,LDS,IMP,34
M6128,E10,DSC,IMP,33
M6129,E10,DSC,TRI,22
M6130,E10,LDS,TRI,25
M6131,E10,LDS,EXP,17
M6132,E10,LDS,TRX,20
M6133,E10,DSC,TRX,41
M6134,E10,LDS,EXP,16
M6135,E10,TSS,TRI,34
M6136,E10,LDS,EXP,29
M6137,E10,TSS,TRX,38
M6138,E10,LDS,IMP,18
M6139,E10,TSM,TRX,21
M6140,E10,LDS,TRI,8
M6141,E10,TSM,TRI,29
M6142,E10,TSM,EXP,35
M6143,E10,LDS,IMP,30
M6144,E10,LDS,EXP,32
M6145,E10,DSC,EXP,21
M6146,E10,RHL,TRI,10
M6147,E10,LDS,EXP,21
M6148,E10,DSC,TRX,24
M6149,E10,LDS,IMP,19
M6150,E10,LDS,TRI,9
M6151,E10,DSC,TRX,40
M6152,E10,LDS,TRI,26
M6153,E10,DSC,TRI,12
M6154,E10,RHL,TRI,25
M6155,E10,DSC,EXP,37
M6156,E10,LDS,EXP,1
M6157,E10,DSC,TRX,3
M6158,E10,DSC,IMP,18
M6159,E10,TSM,EXP,19
M6160,E10,TSM,IMP,22
M6161,E10,LDS,TRI,29
M6162,E10,LDS,EXP,12
M6163,E10,DSC,IMP,9
M6164,E10,LDS,TRI,41
M6165,E10,TSS,TRX,33
M6166,E10,RHL,IMP,18
M6167,E10,LDS,TRX,20
M6168,E10,DSC,IMP,2
M6169,E10,LDS,TRX,6
M6170,E10,LDS,TRX,7
M6171,E10,LDS,IMP,32
M6172,E10,TSM,TRX,42
M6173,E10,LDS,TRI,35
M6174,E10,DSC,TRX,12
M6175,E10,DSC,TRI,29
M6176,E10,DSC,EXP,9
M6177,E10,DSC,EXP,25
M6178,E10,DSC,EXP,4
M6179,E10,TSS,IMP,26
M6180,E10,LDS,TRI,9
M6181,E10,TSS,TRX,38
M6182,E10,RHL,IMP,20
M6183,E10,DSC,TRI,29
M6184,E10,LDS,TRI,37
M6185,E10,TSM,TRI,30
M6186,E10,LDS,IMP,30
M6187,E10,TSM,TRX,7
M6188,E10,LDS,TRI,28
M6189,E10,LDS,TRX,39
M6190,E10,DSC,TRI,6
M6191,E10,LDS,TRX,17
M6192,E10,LDS,EXP,2
M6193,E10,LDS,TRX,40
M6194,E10,DSC,TRX,34
M6195,E10,LDS,TRX,25
M6196,E10,LDS,TRX,23
M6197,E10,LDS,TRX,29
M6198,E10,LDS,IMP,36
M6199,E10,LDS,TRX,28
M6200,E10,RHL,EXP,11
M6201,E10,DSC,TRX,40
M6202,E10,TSS,IMP,32
M6203,E10,TSM,EXP,16
M6204,E10,DSC,EXP,38
M6205,E10,RHL,IMP,41
M6206,E10,RHL,TRI,39
M6207,E10,DSC,IMP,15
M6208,E10,LDS,EXP,34
M6209,E10,TSM,IMP,12
M6210,E10,DSC,TRX,41
M6211,E10,LDS,TRI,24
M6212,E10,LDS,EXP,35
M6213,E10,LDS,EXP,39
M6214,E10,DSC,TRX,8
M6215,E10,LDS,TRX,23
M6216,E10,DSC,IMP,12
M6217,E10,DSC,TRI,28
M6218,E10,DSC,TRI,2
M6219,E10,DSC,EXP,1
M6220,E10,DSC,IMP,39
M6221,E10,LDS,TRX,36
M6222,E10,LDS,TRI,4
M6223,E10,LDS,TRI,36
M6224,E10,LDS,TRI,22
M6225,E10,DSC,EXP,20
M6226,E10,LDS,TRI,10
M6227,E10,LDS,EXP,1
M6228,E10,TSM,EXP,23
M6229,E10,LDS,TRX,29
M6230,E10,DSC,TRX,23
M6231,E10,TSS,TRX,2
M6232,E10,LDS,TRX,8
M6233,E10,LDS,IMP,14
M6234,E10,DSC,TRI,14
M6235,E10,LDS,TRI,1
M6236,E10,LDS,IMP,26
M6237,E10,DSC,TRX,3
M6238,E10,TSS,TRX,6
M6239,E10,DSC,IMP,12
M6240,E10,DSC,IMP,9
M6241,E10,DSC,EXP,6
M6242,E10,DSC,TRX,31
M6243,E10,LDS,TRX,10
M6244,E10,DSC,IMP,39
M6245,E10,DSC,IMP,32
M6246,E10,RHL,TRI,1
M6247,E10,DSC,TRI,13
M6248,E10,LDS,TRX,32
M6249,E10,DSC,TRI,34
M6250,E10,TSM,TRI,4
M6251,E10,LDS,TRI,4
M6252,E10,TSM,IMP,12
M6253,E10,RHL,IMP,36
M6254,E10,TSM,TRX,15
M6255,E10,LDS,IMP,24
M6256,E10,TSS,TRI,4
M6257,E10,DSC,TRX,29
M6258,E10,DSC,TRX,27
M6259,E10,LDS,TRX,6
M6260,E10,TSM,TRI,34
M6261,E10,LDS,EXP,13
M6262,E10,DSC,IMP,12
M6263,E10,DSC,EXP,16
M6264,E10,TSS,TRI,4
M6265,E10,LDS,TRI,40
M6266,E10,LDS,IMP,9
M6267,E10,DSC,TRX,35
M6268,E10,LDS,IMP,7
M6269,E10,LDS,EXP,40
M6270,E10,LDS,EXP,37
M6271,E10,TSM,EXP,19
M6272,E10,TSM,EXP,11
M6273,E10,DSC,TRI,31
M6274,E10,DSC,EXP,14
M6275,E10,DSC,IMP,29
M6276,E10,DSC,TRX,27
M6277,E10,TSS,TRI,25
M6278,E10,DSC,EXP,14
M6279,E10,LDS,TRI,22
M6280,E10,LDS,TRX,13
M6281,E10,TSS,TRX,8
M6282,E10,TSS,TRI,40
M6283,E10,TSM,TRI,35
M6284,E10,DSC,EXP,35
M6285,E10,DSC,EXP,20
M6286,E10,LDS,EXP,4
M6287,E10,LDS,TRI,36
M6288,E10,LDS,TRX,11
M6289,E10,DSC,TRI,1
M6290,E10,LDS,IMP,17
M6291,E10,TSM,TRI,28
M6292,E10,LDS,EXP,4
M6293,E10,DSC,EXP,40
M6294,E10,TSS,EXP,10
M6295,E10,DSC,TRI,8
M6296,E10,DSC,TRI,23
M6297,E10,TSS,IMP,6
M6298,E10,TSM,TRX,4
M6299,E10,DSC,TRX,32
M6300,E10,LDS,TRX,7
M6301,E10,LDS,TRI,12
M6302,E10,DSC,TRX,29
M6303,E10,LDS,TRX,37
M6304,E10,DSC,TRX,26
M6305,E10,TSS,TRX,27
M6306,E10,RHL,EXP,18
M6307,E10,LDS,TRX,25
M6308,E10,LDS,IMP,12
M6309,E10,LDS,TRI,37
M6310,E10,TSS,TRX,19
M6311,E10,DSC,IMP,27
M6312,E10,LDS,TRI,39
M6313,E10,LDS,TRX,5
M6314,E10,TSM,TRI,23
M6315,E10,TSS,EXP,40
M6316,E10,LDS,TRI,39
M6317,E10,DSC,EXP,6
M6318,E10,LDS,TRI,37
M6319,E10,RHL,TRI,38
M6320,E10,LDS,TRI,22
M6321,E10,DSC,TRI,9
M6322,E10,RHL,EXP,18
M6323,E10,DSC,EXP,36
M6324,E10,DSC,IMP,14
M6325,E10,LDS,IMP,21
M6326,E10,DSC,EXP,3
M6327,E10,DSC,TRX,15
M6328,E10,TSM,EXP,21
M6329,E10,TSS,TRI,20
M6330,E10,RHL,TRX,21
M6331,E10,LDS,TRI,23
M6332,E10,RHL,TRX,26
M6333,E10,TSS,TRI,29
M6334,E10,LDS,TRX,17
M6335,E10,DSC,TRI,35
M6336,E10,LDS,IMP,8
M6337,E10,TSM,EXP,7
M6338,E10,LDS,IMP,41
M6339,E10,DSC,TRI,32
M6340,E10,DSC,IMP,19
M6341,E10,DSC,TRX,31
M6342,E10,LDS,TRX,31
M6343,E10,DSC,EXP,21
M6344,E10,LDS,TRX,30
M6345,E10,TSM,IMP,7
M6346,E10,TSM,TRI,19
M6347,E10,RHL,IMP,27
M6348,E10,RHL,IMP,22
M6349,E10,TSM,TRX,8
M6350,E10,LDS,EXP,25
M6351,E10,LDS,TRI,19
M6352,E10,DSC,IMP,5
M6353,E10,DSC,TRI,38
M6354,E10,DSC,TRI,9
M6355,E10,RHL,TRX,42
M6356,E10,DSC,EXP,26
M6357,E10,LDS,EXP,27
M6358,E10,TSM,EXP,38
M6359,E10,TSM,TRI,38
M6360,E10,LDS,TRX,17
M6361,E10,DSC,IMP,3
M6362,E10,DSC,TRX,10
M6363,E10,LDS,EXP,24
M6364,E10,RHL,TRI,22
M6365,E10,TSM,EXP,27
M6366,E10,TSM,IMP,11
M6367,E10,TSS,IMP,8
M6368,E10,DSC,IMP,19
M6369,E10,TSM,TRX,14
M6370,E10,LDS,IMP,30
M6371,E10,DSC,TRI,7
M6372,E10,LDS,TRI,28
M6373,E10,LDS,EXP,1
M6374,E10,DSC,TRX,10
M6375,E10,DSC,EXP,15
M6376,E10,RHL,TRI,3
M6377,E10,DSC,TRX,9
M6378,E10,TSS,EXP,39
M6379,E10,DSC,EXP,9
M6380,E10,TSM,IMP,4
M6381,E10,LDS,EXP,42
M6382,E10,LDS,EXP,27
M6383,E10,LDS,TRX,41
M6384,E10,LDS,TRI,21
M6385,E10,LDS,TRI,37
M6386,E10,DSC,TRX,1
M6387,E10,LDS,TRX,26
M6388,E10,LDS,TRI,10
M6389,E10,TSM,TRI,8
M6390,E10,RHL,IMP,40
M6391,E10,TSM,EXP,23
M6392,E10,DSC,IMP,26
M6393,E10,TSS,TRX,28
M6394,E10,DSC,IMP,17
M6395,E10,LDS,EXP,37
M6396,E10,DSC,TRX,40
M6397,E10,RHL,IMP,37
M6398,E10,RHL,TRI,25
M6399,E10,LDS,IMP,7
M6400,E10,DSC,TRX,3
M6401,E10,DSC,TRI,21
M6402,E10,DSC,EXP,38
M6403,E10,LDS,EXP,24
M6404,E10,LDS,TRI,21
M6405,E10,DSC,IMP,14
M6406,E10,LDS,EXP,37
M6407,E10,LDS,EXP,34
M6408,E10,DSC,TRX,12
M6409,E10,LDS,TRX,42
M6410,E10,DSC,TRX,35
M6411,E10,DSC,TRX,30
M6412,E10,RHL,TRX,11
M6413,E10,TSM,TRI,39
M6414,E10,LDS,TRX,18
M6415,E10,DSC,IMP,20
M6416,E10,RHL,EXP,30
M6417,E10,DSC,IMP,14
M6418,E10,DSC,IMP,5
M6419,E10,DSC,EXP,40
M6420,E10,RHL,TRX,5
M6421,E10,DSC,TRX,33
M6422,E10,TSS,TRX,36
M6423,E10,RHL,EXP,29
M6424,E10,LDS,TRI,33
M6425,E10,LDS,IMP,2
M6426,E10,DSC,TRI,37
M6427,E10,DSC,TRI,35
M6428,E10,LDS,TRX,4
M6429,E10,TSS,TRI,32
M6430,E10,RHL,IMP,5
M6431,E10,DSC,TRX,29
M6432,E10,LDS,TRX,11
M6433,E10,DSC,IMP,7
M6434,E10,LDS,EXP,11
M6435,E10,TSS,TRX,42
M6436,E10,TSM,TRX,35
M6437,E10,DSC,EXP,37
M6438,E10,LDS,EXP,30
M6439,E10,TSS,TRX,41
M6440,E10,DSC,EXP,34
M6441,E10,LDS,TRX,13
M6442,E10,DSC,TRX,15
M6443,E11,DSC,IMP,11
M6444,E11,LDS,EXP,2
M6445,E11,LDS,IMP,40
M6446,E11,RHL,TRI,17
M6447,E11,TSS,TRX,1
M6448,E11,DSC,IMP,22
M6449,E11,TSM,TRX,10
M6450,E11,RHL,IMP,5
M6451,E11,DSC,TRX,17
M6452,E11,TSM,TRI,29
M6453,E11,LDS,IMP,26
M6454,E11,DSC,EXP,23
M6455,E11,LDS,TRI,8
M6456,E11,DSC,IMP,31
M6457,E11,RHL,TRX,33
M6458,E11,LDS,EXP,19
M6459,E11,LDS,EXP,13
M6460,E11,LDS,TRI,27
M6461,E11,TSS,IMP,1
M6462,E11,DSC,TRX,39
M6463,E11,RHL,TRX,39
M6464,E11,DSC,TRX,26
M6465,E11,LDS,IMP,32
M6466,E11,LDS,IMP,19
M6467,E11,DSC,TRX,37
M6468,E11,RHL,IMP,38
M6469,E11,LDS,IMP,23
M6470,E11,DSC,EXP,14
M6471,E11,TSM,TRI,26
M6472,E11,LDS,IMP,14
M6473,E11,RHL,TRX,29
M6474,E11,LDS,EXP,28
M6475,E11,DSC,EXP,22
M6476,E11,LDS,TRI,24
M6477,E11,LDS,TRI,11
M6478,E11,DSC,TRX,28
M6479,E11,DSC,TRI,23
M6480,E11,DSC,TRI,32
M6481,E11,DSC,TRI,18
M6482,E11,DSC,TRX,5
M6483,E11,DSC,EXP,40
M6484,E11,DSC,IMP,22
M6485,E11,DSC,TRI,38
M6486,E11,DSC,TRI,23
M6487,E11,DSC,TRI,8
M6488,E11,TSM,TRI,20
M6489,E11,DSC,EXP,22
M6490,E11,TSS,EXP,8
M6491,E11,LDS,IMP,32
M6492,E11,DSC,IMP,8
M6493,E11,LDS,IMP,26
M6494,E11,DSC,TRI,34
M6495,E11,DSC,IMP,7
M6496,E11,LDS,IMP,2
M6497,E11,DSC,TRI,9
M6498,E11,TSM,TRI,5
M6499,E11,RHL,TRI,24
M6500,E11,DSC,IMP,38
M6501,E11,DSC,TRX,22
M6502,E11,DSC,IMP,23
M6503,E11,TSM,TRX,17
M6504,E11,TSS,EXP,33
M6505,E11,LDS,TRI,36
M6506,E11,DSC,EXP,27
M6507,E11,LDS,TRI,13
M6508,E11,DSC,IMP,21
M6509,E11,RHL,IMP,35
M6510,E11,LDS,EXP,42
M6511,E11,LDS,TRX,13
M6512,E11,DSC,TRI,22
M6513,E11,TSM,IMP,28
M6514,E11,RHL,TRX,34
M6515,E11,DSC,IMP,1
M6516,E11,LDS,TRX,37
M6517,E11,LDS,EXP,29
M6518,E11,RHL,EXP,10
M6519,E11,LDS,IMP,13
M6520,E11,DSC,IMP,33
M6521,E11,LDS,EXP,24
M6522,E11,LDS,IMP,14
M6523,E11,DSC,TRI,38
M6524,E11,DSC,IMP,27
M6525,E11,TSM,EXP,31
M6526,E11,TSS,IMP,26
M6527,E11,TSS,TRI,10
M6528,E11,LDS,IMP,42
M6529,E11,DSC,IMP,2
M6530,E11,LDS,TRI,41
M6531,E11,RHL,EXP,12
M6532,E11,DSC,IMP,10
M6533,E11,DSC,TRI,28
M6534,E11,DSC,TRX,11
M6535,E11,DSC,EXP,34
M6536,E11,TSM,TRX,17
M6537,E11,RHL,EXP,11
M6538,E11,LDS,EXP,7
M6539,E11,DSC,IMP,10
M6540,E11,DSC,TRI,8
M6541,E11,DSC,TRI,39
M6542,E11,TSS,TRI,37
M6543,E11,TSS,EXP,30
M6544,E11,LDS,EXP,42
M6545,E11,TSS,TRI,10
M6546,E11,DSC,TRI,24
M6547,E11,LDS,IMP,18
M6548,E11,DSC,EXP,8
M6549,E11,TSS,TRI,36
M6550,E11,DSC,EXP,14
M6551,E11,DSC,TRX,15
M6552,E11,LDS,IMP,4
M6553,E11,LDS,EXP,29
M6554,E11,DSC,IMP,26
M6555,E11,LDS,EXP,2
M6556,E11,TSS,TRX,28
M6557,E11,TSM,TRI,13
M6558,E11,LDS,IMP,18
M6559,E11,DSC,IMP,19
M6560,E11,LDS,TRX,18
M6561,E11,LDS,TRX,11
M6562,E11,TSS,TRI,21
M6563,E11,LDS,IMP,6
M6564,E11,LDS,IMP,21
M6565,E11,DSC,IMP,16
M6566,E11,LDS,EXP,28
M6567,E11,DSC,IMP,6
M6568,E11,RHL,EXP,23
M6569,E11,DSC,TRX,10
M6570,E11,TSS,TRX,10
M6571,E11,RHL,TRI,26
M6572,E11,RHL,TRX,30
M6573,E11,DSC,TRX,7
M6574,E11,DSC,TRX,31
M6575,E11,TSS,TRX,32
M6576,E11,LDS,IMP,4
M6577,E11,DSC,EXP,3
M6578,E11,TSS,TRI,24
M6579,E11,LDS,EXP,18
M6580,E11,DSC,EXP,35
M6581,E11,LDS,TRX,33
M6582,E11,DSC,IMP,1
M6583,E11,LDS,EXP,36
M6584,E11,LDS,TRX,7
M6585,E11,DSC,TRI,6
M6586,E11,TSM,IMP,26
M6587,E11,LDS,EXP,3
M6588,E11,DSC,TRI,3
M6589,E11,LDS,EXP,3
M6590,E11,DSC,IMP,14
M6591,E11,TSS,TRX,30
M6592,E11,TSS,IMP,6
M6593,E11,RHL,EXP,11
M6594,E11,RHL,TRI,28
M6595,E11,LDS,EXP,21
M6596,E11,LDS,IMP,16
M6597,E11,LDS,TRX,3
M6598,E11,DSC,TRX,2
M6599,E11,LDS,EXP,23
M6600,E11,TSM,TRI,19
M6601,E11,LDS,TRX,15
M6602,E11,RHL,IMP,27
M6603,E11,TSM,TRI,30
M6604,E11,LDS,IMP,3
M6605,E11,LDS,EXP,13
M6606,E11,TSS,TRX,12
M6607,E11,TSM,TRI,15
M6608,E11,TSM,EXP,3
M6609,E11,RHL,IMP,15
M6610,E11,TSS,TRI,5
M6611,E11,DSC,IMP,29
M6612,E11,DSC,IMP,24
M6613,E11,DSC,TRI,21
M6614,E11,LDS,TRI,32
M6615,E11,TSM,TRX,41
M6616,E11,TSS,IMP,10
M6617,E11,TSS,EXP,15
M6618,E11,TSS,TRI,12
M6619,E11,DSC,EXP,28
M6620,E11,DSC,EXP,11
M6621,E11,TSS,TRX,12
M6622,E11,LDS,TRI,32
M6623,E11,TSM,TRI,5
M6624,E11,DSC,TRX,29
M6625,E11,DSC,TRX,14
M6626,E11,DSC,TRI,33
M6627,E11,TSM,TRI,7
M6628,E11,DSC,TRI,12
M6629,E11,DSC,TRI,36
M6630,E11,LDS,EXP,26
M6631,E11,DSC,TRI,28
M6632,E11,DSC,TRI,8
M6633,E11,LDS,TRX,14
M6634,E11,TSM,EXP,12
M6635,E11,LDS,IMP,34
M6636,E11,LDS,TRX,7
M6637,E11,DSC,TRX,21
M6638,E11,DSC,EXP,27
M6639,E11,LDS,TRX,36
M6640,E11,DSC,EXP,5
M6641,E11,TSM,TRX,8
M6642,E11,TSS,TRX,40
M6643,E11,DSC,TRX,6
M6644,E11,TSS,TRX,27
M6645,E11,DSC,TRI,30
M6646,E11,LDS,EXP,21
M6647,E11,LDS,TRX,39
M6648,E11,DSC,TRI,29
M6649,E11,LDS,IMP,41
M6650,E11,LDS,TRX,38
M6651,E11,LDS,IMP,41
M6652,E11,DSC,TRI,9
M6653,E11,LDS,TRI,21
M6654,E11,TSS,TRX,3
M6655,E11,TSM,TRX,42
M6656,E11,TSM,TRX,40
M6657,E11,RHL,TRX,42
M6658,E11,DSC,IMP,1
M6659,E11,DSC,TRI,14
M6660,E11,RHL,TRX,2
M6661,E11,LDS,TRX,5
M6662,E11,RHL,TRX,40
M6663,E11,LDS,EXP,13
M6664,E11,DSC,TRX,34
M6665,E11,LDS,TRX,41
M6666,E11,DSC,TRI,30
M6667,E11,DSC,TRI,1
M6668,E11,LDS,EXP,20
M6669,E11,DSC,TRX,13
M6670,E11,LDS,EXP,36
M6671,E11,LDS,IMP,8
M6672,E11,LDS,EXP,2
M6673,E11,TSM,TRX,38
M6674,E11,DSC,TRX,40
M6675,E11,LDS,IMP,10
M6676,E11,RHL,IMP,33
M6677,E11,LDS,IMP,26
M6678,E11,DSC,IMP,36
M6679,E11,DSC,IMP,31
M6680,E11,TSM,TRX,34
M6681,E11,DSC,IMP,29
M6682,E11,DSC,EXP,15
M6683,E11,TSS,TRI,7
M6684,E11,DSC,TRI,6
M6685,E11,TSM,TRX,39
M6686,E11,RHL,TRI,3
M6687,E11,DSC,TRX,23
M6688,E11,LDS,IMP,37
M6689,E11,DSC,TRX,16
M6690,E11,DSC,TRI,21
M6691,E11,TSM,TRX,32
M6692,E11,DSC,EXP,24
M6693,E11,LDS,EXP,9
M6694,E11,RHL,TRX,6
M6695,E11,TSS,IMP,30
M6696,E11,TSS,TRX,20
M6697,E11,DSC,TRI,38
M6698,E11,LDS,IMP,41
M6699,E11,LDS,EXP,21
M6700,E11,DSC,TRI,3
M6701,E11,DSC,TRI,23
M6702,E11,DSC,TRX,42
M6703,E11,DSC,IMP,29
M6704,E11,LDS,TRX,15
M6705,E11,DSC,IMP,29
M6706,E11,LDS,TRX,4
M6707,E11,LDS,TRX,3
M6708,E11,DSC,TRX,25
M6709,E11,LDS,IMP,36
M6710,E11,TSS,TRI,1
M6711,E11,TSS,TRI,32
M6712,E11,LDS,TRX,42
M6713,E11,TSS,TRI,18
M6714,E11,LDS,TRX,20
M6715,E11,TSS,EXP,19
M6716,E11,DSC,EXP,11
M6717,E11,TSS,IMP,24
M6718,E11,TSM,TRX,17
M6719,E11,LDS,TRX,25
M6720,E11,LDS,IMP,12
M6721,E11,DSC,TRX,36
M6722,E11,LDS,EXP,35
M6723,E11,DSC,IMP,9
M6724,E11,LDS,TRX,33
M6725,E11,RHL,EXP,9
M6726,E11,LDS,TRX,17
M6727,E11,LDS,TRX,15
M6728,E11,LDS,EXP,33
M6729,E11,LDS,IMP,24
M6730,E11,LDS,EXP,16
M6731,E11,DSC,TRI,2
M6732,E11,DSC,EXP,21
M6733,E11,TSS,IMP,33
M6734,E11,RHL,EXP,27
M6735,E11,DSC,TRX,34
M6736,E11,TSM,EXP,20
M6737,E11,TSS,TRI,20
M6738,E11,LDS,EXP,14
M6739,E11,DSC,TRI,7
M6740,E11,DSC,IMP,38
M6741,E11,TSS,EXP,23
M6742,E11,TSM,TRI,26
M6743,E11,DSC,IMP,17
M6744,E11,LDS,EXP,15
M6745,E11,DSC,TRI,33
M6746,E11,LDS,TRX,23
M6747,E11,LDS,TRI,34
M6748,E11,LDS,EXP,32
M6749,E11,LDS,TRX,24
M6750,E11,LDS,TRX,23
M6751,E11,RHL,TRI,4
M6752,E11,DSC,EXP,17
M6753,E11,DSC,TRI,42
M6754,E11,DSC,TRI,28
M6755,E11,DSC,TRI,17
M6756,E11,DSC,IMP,36
M6757,E11,LDS,IMP,31
M6758,E11,LDS,EXP,37
M6759,E11,TSM,EXP,14
M6760,E11,RHL,TRI,8
M6761,E11,TSM,EXP,32
M6762,E11,LDS,TRX,20
M6763,E11,DSC,TRX,6
M6764,E11,TSM,TRI,31
M6765,E11,LDS,TRX,4
M6766,E11,RHL,TRX,30
M6767,E11,RHL,TRI,38
M6768,E11,DSC,EXP,19
M6769,E11,RHL,TRI,18
M6770,E11,LDS,IMP,2
M6771,E11,DSC,TRX,6
M6772,E11,DSC,TRX,22
M6773,E11,LDS,TRX,18
M6774,E11,TSS,TRI,33
M6775,E11,TSS,TRI,42
M6776,E11,LDS,IMP,22
M6777,E11,TSS,TRX,4
M6778,E11,LDS,IMP,28
M6779,E11,TSM,IMP,16
M6780,E11,DSC,TRI,32
M6781,E11,TSS,EXP,20
M6782,E11,DSC,TRI,10
M6783,E11,LDS,EXP,40
M6784,E11,DSC,TRX,11
M6785,E11,DSC,TRX,18
M6786,E11,TSM,TRI,29
M6787,E11,RHL,TRX,24
M6788,E11,TSM,EXP,11
M6789,E11,DSC,IMP,38
M6790,E11,LDS,IMP,29
M6791,E11,LDS,IMP,32
M6792,E11,DSC,TRX,8
M6793,E11,DSC,TRX,3
M6794,E11,DSC,TRI,13
M6795,E11,TSS,TRI,21
M6796,E11,LDS,TRI,31
M6797,E11,DSC,TRI,22
M6798,E11,DSC,TRI,7
M6799,E11,LDS,TRX,6
M6800,E11,RHL,TRI,19
M6801,E11,LDS,IMP,18
M6802,E11,TSS,IMP,1
M6803,E11,RHL,EXP,19
M6804,E11,DSC,TRI,3
M6805,E11,LDS,TRI,34
M6806,E11,DSC,EXP,20
M6807,E11,TSM,EXP,19
M6808,E11,LDS,TRI,29
M6809,E11,LDS,EXP,33
M6810,E11,LDS,IMP,31
M6811,E11,RHL,TRI,14
M6812,E11,TSS,TRI,37
M6813,E11,LDS,TRI,38
M6814,E11,TSS,EXP,27
M6815,E11,DSC,IMP,19
M6816,E11,LDS,TRI,24
M6817,E11,TSM,TRX,20
M6818,E11,LDS,TRX,10
M6819,E11,LDS,TRX,12
M6820,E11,TSM,TRX,38
M6821,E11,TSM,TRX,30
M6822,E11,LDS,TRI,2
M6823,E11,DSC,TRI,32
M6824,E11,DSC,IMP,42
M6825,E11,TSM,EXP,26
M6826,E11,TSS,TRX,5
M6827,E11,DSC,TRI,24
M6828,E11,LDS,EXP,9
M6829,E11,LDS,TRX,17
M6830,E11,LDS,IMP,28
M6831,E11,LDS,TRI,20
M6832,E11,LDS,IMP,22
M6833,E11,DSC,TRX,22
M6834,E11,DSC,TRI,39
M6835,E11,DSC,IMP,1
M6836,E11,LDS,EXP,27
M6837,E11,LDS,EXP,37
M6838,E11,LDS,TRX,12
M6839,E11,LDS,TRI,38
M6840,E11,LDS,IMP,28
M6841,E11,TSS,TRX,2
M6842,E11,DSC,TRX,10
M6843,E11,LDS,TRX,28
M6844,E11,LDS,EXP,22
M6845,E11,DSC,EXP,30
M6846,E11,TSM,TRX,35
M6847,E11,DSC,TRX,1
M6848,E11,DSC,TRI,11
M6849,E11,TSM,IMP,2
M6850,E11,DSC,TRI,23
M6851,E11,LDS,TRI,42
M6852,E11,DSC,EXP,12
M6853,E11,TSS,IMP,24
M6854,E11,TSS,TRX,36
M6855,E11,DSC,EXP,37
M6856,E11,TSS,IMP,19
M6857,E11,LDS,EXP,2
M6858,E11,LDS,EXP,17
M6859,E11,LDS,EXP,33
M6860,E11,LDS,TRX,5
M6861,E11,DSC,EXP,41
M6862,E11,DSC,IMP,2
M6863,E11,DSC,EXP,26
M6864,E11,LDS,IMP,25
M6865,E11,TSM,TRI,13
M6866,E11,DSC,TRI,10
M6867,E11,LDS,IMP,32
M6868,E11,RHL,EXP,27
M6869,E11,LDS,TRX,1
M6870,E11,TSS,IMP,19
M6871,E11,DSC,EXP,10
M6872,E11,TSM,TRX,33
M6873,E11,LDS,TRI,12
M6874,E11,TSS,TRX,11
M6875,E11,TSM,TRI,10
M6876,E11,LDS,IMP,3
M6877,E11,LDS,IMP,34
M6878,E11,DSC,IMP,16
M6879,E11,LDS,EXP,8
M6880,E11,LDS,EXP,5
M6881,E11,TSS,TRI,12
M6882,E11,RHL,TRI,32
M6883,E11,LDS,EXP,29
M6884,E11,DSC,IMP,6
M6885,E11,RHL,TRI,30
M6886,E11,LDS,TRI,35
M6887,E11,LDS,TRI,20
M6888,E11,RHL,TRX,11
M6889,E11,DSC,TRI,12
M6890,E11,RHL,TRX,36
M6891,E11,DSC,EXP,9
M6892,E11,LDS,TRI,27
M6893,E11,DSC,TRX,41
M6894,E11,DSC,TRX,13
M6895,E11,LDS,TRI,14
M6896,E11,LDS,EXP,17
M6897,E11,LDS,TRX,34
M6898,E11,DSC,IMP,19
M6899,E11,TSS,EXP,39
M6900,E11,DSC,IMP,9
M6901,E11,DSC,TRI,19
M6902,E11,TSM,TRX,4
M6903,E11,DSC,TRX,34
M6904,E11,DSC,TRX,39
M6905,E11,TSM,EXP,25
M6906,E11,LDS,TRX,40
M6907,E11,LDS,TRX,39
M6908,E11,LDS,TRI,25
M6909,E11,DSC,IMP,5
M6910,E11,LDS,TRX,23
M6911,E11,DSC,TRI,40
M6912,E11,LDS,IMP,40
M6913,E11,DSC,TRX,12
M6914,E11,DSC,TRI,7
M6915,E11,DSC,TRI,19
M6916,E11,LDS,TRX,9
M6917,E11,LDS,EXP,33
M6918,E11,RHL,EXP,5
M6919,E11,LDS,TRX,16
M6920,E11,RHL,TRI,11
M6921,E11,TSS,TRI,31
M6922,E11,LDS,TRI,29
M6923,E11,TSS,TRI,37
M6924,E11,TSS,EXP,40
M6925,E11,DSC,IMP,40
M6926,E11,DSC,IMP,19
M6927,E11,DSC,TRI,9
M6928,E11,RHL,TRX,41
M6929,E11,LDS,IMP,32
M6930,E11,TSS,TRI,37
M6931,E11,LDS,TRX,30
M6932,E11,TSS,EXP,33
M6933,E11,DSC,EXP,10
M6934,E11,DSC,EXP,19
M6935,E11,TSS,TRX,12
M6936,E11,DSC,TRX,29
M6937,E11,DSC,EXP,30
M6938,E11,DSC,EXP,14
M6939,E11,DSC,IMP,14
M6940,E11,DSC,IMP,34
M6941,E11,DSC,EXP,12
M6942,E11,DSC,EXP,42
M6943,E11,RHL,IMP,36
M6944,E11,TSM,TRX,31
M6945,E11,DSC,EXP,6
M6946,E11,DSC,TRX,18
M6947,E11,RHL,IMP,9
M6948,E11,RHL,IMP,37
M6949,E11,TSS,EXP,1
M6950,E11,DSC,TRX,15
M6951,E11,DSC,TRI,12
M6952,E11,LDS,EXP,25
M6953,E11,TSS,EXP,18
M6954,E11,LDS,IMP,42
M6955,E11,DSC,TRX,11
M6956,E11,DSC,TRI,29
M6957,E11,LDS,TRX,25
M6958,E11,DSC,TRX,6
M6959,E11,DSC,TRI,31
M6960,E11,DSC,TRI,36
M6961,E11,DSC,TRX,14
M6962,E11,TSM,TRI,4
M6963,E11,DSC,EXP,21
M6964,E11,DSC,TRX,3
M6965,E11,LDS,EXP,31
M6966,E11,LDS,EXP,14
M6967,E11,DSC,EXP,33
M6968,E11,LDS,EXP,20
M6969,E11,TSS,EXP,37
M6970,E11,DSC,EXP,16
M6971,E11,LDS,IMP,20
M6972,E11,RHL,TRI,36
M6973,E11,TSS,TRI,3
M6974,E11,LDS,EXP,24
M6975,E11,LDS,TRX,34
M6976,E11,TSS,EXP,36
M6977,E11,TSS,IMP,7
M6978,E11,LDS,TRX,42
M6979,E11,RHL,IMP,20
M6980,E11,DSC,IMP,8
M6981,E11,DSC,EXP,11
M6982,E11,DSC,IMP,34
M6983,E11,LDS,EXP,29
M6984,E11,LDS,TRI,21
M6985,E11,LDS,TRX,12
M6986,E11,DSC,TRX,1
M6987,E11,DSC,IMP,6
M6988,E11,DSC,EXP,27
M6989,E11,LDS,TRX,5
M6990,E11,DSC,EXP,9
M6991,E11,LDS,TRI,37
M6992,E11,TSS,TRI,9
M6993,E11,DSC,IMP,41
M6994,E11,TSM,EXP,5
M6995,E11,DSC,IMP,11
M6996,E11,DSC,TRX,23
M6997,E11,DSC,TRI,23
M6998,E11,DSC,EXP,36
M6999,E11,LDS,EXP,11
M7000,E11,TSM,TRI,25
M7001,E11,DSC,IMP,2
M7002,E11,RHL,EXP,25
M7003,E11,TSM,TRI,18
M7004,E11,LDS,EXP,29
M7005,E11,LDS,TRI,8
M7006,E11,LDS,TRI,30
M7007,E11,DSC,IMP,10
M7008,E11,RHL,EXP,33
M7009,E11,DSC,TRX,3
M7010,E11,DSC,IMP,7
M7011,E11,DSC,EXP,38
M7012,E11,LDS,TRI,27
M7013,E11,RHL,TRI,23
M7014,E11,TSS,IMP,1
M7015,E11,DSC,IMP,16
M7016,E11,LDS,TRX,17
M7017,E11,LDS,EXP,5
M7018,E11,LDS,TRX,30
M7019,E11,LDS,TRI,33
M7020,E11,DSC,TRI,13
M7021,E11,LDS,EXP,34
M7022,E11,DSC,EXP,31
M7023,E11,LDS,TRX,5
M7024,E11,LDS,IMP,20
M7025,E11,DSC,TRI,23
M7026,E11,TSS,TRI,35
M7027,E11,RHL,TRX,28
M7028,E11,DSC,TRX,16
M7029,E11,LDS,TRX,5
M7030,E11,TSM,TRI,4
M7031,E11,RHL,TRI,18
M7032,E11,TSM,TRX,30
M7033,E11,LDS,EXP,14
M7034,E11,DSC,TRX,42
M7035,E11,RHL,TRX,31
M7036,E11,TSM,TRX,12
M7037,E11,RHL,TRX,31
M7038,E11,DSC,IMP,27
M7039,E11,LDS,TRX,2
M7040,E11,LDS,TRI,1
M7041,E11,DSC,TRX,17
M7042,E11,DSC,TRX,6
M7043,E11,LDS,TRX,14
M7044,E11,TSM,TRI,32
M7045,E11,DSC,IMP,16
M7046,E11,RHL,TRX,24
M7047,E11,DSC,TRX,9
M7048,E11,LDS,EXP,30
M7049,E11,DSC,EXP,17
M7050,E11,RHL,TRX,1
M7051,E11,DSC,TRI,19
M7052,E11,RHL,TRI,5
M7053,E11,DSC,EXP,32
M7054,E11,DSC,TRX,39
M7055,E11,TSS,IMP,15
M7056,E11,DSC,IMP,1
M7057,E11,TSS,EXP,4
M7058,E11,LDS,EXP,28
M7059,E11,TSM,TRX,21
M7060,E11,LDS,IMP,37
M7061,E11,LDS,TRX,10
M7062,E11,LDS,EXP,28
M7063,E11,DSC,EXP,1
M7064,E11,LDS,TRX,28
M7065,E11,DSC,TRI,2
M7066,E11,DSC,TRX,36
M7067,E11,DSC,TRI,37
M7068,E11,RHL,EXP,10
M7069,E11,TSM,TRI,23
M7070,E11,DSC,TRI,9
M7071,E11,LDS,TRI,9
M7072,E11,DSC,TRX,5
M7073,E11,DSC,TRI,9
M7074,E11,TSS,TRX,35
M7075,E11,DSC,IMP,3
M7076,E11,LDS,IMP,6
M7077,E11,DSC,EXP,31
M7078,E11,DSC,TRX,37
M7079,E11,LDS,IMP,6
M7080,E11,TSM,IMP,19
M7081,E11,DSC,EXP,15
M7082,E11,TSS,EXP,11
M7083,E11,LDS,EXP,23
M7084,E11,DSC,IMP,11
M7085,E11,RHL,TRX,2
M7086,E11,DSC,TRI,32
M7087,E11,DSC,EXP,23
M7088,E11,RHL,IMP,8
M7089,E11,TSS,TRX,26
M7090,E11,DSC,TRX,17
M7091,E11,RHL,TRI,13
M7092,E11,RHL,TRX,35
M7093,E11,RHL,IMP,39
M7094,E11,LDS,TRX,21
M7095,E11,DSC,TRI,29
M7096,E11,RHL,TRX,23
M7097,E11,LDS,TRI,27
M7098,E11,LDS,TRI,24
M7099,E11,DSC,TRI,37
M7100,E11,DSC,TRI,22
M7101,E11,TSM,EXP,9
M7102,E11,RHL,EXP,8
M7103,E11,RHL,TRX,3
M7104,E11,TSS,TRI,34
M7105,E11,TSS,EXP,26
M7106,E11,DSC,TRI,42
M7107,E11,TSM,EXP,8
M7108,E11,TSM,TRI,24
M7109,E11,DSC,TRI,4
M7110,E11,LDS,IMP,28
M7111,E11,LDS,EXP,6
M7112,E11,DSC,TRX,25
M7113,E11,LDS,IMP,27
M7114,E11,DSC,TRI,12
M7115,E11,TSM,TRI,20
M7116,E11,DSC,IMP,10
M7117,E11,LDS,EXP,38
M7118,E11,DSC,TRI,40
M7119,E11,TSS,TRX,14
M7120,E11,LDS,TRX,34
M7121,E11,TSM,TRX,24
M7122,E11,LDS,TRX,6
M7123,E11,LDS,TRX,33
M7124,E11,DSC,IMP,1
M7125,E11,LDS,TRX,3
M7126,E11,LDS,TRI,19
M7127,E11,LDS,EXP,33
M7128,E11,LDS,TRI,31
M7129,E11,DSC,TRI,16
M7130,E11,TSS,TRI,5
M7131,E11,RHL,EXP,6
M7132,E11,TSM,EXP,31
M7133,E11,LDS,IMP,7
M7134,E11,LDS,IMP,29
M7135,E11,DSC,EXP,14
M7136,E11,DSC,TRI,5
M7137,E11,TSM,TRX,13
M7138,E11,TSM,TRI,11
M7139,E11,DSC,IMP,7
M7140,E11,LDS,EXP,33
M7141,E11,DSC,TRX,8
M7142,E11,LDS,TRX,14
M7143,E11,DSC,IMP,35
M7144,E11,LDS,TRX,21
M7145,E11,DSC,TRI,24
M7146,E11,LDS,EXP,20
M7147,E11,LDS,TRI,5
M7148,E11,LDS,TRI,13
M7149,E11,LDS,IMP,27
M7150,E11,DSC,TRI,33
M7151,E11,DSC,IMP,22
M7152,E11,LDS,EXP,2
M7153,E11,LDS,IMP,7
M7154,E11,LDS,TRX,9
M7155,E11,LDS,IMP,16
M7156,E11,DSC,TRX,12
M7157,E11,TSS,EXP,32
M7158,E11,DSC,IMP,17
M7159,E11,LDS,IMP,35
M7160,E11,LDS,EXP,1
M7161,E11,LDS,TRI,18
M7162,E11,RHL,IMP,40
M7163,E11,TSM,IMP,34
M7164,E11,DSC,EXP,21
M7165,E11,LDS,TRI,15
M7166,E11,LDS,TRI,32
M7167,E11,RHL,IMP,36
M7168,E11,TSS,EXP,35
M7169,E11,TSM,TRI,20
M7170,E11,DSC,TRX,15
M7171,E11,DSC,TRI,30
M7172,E11,DSC,TRI,25
M7173,E11,LDS,TRI,13
M7174,E11,LDS,EXP,34
M7175,E11,TSS,EXP,42
M7176,E11,DSC,TRI,5
M7177,E11,RHL,TRI,13
M7178,E11,LDS,TRX,38
M7179,E11,TSM,IMP,27
M7180,E11,LDS,TRI,17
M7181,E11,TSM,TRI,15
M7182,E11,LDS,IMP,17
M7183,E11,TSM,IMP,34
M7184,E11,DSC,TRX,24
M7185,E11,LDS,EXP,40
M7186,E11,LDS,EXP,19
M7187,E11,DSC,EXP,41
M7188,E12,DSC,TRI,25
M7189,E12,TSS,TRX,6
M7190,E12,LDS,TRX,26
M7191,E12,TSS,TRI,38
M7192,E12,LDS,IMP,33
M7193,E12,LDS,IMP,11
M7194,E12,LDS,IMP,36
M7195,E12,TSM,TRX,18
M7196,E12,DSC,EXP,36
M7197,E12,TSM,IMP,42
M7198,E12,DSC,TRX,17
M7199,E12,LDS,IMP,40
M7200,E12,DSC,IMP,34
M7201,E12,RHL,EXP,19
M7202,E12,LDS,TRI,41
M7203,E12,LDS,TRI,40
M7204,E12,RHL,EXP,34
M7205,E12,TSS,TRX,22
M7206,E12,LDS,TRI,1
M7207,E12,DSC,IMP,32
M7208,E12,DSC,IMP,16
M7209,E12,TSM,IMP,6
M7210,E12,LDS,IMP,14
M7211,E12,LDS,EXP,13
M7212,E12,RHL,TRX,1
M7213,E12,DSC,TRX,39
M7214,E12,RHL,TRI,3
M7215,E12,DSC,EXP,17
M7216,E12,DSC,TRI,1
M7217,E12,TSM,IMP,41
M7218,E12,TSS,EXP,2
M7219,E12,LDS,EXP,33
M7220,E12,LDS,TRI,21
M7221,E12,LDS,TRI,5
M7222,E12,LDS,TRI,19
M7223,E12,LDS,EXP,33
M7224,E12,DSC,EXP,11
M7225,E12,DSC,TRI,19
M7226,E12,RHL,EXP,26
M7227,E12,DSC,IMP,13
M7228,E12,LDS,TRX,22
M7229,E12,LDS,TRX,14
M7230,E12,TSS,TRX,11
M7231,E12,RHL,EXP,42
M7232,E12,DSC,TRX,20
M7233,E12,LDS,TRX,7
M7234,E12,LDS,TRX,33
M7235,E12,LDS,IMP,14
M7236,E12,LDS,EXP,19
M7237,E12,LDS,IMP,40
M7238,E12,LDS,TRI,28
M7239,E12,LDS,TRI,38
M7240,E12,DSC,EXP,14
M7241,E12,DSC,TRX,11
M7242,E12,DSC,IMP,26
M7243,E12,LDS,TRX,14
M7244,E12,DSC,EXP,29
M7245,E12,TSM,IMP,34
M7246,E12,LDS,IMP,18
M7247,E12,LDS,IMP,4
M7248,E12,LDS,TRX,18
M7249,E12,LDS,TRX,29
M7250,E12,LDS,EXP,9
M7251,E12,RHL,IMP,25
M7252,E12,TSS,TRX,40
M7253,E12,LDS,TRX,35
M7254,E12,DSC,TRX,39
M7255,E12,DSC,IMP,36
M7256,E12,LDS,TRX,10
M7257,E12,DSC,TRX,2
M7258,E12,DSC,IMP,12
M7259,E12,LDS,TRI,36
M7260,E12,TSM,TRI,37
M7261,E12,LDS,IMP,18
M7262,E12,LDS,EXP,15
M7263,E12,DSC,EXP,40
M7264,E12,DSC,TRI,14
M7265,E12,DSC,IMP,35
M7266,E12,LDS,IMP,16
M7267,E12,DSC,TRI,16
M7268,E12,LDS,TRX,2
M7269,E12,TSS,IMP,42
M7270,E12,DSC,EXP,38
M7271,E12,DSC,IMP,7
M7272,E12,DSC,EXP,30
M7273,E12,TSM,EXP,1
M7274,E12,TSS,IMP,29
M7275,E12,RHL,IMP,15
M7276,E12,LDS,TRX,1
M7277,E12,LDS,EXP,33
M7278,E12,LDS,TRX,11
M7279,E12,TSS,EXP,34
M7280,E12,DSC,TRI,40
M7281,E12,DSC,EXP,22
M7282,E12,DSC,IMP,4
M7283,E12,TSM,IMP,11
M7284,E12,LDS,IMP,10
M7285,E12,DSC,TRX,11
M7286,E12,RHL,TRI,34
M7287,E12,LDS,TRI,25
M7288,E12,DSC,TRX,14
M7289,E12,TSM,TRI,25
M7290,E12,DSC,EXP,14
M7291,E12,DSC,TRI,5
M7292,E12,LDS,TRX,12
M7293,E12,LDS,IMP,2
M7294,E12,DSC,IMP,41
M7295,E12,DSC,TRX,36
M7296,E12,DSC,EXP,34
M7297,E12,DSC,TRX,10
M7298,E12,DSC,EXP,11
M7299,E12,DSC,TRI,25
M7300,E12,RHL,TRX,6
M7301,E12,RHL,TRX,22
M7302,E12,DSC,IMP,16
M7303,E12,TSS,TRX,28
M7304,E12,DSC,IMP,41
M7305,E12,DSC,TRI,39
M7306,E12,DSC,TRI,6
M7307,E12,TSM,TRX,13
M7308,E12,LDS,IMP,28
M7309,E12,DSC,TRX,5
M7310,E12,RHL,TRI,24
M7311,E12,DSC,IMP,2
M7312,E12,DSC,EXP,36
M7313,E12,RHL,EXP,33
M7314,E12,LDS,EXP,4
M7315,E12,LDS,TRX,7
M7316,E12,DSC,TRI,15
M7317,E12,LDS,TRX,5
M7318,E12,LDS,EXP,24
M7319,E12,DSC,TRX,28
M7320,E12,RHL,TRX,37
M7321,E12,LDS,IMP,17
M7322,E12,DSC,TRI,14
M7323,E12,RHL,EXP,42
M7324,E12,TSM,IMP,15
M7325,E12,TSS,TRI,7
M7326,E12,DSC,EXP,27
M7327,E12,LDS,EXP,39
M7328,E12,LDS,EXP,3
M7329,E12,DSC,TRX,1
M7330,E12,LDS,TRI,24
M7331,E12,LDS,IMP,15
M7332,E12,DSC,EXP,7
M7333,E12,DSC,TRI,3
M7334,E12,DSC,IMP,9
M7335,E12,DSC,TRX,37
M7336,E12,RHL,IMP,18
M7337,E12,RHL,TRI,11
M7338,E12,LDS,EXP,22
M7339,E12,DSC,TRX,22
M7340,E12,LDS,TRI,5
M7341,E12,LDS,IMP,25
M7342,E12,LDS,TRI,28
M7343,E12,DSC,EXP,3
M7344,E12,DSC,TRX,10
M7345,E12,LDS,TRX,9
M7346,E12,DSC,IMP,15
M7347,E12,TSS,TRX,25
M7348,E12,TSS,TRX,40
M7349,E12,RHL,TRX,2
M7350,E12,LDS,EXP,4
M7351,E12,LDS,TRI,7
M7352,E12,LDS,EXP,40
M7353,E12,TSM,TRI,25
M7354,E12,LDS,TRX,11
M7355,E12,DSC,EXP,5
M7356,E12,LDS,TRI,28
M7357,E12,LDS,EXP,37
M7358,E12,DSC,TRX,29
M7359,E12,RHL,TRI,41
M7360,E12,TSM,EXP,8
M7361,E12,TSS,IMP,2
M7362,E12,DSC,TRX,26
M7363,E12,DSC,TRX,7
M7364,E12,LDS,TRX,21
M7365,E12,DSC,TRI,32
M7366,E12,LDS,TRX,10
M7367,E12,LDS,EXP,1
M7368,E12,LDS,TRX,21
M7369,E12,DSC,EXP,3
M7370,E12,RHL,IMP,33
M7371,E12,LDS,TRI,26
M7372,E12,LDS,EXP,9
M7373,E12,DSC,TRI,24
M7374,E12,RHL,IMP,20
M7375,E12,TSM,TRI,24
M7376,E12,LDS,TRI,8
M7377,E12,DSC,EXP,15
M7378,E12,LDS,TRI,19
M7379,E12,LDS,EXP,11
M7380,E12,LDS,IMP,33
M7381,E12,DSC,EXP,6
M7382,E12,LDS,IMP,41
M7383,E12,RHL,TRI,37
M7384,E12,DSC,TRI,5
M7385,E12,TSM,TRI,5
M7386,E12,DSC,EXP,38
M7387,E12,DSC,IMP,12
M7388,E12,LDS,EXP,23
M7389,E12,RHL,TRI,23
M7390,E12,LDS,EXP,2
M7391,E12,DSC,TRI,41
M7392,E12,LDS,TRI,18
M7393,E12,LDS,TRX,25
M7394,E12,TSM,EXP,34
M7395,E12,DSC,TRI,30
M7396,E12,DSC,TRI,18
M7397,E12,DSC,TRX,23
M7398,E12,TSM,IMP,30
M7399,E12,LDS,TRX,20
M7400,E12,DSC,IMP,18
M7401,E12,TSM,EXP,5
M7402,E12,LDS,TRI,10
M7403,E12,DSC,TRI,23
M7404,E12,DSC,IMP,14
M7405,E12,LDS,TRX,23
M7406,E12,DSC,IMP,4
M7407,E12,LDS,TRI,7
M7408,E12,TSS,IMP,9
M7409,E12,DSC,EXP,23
M7410,E12,LDS,IMP,14
M7411,E12,DSC,TRI,6
M7412,E12,TSM,TRX,24
M7413,E12,LDS,IMP,13
M7414,E12,TSM,IMP,14
M7415,E12,LDS,TRX,31
M7416,E12,DSC,IMP,1
M7417,E12,LDS,IMP,8
M7418,E12,DSC,TRI,40
M7419,E12,RHL,TRX,41
M7420,E12,LDS,TRX,6
M7421,E12,DSC,IMP,15
M7422,E12,DSC,TRX,40
M7423,E12,TSM,EXP,29
M7424,E12,RHL,TRX,11
M7425,E12,DSC,TRI,23
M7426,E12,LDS,TRX,32
M7427,E12,LDS,IMP,36
M7428,E12,TSS,TRI,36
M7429,E12,LDS,IMP,4
M7430,E12,DSC,EXP,1
M7431,E12,DSC,EXP,29
M7432,E12,DSC,TRX,34
M7433,E12,DSC,TRI,7
M7434,E12,TSS,IMP,17
M7435,E12,DSC,TRX,16
M7436,E12,DSC,TRX,22
M7437,E12,DSC,TRX,32
M7438,E12,DSC,EXP,42
M7439,E12,TSM,TRI,28
M7440,E12,LDS,IMP,26
M7441,E12,LDS,TRX,30
M7442,E12,DSC,EXP,7
M7443,E12,LDS,TRI,29
M7444,E12,DSC,TRI,34
M7445,E12,DSC,TRI,2
M7446,E12,TSM,EXP,21
M7447,E12,LDS,IMP,18
M7448,E12,DSC,EXP,3
M7449,E12,DSC,TRX,3
M7450,E12,TSS,TRI,40
M7451,E12,DSC,TRX,15
M7452,E12,DSC,IMP,33
M7453,E12,TSM,TRI,21
M7454,E12,TSS,TRX,11
M7455,E12,TSM,EXP,30
M7456,E12,DSC,IMP,19
M7457,E12,DSC,TRI,13
M7458,E12,RHL,EXP,5
M7459,E12,DSC,TRI,9
M7460,E12,LDS,EXP,17
M7461,E12,TSS,EXP,36
M7462,E12,TSS,IMP,8
M7463,E12,DSC,TRI,32
M7464,E12,DSC,TRI,39
M7465,E12,DSC,EXP,11
M7466,E12,DSC,EXP,29
M7467,E12,DSC,EXP,23
M7468,E12,LDS,TRI,5
M7469,E12,LDS,EXP,40
M7470,E12,TSS,IMP,30
M7471,E12,DSC,EXP,31
M7472,E12,DSC,TRI,6
M7473,E12,RHL,IMP,3
M7474,E12,LDS,TRI,3
M7475,E12,TSS,EXP,31
M7476,E12,DSC,EXP,3
M7477,E12,DSC,EXP,35
M7478,E12,RHL,IMP,40
M7479,E12,DSC,TRX,24
M7480,E12,TSM,TRX,5
M7481,E12,RHL,EXP,37
M7482,E12,DSC,EXP,6
M7483,E12,RHL,EXP,10
M7484,E12,LDS,IMP,34
M7485,E12,LDS,IMP,30
M7486,E12,LDS,EXP,3
M7487,E12,DSC,TRX,28
M7488,E12,LDS,TRX,9
M7489,E12,RHL,TRX,31
M7490,E12,DSC,TRI,11
M7491,E12,DSC,EXP,26
M7492,E12,DSC,IMP,3
M7493,E12,TSS,EXP,18
M7494,E12,DSC,TRI,10
M7495,E12,RHL,EXP,26
M7496,E12,DSC,TRX,42
M7497,E12,TSS,TRI,33
M7498,E12,LDS,TRX,1
M7499,E12,LDS,TRI,40
M7500,E12,TSS,IMP,27
M7501,E12,LDS,TRI,32
M7502,E12,DSC,EXP,11
M7503,E12,TSM,EXP,22
M7504,E12,LDS,TRI,28
M7505,E12,DSC,EXP,40
M7506,E12,LDS,EXP,18
M7507,E12,LDS,TRI,28
M7508,E12,TSS,EXP,39
M7509,E12,LDS,TRX,6
M7510,E12,TSM,EXP,19
M7511,E12,DSC,TRI,12
M7512,E12,LDS,TRX,12
M7513,E12,TSM,IMP,26
M7514,E12,LDS,IMP,5
M7515,E12,LDS,IMP,42
M7516,E12,RHL,IMP,2
M7517,E12,DSC,IMP,22
M7518,E12,TSS,TRI,4
M7519,E12,TSM,IMP,4
M7520,E12,DSC,EXP,34
M7521,E12,LDS,IMP,21
M7522,E12,LDS,IMP,27
M7523,E12,DSC,TRI,6
M7524,E12,DSC,EXP,38
M7525,E12,DSC,TRX,32
M7526,E12,DSC,TRX,11
M7527,E12,LDS,TRX,6
M7528,E12,LDS,TRI,19
M7529,E12,LDS,EXP,23
M7530,E12,DSC,IMP,11
M7531,E12,LDS,TRI,8
M7532,E12,LDS,EXP,9
M7533,E12,LDS,TRX,27
M7534,E12,LDS,IMP,6
M7535,E12,LDS,EXP,40
M7536,E12,TSS,IMP,12
M7537,E12,DSC,TRI,28
M7538,E12,LDS,TRI,22
M7539,E12,DSC,IMP,39
M7540,E12,LDS,TRI,24
M7541,E12,LDS,IMP,12
M7542,E12,LDS,IMP,16
M7543,E12,LDS,TRX,16
M7544,E12,RHL,IMP,26
M7545,E12,LDS,EXP,8
M7546,E12,LDS,EXP,22
M7547,E12,LDS,TRX,26
M7548,E12,DSC,TRX,36
M7549,E12,TSM,IMP,12
M7550,E12,LDS,EXP,28
M7551,E12,LDS,TRX,15
M7552,E12,DSC,IMP,33
M7553,E12,DSC,TRX,21
M7554,E12,DSC,EXP,38
M7555,E12,LDS,EXP,41
M7556,E12,DSC,IMP,5
M7557,E12,DSC,EXP,19
M7558,E12,DSC,TRX,17
M7559,E12,TSS,TRI,21
M7560,E12,DSC,TRX,31
M7561,E12,LDS,TRX,42
M7562,E12,DSC,EXP,4
M7563,E12,DSC,TRX,28
M7564,E12,TSS,TRX,32
M7565,E12,RHL,IMP,36
M7566,E12,LDS,TRX,24
M7567,E12,TSS,EXP,14
M7568,E12,LDS,IMP,41
M7569,E12,LDS,EXP,38
M7570,E12,RHL,EXP,9
M7571,E12,TSM,TRI,25
M7572,E12,TSM,IMP,24
M7573,E12,RHL,TRX,27
M7574,E12,DSC,EXP,38
M7575,E12,DSC,TRI,36
M7576,E12,LDS,TRX,11
M7577,E12,LDS,TRX,6
M7578,E12,LDS,EXP,16
M7579,E12,RHL,EXP,12
M7580,E12,LDS,TRI,35
M7581,E12,LDS,TRX,11
M7582,E12,DSC,IMP,19
M7583,E12,RHL,EXP,11
M7584,E12,RHL,TRX,33
M7585,E12,LDS,EXP,37
M7586,E12,TSM,EXP,26
M7587,E12,TSM,EXP,40
M7588,E12,RHL,IMP,23
M7589,E12,LDS,EXP,36
M7590,E12,LDS,IMP,26
M7591,E12,RHL,IMP,18
M7592,E12,TSS,TRX,18
M7593,E12,TSM,IMP,23
M7594,E12,TSS,TRI,4
M7595,E12,LDS,TRI,12
M7596,E12,DSC,TRI,21
M7597,E12,DSC,IMP,5
M7598,E12,LDS,EXP,20
M7599,E12,LDS,TRI,5
M7600,E12,TSS,TRX,40
M7601,E12,TSS,IMP,21
M7602,E12,LDS,IMP,42
M7603,E12,TSS,IMP,11
M7604,E12,LDS,TRX,22
M7605,E12,DSC,IMP,42
M7606,E12,DSC,IMP,23
M7607,E12,DSC,TRI,6
M7608,E12,DSC,TRX,9
M7609,E12,LDS,TRX,32
M7610,E12,DSC,EXP,14
M7611,E12,DSC,TRX,40
M7612,E12,LDS,IMP,32
M7613,E12,RHL,IMP,3
M7614,E12,TSS,TRI,13
M7615,E12,DSC,IMP,38
M7616,E12,TSM,TRX,15
M7617,E12,TSM,TRI,37
M7618,E12,LDS,TRX,2
M7619,E12,TSS,IMP,26
M7620,E12,LDS,TRX,8
M7621,E12,DSC,EXP,18
M7622,E12,LDS,IMP,32
M7623,E12,RHL,IMP,35
M7624,E12,DSC,TRI,3
M7625,E12,DSC,TRI,16
M7626,E12,LDS,EXP,15
M7627,E12,TSS,EXP,39
M7628,E12,LDS,TRX,26
M7629,E12,LDS,TRX,14
M7630,E12,LDS,TRX,24
M7631,E12,DSC,TRX,2
M7632,E12,TSM,TRX,12
M7633,E12,TSS,EXP,22
M7634,E12,DSC,TRX,16
M7635,E12,DSC,IMP,26
M7636,E12,TSS,TRX,36
M7637,E12,DSC,EXP,34
M7638,E12,TSS,TRI,33
M7639,E12,TSS,IMP,24
M7640,E12,DSC,TRX,23
M7641,E12,DSC,TRX,35
M7642,E12,DSC,TRI,2
M7643,E12,DSC,IMP,31
M7644,E12,LDS,IMP,9
M7645,E12,LDS,EXP,25
M7646,E12,TSS,EXP,20
M7647,E12,LDS,TRI,20
M7648,E12,LDS,IMP,8
M7649,E12,DSC,IMP,8
M7650,E12,LDS,TRX,39
M7651,E12,RHL,IMP,34
M7652,E12,LDS,TRI,37
M7653,E12,LDS,TRI,23
M7654,E12,DSC,TRI,12
M7655,E12,LDS,EXP,1
M7656,E12,LDS,TRX,10
M7657,E12,TSS,TRX,8
M7658,E12,TSS,TRI,32
M7659,E12,RHL,IMP,9
M7660,E12,LDS,IMP,5
M7661,E12,DSC,IMP,29
M7662,E12,DSC,TRI,23
M7663,E12,LDS,TRX,6
M7664,E12,LDS,EXP,3
M7665,E12,TSS,EXP,34
M7666,E12,TSS,TRX,17
M7667,E12,TSS,EXP,42
M7668,E12,LDS,TRX,11
M7669,E12,DSC,EXP,10
M7670,E12,DSC,TRI,6
M7671,E12,TSS,TRX,11
M7672,E12,DSC,TRX,8
M7673,E12,DSC,TRX,39
M7674,E12,TSM,TRI,31
M7675,E12,LDS,TRX,33
M7676,E12,LDS,TRX,25
M7677,E12,LDS,EXP,18
M7678,E12,DSC,IMP,1
M7679,E12,DSC,IMP,15
M7680,E12,TSM,TRI,33
M7681,E12,DSC,EXP,1
M7682,E12,DSC,EXP,29
M7683,E12,DSC,IMP,10
M7684,E12,DSC,TRX,8
M7685,E12,DSC,TRI,6
M7686,E12,DSC,EXP,38
M7687,E12,TSS,EXP,21
M7688,E12,TSM,TRX,6
M7689,E12,DSC,TRI,40
M7690,E12,RHL,TRX,21
M7691,E12,DSC,EXP,4
M7692,E12,TSM,IMP,35
M7693,E12,LDS,IMP,15
M7694,E12,DSC,TRI,27
M7695,E12,LDS,EXP,23
M7696,E12,LDS,TRX,33
M7697,E12,LDS,TRX,37
M7698,E12,LDS,TRX,5
M7699,E12,DSC,TRX,2
M7700,E12,LDS,IMP,19
M7701,E12,RHL,TRI,42
M7702,E12,DSC,IMP,25
M7703,E12,LDS,EXP,34
M7704,E12,DSC,TRX,23
M7705,E12,LDS,EXP,22
M7706,E12,RHL,TRI,42
M7707,E12,LDS,IMP,13
M7708,E12,DSC,TRX,16
M7709,E12,TSS,EXP,40
M7710,E12,LDS,EXP,25
M7711,E12,DSC,TRI,26
M7712,E12,LDS,IMP,22
M7713,E12,LDS,IMP,20
M7714,E12,LDS,EXP,8
M7715,E12,LDS,TRI,6
M7716,E12,TSM,EXP,13
M7717,E12,DSC,TRI,8
M7718,E12,LDS,TRX,19
M7719,E12,LDS,IMP,31
M7720,E12,TSS,IMP,36
M7721,E12,LDS,TRI,4
M7722,E12,DSC,EXP,4
M7723,E12,DSC,IMP,23
M7724,E12,DSC,IMP,6
M7725,E12,TSS,IMP,34
M7726,E12,DSC,TRX,7
M7727,E12,RHL,TRX,2
M7728,E12,LDS,IMP,39
M7729,E12,DSC,EXP,19
M7730,E12,DSC,TRI,40
M7731,E12,DSC,TRX,22
M7732,E12,DSC,IMP,39
M7733,E12,LDS,TRI,18
M7734,E12,DSC,TRX,37
M7735,E12,DSC,TRI,30
M7736,E12,DSC,TRI,25
M7737,E12,TSS,EXP,33
M7738,E12,LDS,TRI,37
M7739,E12,TSM,EXP,12
M7740,E12,DSC,EXP,9
M7741,E12,LDS,IMP,40
M7742,E12,DSC,TRI,22
M7743,E12,LDS,TRX,26
M7744,E12,RHL,TRX,23
M7745,E12,LDS,EXP,26
M7746,E12,RHL,EXP,18
M7747,E12,LDS,TRI,20
M7748,E12,DSC,EXP,22
M7749,E12,DSC,TRX,29
M7750,E12,TSM,TRI,33
M7751,E12,LDS,TRI,31
M7752,E12,LDS,TRX,23
M7753,E12,DSC,EXP,15
M7754,E12,LDS,TRX,9
M7755,E12,LDS,EXP,33
M7756,E12,TSM,EXP,17
M7757,E12,TSS,TRX,42
M7758,E12,TSS,TRX,29
M7759,E12,LDS,TRX,36
M7760,E12,DSC,TRI,7
M7761,E12,TSS,TRX,27
M7762,E12,LDS,EXP,33
M7763,E12,DSC,EXP,32
M7764,E12,DSC,TRX,11
M7765,E12,TSM,IMP,38
M7766,E12,RHL,IMP,26
M7767,E12,LDS,TRI,15
M7768,E12,DSC,TRI,8
M7769,E12,TSS,EXP,22
M7770,E12,DSC,IMP,22
M7771,E12,TSS,EXP,8
M7772,E12,LDS,EXP,18
M7773,E12,LDS,EXP,29
M7774,E12,DSC,TRX,37
M7775,E12,LDS,TRX,27
M7776,E12,LDS,EXP,18
M7777,E12,DSC,TRX,5
M7778,E12,LDS,IMP,3
M7779,E12,TSM,TRX,1
M7780,E12,DSC,TRX,17
M7781,E12,DSC,TRX,14
M7782,E12,DSC,EXP,14
M7783,E12,LDS,TRX,23
M7784,E12,DSC,TRI,25
M7785,E12,LDS,IMP,34
M7786,E12,DSC,TRX,34
M7787,E12,RHL,TRI,26
M7788,E12,DSC,TRI,27
M7789,E12,LDS,IMP,26
M7790,E12,DSC,TRI,10
M7791,E12,DSC,IMP,30
M7792,E12,LDS,EXP,7
M7793,E12,DSC,TRI,36
M7794,E12,DSC,IMP,19
M7795,E12,RHL,EXP,29
M7796,E12,DSC,IMP,21
M7797,E12,DSC,TRI,35
M7798,E12,DSC,IMP,37
M7799,E12,LDS,EXP,1
M7800,E12,LDS,IMP,34
M7801,E12,DSC,IMP,7
M7802,E12,LDS,TRX,11
M7803,E12,DSC,TRX,8
M7804,E12,LDS,EXP,12
M7805,E12,DSC,TRI,36
M7806,E12,LDS,TRI,22
M7807,E12,DSC,EXP,18
M7808,E12,TSS,TRI,2
M7809,E12,LDS,EXP,12
M7810,E12,LDS,EXP,15
M7811,E12,LDS,TRX,8
M7812,E12,DSC,IMP,19
M7813,E12,DSC,IMP,13
M7814,E12,LDS,IMP,26
M7815,E12,LDS,IMP,10
M7816,E12,TSS,IMP,6
M7817,E12,DSC,EXP,13
M7818,E12,DSC,IMP,17
M7819,E12,TSS,TRI,24
M7820,E12,DSC,TRX,5
M7821,E12,DSC,TRX,22
M7822,E12,DSC,EXP,11
M7823,E12,LDS,TRI,41
M7824,E12,LDS,TRI,32
M7825,E12,LDS,TRX,12
M7826,E12,LDS,TRI,26
M7827,E12,DSC,IMP,4
M7828,E12,LDS,EXP,7
M7829,E12,TSM,TRX,10
M7830,E12,DSC,IMP,23
M7831,E12,LDS,TRX,4
M7832,E12,LDS,TRI,40
M7833,E12,LDS,TRI,17
M7834,E12,LDS,TRX,21
M7835,E12,LDS,IMP,25
M7836,E12,TSS,TRI,27
M7837,E12,TSM,IMP,37
M7838,E12,DSC,TRX,13
M7839,E12,DSC,IMP,27
M7840,E12,LDS,IMP,38
M7841,E12,LDS,EXP,29
M7842,E12,DSC,EXP,34
M7843,E12,TSS,TRI,14
M7844,E12,DSC,IMP,2
M7845,E12,TSM,IMP,12
M7846,E12,DSC,TRI,5
M7847,E12,TSS,IMP,14
M7848,E12,LDS,TRX,2
M7849,E12,DSC,IMP,29
M7850,E12,LDS,EXP,16
M7851,E12,DSC,EXP,14
M7852,E12,DSC,TRI,34
M7853,E12,DSC,TRX,24
M7854,E13,DSC,TRI,1
M7855,E13,DSC,IMP,30
M7856,E13,RHL,IMP,24
M7857,E13,LDS,TRI,14
M7858,E13,DSC,IMP,24
M7859,E13,DSC,TRI,36
M7860,E13,LDS,TRX,9
M7861,E13,LDS,TRX,19
M7862,E13,DSC,IMP,14
M7863,E13,DSC,TRX,13
M7864,E13,LDS,EXP,11
M7865,E13,DSC,TRX,42
M7866,E13,LDS,IMP,13
M7867,E13,DSC,EXP,12
M7868,E13,DSC,TRX,6
M7869,E13,RHL,TRI,13
M7870,E13,TSS,IMP,27
M7871,E13,LDS,TRX,30
M7872,E13,RHL,TRX,7
M7873,E13,TSM,TRX,23
M7874,E13,LDS,IMP,32
M7875,E13,LDS,IMP,2
M7876,E13,DSC,TRI,3
M7877,E13,DSC,TRI,37
M7878,E13,RHL,EXP,42
M7879,E13,DSC,TRX,15
M7880,E13,LDS,IMP,39
M7881,E13,TSM,TRX,9
M7882,E13,TSS,IMP,36
M7883,E13,TSM,EXP,30
M7884,E13,DSC,TRI,30
M7885,E13,TSM,EXP,22
M7886,E13,DSC,TRI,25
M7887,E13,DSC,IMP,8
M7888,E13,LDS,TRI,41
M7889,E13,TSS,TRX,40
M7890,E13,DSC,TRX,10
M7891,E13,DSC,TRX,35
M7892,E13,DSC,TRX,30
M7893,E13,LDS,IMP,37
M7894,E13,DSC,IMP,22
M7895,E13,TSM,EXP,4
M7896,E13,RHL,EXP,15
M7897,E13,LDS,TRX,41
M7898,E13,TSS,EXP,11
M7899,E13,DSC,TRI,29
M7900,E13,DSC,TRX,3
M7901,E13,DSC,EXP,29
M7902,E13,RHL,EXP,18
M7903,E13,RHL,TRX,37
M7904,E13,LDS,IMP,38
M7905,E13,LDS,EXP,38
M7906,E13,LDS,EXP,20
M7907,E13,TSM,TRI,20
M7908,E13,DSC,TRI,35
M7909,E13,TSM,IMP,40
M7910,E13,DSC,TRI,23
M7911,E13,TSM,TRI,28
M7912,E13,DSC,IMP,7
M7913,E13,DSC,TRX,18
M7914,E13,DSC,TRI,37
M7915,E13,DSC,TRX,27
M7916,E13,DSC,EXP,31
M7917,E13,DSC,TRI,9
M7918,E13,LDS,IMP,29
M7919,E13,RHL,TRI,12
M7920,E13,DSC,IMP,7
M7921,E13,LDS,EXP,15
M7922,E13,DSC,EXP,11
M7923,E13,DSC,TRX,10
M7924,E13,TSM,EXP,20
M7925,E13,TSM,TRX,35
M7926,E13,LDS,TRX,24
M7927,E13,LDS,TRI,14
M7928,E13,LDS,EXP,39
M7929,E13,DSC,TRI,17
M7930,E13,TSS,EXP,12
M7931,E13,DSC,EXP,30
M7932,E13,LDS,TRI,13
M7933,E13,DSC,IMP,23
M7934,E13,LDS,TRX,9
M7935,E13,DSC,TRX,12
M7936,E13,LDS,TRI,10
M7937,E13,DSC,TRX,36
M7938,E13,DSC,TRX,33
M7939,E13,DSC,IMP,11
M7940,E13,DSC,IMP,28
M7941,E13,LDS,TRX,23
M7942,E13,DSC,IMP,36
M7943,E13,RHL,TRI,39
M7944,E13,LDS,IMP,3
M7945,E13,DSC,TRX,33
M7946,E13,LDS,EXP,37
M7947,E13,RHL,TRX,32
M7948,E13,DSC,TRX,5
M7949,E13,TSM,EXP,38
M7950,E13,DSC,IMP,2
M7951,E13,DSC,EXP,5
M7952,E13,DSC,TRI,32
M7953,E13,DSC,TRI,41
M7954,E13,LDS,IMP,19
M7955,E13,DSC,TRX,39
M7956,E13,LDS,TRI,23
M7957,E13,LDS,TRI,36
M7958,E13,DSC,IMP,24
M7959,E13,DSC,EXP,28
M7960,E13,LDS,TRI,29
M7961,E13,DSC,EXP,19
M7962,E13,RHL,TRI,30
M7963,E13,DSC,EXP,27
M7964,E13,LDS,IMP,7
M7965,E13,TSS,IMP,10
M7966,E13,RHL,TRI,16
M7967,E13,RHL,TRX,21
M7968,E13,DSC,IMP,42
M7969,E13,DSC,TRX,30
M7970,E13,LDS,TRX,40
M7971,E13,TSS,TRI,3
M7972,E13,LDS,IMP,29
M7973,E13,DSC,EXP,20
M7974,E13,LDS,IMP,26
M7975,E13,DSC,EXP,27
M7976,E13,DSC,IMP,20
M7977,E13,DSC,TRI,18
M7978,E13,LDS,TRX,34
M7979,E13,DSC,IMP,20
M7980,E13,TSM,IMP,40
M7981,E13,DSC,EXP,30
M7982,E13,DSC,IMP,29
M7983,E13,LDS,IMP,1
M7984,E13,TSS,TRI,5
M7985,E13,LDS,TRX,36
M7986,E13,DSC,EXP,34
M7987,E13,LDS,EXP,8
M7988,E13,LDS,TRI,42
M7989,E13,DSC,EXP,22
M7990,E13,LDS,TRI,13
M7991,E13,LDS,EXP,5
M7992,E13,LDS,TRX,28
M7993,E13,TSS,EXP,14
M7994,E13,TSM,TRI,30
M7995,E13,DSC,TRX,24
M7996,E13,LDS,TRX,27
M7997,E13,TSM,EXP,3
M7998,E13,DSC,EXP,23
M7999,E13,TSM,TRI,34
M8000,E13,DSC,TRI,19
M8001,E13,LDS,EXP,40
M8002,E13,DSC,IMP,30
M8003,E13,DSC,TRX,28
M8004,E13,RHL,TRI,40
M8005,E13,LDS,EXP,32
M8006,E13,LDS,EXP,18
M8007,E13,LDS,EXP,37
M8008,E13,TSS,TRI,4
M8009,E13,LDS,TRI,17
M8010,E13,DSC,EXP,6
M8011,E13,LDS,EXP,1
M8012,E13,DSC,TRI,2
M8013,E13,DSC,TRX,14
M8014,E13,TSS,TRI,6
M8015,E13,LDS,TRI,19
M8016,E13,TSM,TRX,26
M8017,E13,LDS,TRX,29
M8018,E13,LDS,TRX,7
M8019,E13,TSM,TRI,19
M8020,E13,LDS,EXP,2
M8021,E13,LDS,IMP,6
M8022,E13,LDS,TRX,26
M8023,E13,DSC,IMP,5
M8024,E13,LDS,EXP,21
M8025,E13,LDS,TRI,32
M8026,E13,RHL,IMP,9
M8027,E13,TSS,IMP,27
M8028,E13,LDS,EXP,13
M8029,E13,LDS,IMP,28
M8030,E13,LDS,EXP,10
M8031,E13,LDS,EXP,20
M8032,E13,DSC,TRI,5
M8033,E13,LDS,TRX,32
M8034,E13,LDS,TRX,9
M8035,E13,LDS,EXP,13
M8036,E13,LDS,EXP,26
M8037,E13,TSS,TRX,9
M8038,E13,DSC,TRX,8
M8039,E13,TSS,IMP,24
M8040,E13,DSC,TRI,33
M8041,E13,LDS,EXP,1
M8042,E13,LDS,IMP,33
M8043,E13,TSS,IMP,29
M8044,E13,DSC,IMP,7
M8045,E13,LDS,TRI,38
M8046,E13,LDS,TRX,1
M8047,E13,DSC,TRI,18
M8048,E13,LDS,IMP,28
M8049,E13,DSC,IMP,10
M8050,E13,DSC,TRI,38
M8051,E13,RHL,TRX,17
M8052,E13,LDS,EXP,36
M8053,E13,DSC,IMP,4
M8054,E13,DSC,EXP,18
M8055,E13,DSC,TRI,21
M8056,E13,DSC,TRX,18
M8057,E13,TSM,TRX,6
M8058,E13,DSC,IMP,36
M8059,E13,RHL,IMP,10
M8060,E13,DSC,IMP,24
M8061,E13,DSC,TRX,1
M8062,E13,LDS,TRI,20
M8063,E13,LDS,IMP,15
M8064,E13,LDS,TRI,2
M8065,E13,TSS,IMP,30
M8066,E13,RHL,IMP,21
M8067,E13,LDS,TRI,40
M8068,E13,DSC,TRI,7
M8069,E13,LDS,IMP,2
M8070,E13,DSC,TRX,21
M8071,E13,LDS,TRX,6
M8072,E13,DSC,TRX,24
M8073,E13,DSC,IMP,39
M8074,E13,LDS,TRX,21
M8075,E13,TSS,TRX,4
M8076,E13,LDS,TRI,37
M8077,E13,DSC,EXP,39
M8078,E13,TSM,TRX,3
M8079,E13,LDS,EXP,42
M8080,E13,LDS,TRX,38
M8081,E13,LDS,IMP,40
M8082,E13,DSC,EXP,39
M8083,E13,TSS,TRI,28
M8084,E13,DSC,IMP,5
M8085,E13,DSC,EXP,11
M8086,E13,LDS,TRX,26
M8087,E13,DSC,IMP,15
M8088,E13,TSM,IMP,7
M8089,E13,TSS,IMP,36
M8090,E13,TSS,IMP,11
M8091,E13,DSC,TRX,11
M8092,E13,DSC,TRX,38
M8093,E13,DSC,TRX,9
M8094,E13,DSC,TRX,27
M8095,E13,TSS,TRI,11
M8096,E13,DSC,TRI,28
M8097,E13,TSS,TRI,11
M8098,E13,DSC,IMP,22
M8099,E13,DSC,TRI,6
M8100,E13,DSC,IMP,6
M8101,E13,DSC,IMP,32
M8102,E13,RHL,TRX,34
M8103,E13,TSM,IMP,22
M8104,E13,LDS,EXP,8
M8105,E13,LDS,TRI,7
M8106,E13,LDS,TRI,1
M8107,E13,DSC,TRX,10
M8108,E13,LDS,IMP,30
M8109,E13,DSC,TRX,28
M8110,E13,DSC,EXP,24
M8111,E13,DSC,IMP,10
M8112,E13,DSC,TRI,26
M8113,E13,DSC,TRX,30
M8114,E13,LDS,IMP,22
M8115,E13,LDS,TRX,2
M8116,E13,DSC,IMP,14
M8117,E13,RHL,TRI,42
M8118,E13,DSC,TRX,39
M8119,E13,DSC,IMP,42
M8120,E13,LDS,TRX,29
M8121,E13,DSC,EXP,22
M8122,E13,DSC,TRI,34
M8123,E13,LDS,TRX,29
M8124,E13,DSC,IMP,39
M8125,E13,TSS,EXP,4
M8126,E13,DSC,EXP,4
M8127,E13,LDS,TRX,7
M8128,E13,TSM,TRX,3
M8129,E13,DSC,IMP,25
M8130,E13,RHL,TRX,3
M8131,E13,LDS,TRX,7
M8132,E13,LDS,EXP,35
M8133,E13,DSC,IMP,28
M8134,E13,RHL,EXP,6
M8135,E13,RHL,TRI,29
M8136,E13,DSC,TRI,8
M8137,E13,DSC,TRI,2
M8138,E13,DSC,EXP,14
M8139,E13,TSM,TRI,28
M8140,E13,LDS,EXP,28
M8141,E13,RHL,TRI,8
M8142,E13,LDS,TRX,34
M8143,E13,RHL,TRX,36
M8144,E13,LDS,IMP,16
M8145,E13,DSC,TRI,15
M8146,E13,TSS,IMP,15
M8147,E13,DSC,TRX,33
M8148,E13,DSC,EXP,34
M8149,E13,DSC,TRX,17
M8150,E13,DSC,TRI,35
M8151,E13,TSM,TRX,10
M8152,E13,LDS,TRI,31
M8153,E13,DSC,EXP,32
M8154,E13,DSC,TRI,13
M8155,E13,LDS,TRI,16
M8156,E13,LDS,IMP,6
M8157,E13,LDS,TRI,30
M8158,E13,DSC,TRX,9
M8159,E13,TSM,TRI,36
M8160,E13,RHL,IMP,37
M8161,E13,TSM,TRX,31
M8162,E13,LDS,TRX,4
M8163,E13,LDS,TRI,5
M8164,E13,TSS,TRI,37
M8165,E13,TSS,EXP,33
M8166,E13,TSS,TRX,16
M8167,E13,LDS,EXP,2
M8168,E13,LDS,TRX,24
M8169,E13,LDS,TRI,1
M8170,E13,LDS,TRI,3
M8171,E13,RHL,IMP,33
M8172,E13,TSM,EXP,26
M8173,E13,LDS,EXP,16
M8174,E13,TSS,EXP,31
M8175,E13,DSC,TRX,38
M8176,E13,TSM,EXP,20
M8177,E13,DSC,EXP,2
M8178,E13,TSS,IMP,14
M8179,E13,LDS,IMP,38
M8180,E13,DSC,TRI,32
M8181,E13,TSS,TRX,4
M8182,E13,TSS,IMP,6
M8183,E13,RHL,TRX,37
M8184,E13,DSC,EXP,30
M8185,E13,RHL,TRI,22
M8186,E13,DSC,TRI,29
M8187,E13,DSC,TRI,8
M8188,E13,DSC,TRI,6
M8189,E13,LDS,TRX,14
M8190,E13,DSC,TRX,28
M8191,E13,DSC,TRX,11
M8192,E13,TSM,TRI,28
M8193,E13,LDS,TRI,2
M8194,E13,DSC,TRI,33
M8195,E13,DSC,IMP,10
M8196,E13,DSC,TRX,4
M8197,E13,RHL,IMP,1
M8198,E13,LDS,IMP,4
M8199,E13,LDS,TRI,20
M8200,E13,TSM,TRI,6
M8201,E13,TSM,EXP,5
M8202,E13,RHL,TRI,17
M8203,E13,LDS,TRI,33
M8204,E13,LDS,EXP,19
M8205,E13,DSC,TRI,40
M8206,E13,DSC,TRX,32
M8207,E13,DSC,IMP,11
M8208,E13,DSC,IMP,34
M8209,E13,LDS,EXP,7
M8210,E13,DSC,TRI,37
M8211,E13,LDS,EXP,15
M8212,E13,LDS,TRI,25
M8213,E13,DSC,EXP,5
M8214,E13,RHL,EXP,7
M8215,E13,LDS,EXP,29
M8216,E13,DSC,TRI,15
M8217,E13,DSC,TRX,28
M8218,E13,LDS,IMP,5
M8219,E13,DSC,EXP,24
M8220,E13,TSM,EXP,21
M8221,E13,TSS,EXP,10
M8222,E13,LDS,IMP,5
M8223,E13,LDS,IMP,11
M8224,E13,LDS,EXP,20
M8225,E13,DSC,IMP,37
M8226,E13,LDS,TRI,2
M8227,E13,DSC,TRI,10
M8228,E13,LDS,EXP,42
M8229,E13,TSS,TRX,14
M8230,E13,LDS,EXP,12
M8231,E13,DSC,IMP,24
M8232,E13,LDS,TRX,23
M8233,E13,DSC,EXP,16
M8234,E13,RHL,EXP,27
M8235,E13,DSC,IMP,40
M8236,E13,LDS,TRI,27
M8237,E13,DSC,IMP,21
M8238,E13,DSC,TRX,6
M8239,E13,LDS,EXP,31
M8240,E13,DSC,TRI,8
M8241,E13,DSC,TRX,38
M8242,E13,LDS,TRI,18
M8243,E13,LDS,TRX,35
M8244,E13,LDS,TRI,16
M8245,E13,LDS,TRX,34
M8246,E13,DSC,TRI,37
M8247,E13,LDS,EXP,1
M8248,E13,DSC,TRI,33
M8249,E13,DSC,EXP,7
M8250,E13,TSS,TRI,9
M8251,E13,LDS,IMP,30
M8252,E13,LDS,EXP,12
M8253,E13,LDS,EXP,26
M8254,E13,LDS,TRI,3
M8255,E13,TSS,EXP,12
M8256,E13,DSC,IMP,18
M8257,E13,RHL,TRI,38
M8258,E13,DSC,IMP,27
M8259,E13,LDS,EXP,42
M8260,E13,DSC,TRI,3
M8261,E13,DSC,EXP,16
M8262,E13,LDS,EXP,1
M8263,E13,TSS,IMP,4
M8264,E13,DSC,TRX,23
M8265,E13,LDS,EXP,5
M8266,E13,LDS,EXP,12
M8267,E13,TSS,TRI,9
M8268,E13,LDS,TRX,25
M8269,E13,LDS,EXP,3
M8270,E13,DSC,TRI,23
M8271,E13,RHL,TRI,16
M8272,E13,TSS,IMP,37
M8273,E13,LDS,TRI,20
M8274,E13,DSC,TRX,18
M8275,E13,DSC,TRX,33
M8276,E13,LDS,IMP,11
M8277,E13,TSM,TRX,12
M8278,E13,TSS,TRX,18
M8279,E13,DSC,TRX,9
M8280,E13,TSM,TRX,22
M8281,E13,DSC,IMP,3
M8282,E13,RHL,TRI,37
M8283,E13,LDS,TRX,41
M8284,E13,TSS,EXP,42
M8285,E13,TSS,IMP,14
M8286,E13,TSS,EXP,3
M8287,E13,TSM,TRI,31
M8288,E13,LDS,TRX,18
M8289,E13,DSC,IMP,16
M8290,E13,DSC,IMP,30
M8291,E13,DSC,EXP,11
M8292,E13,TSM,TRI,28
M8293,E13,LDS,EXP,13
M8294,E13,LDS,TRX,14
M8295,E13,DSC,EXP,22
M8296,E13,LDS,TRI,37
M8297,E13,LDS,TRX,32
M8298,E13,DSC,IMP,16
M8299,E13,LDS,TRX,40
M8300,E13,DSC,IMP,17
M8301,E13,DSC,EXP,4
M8302,E13,LDS,TRX,33
M8303,E13,LDS,TRI,39
M8304,E13,LDS,TRI,29
M8305,E13,TSS,IMP,40
M8306,E13,LDS,TRI,29
M8307,E13,RHL,EXP,35
M8308,E13,LDS,IMP,16
M8309,E13,RHL,EXP,19
M8310,E13,DSC,EXP,34
M8311,E13,LDS,IMP,39
M8312,E13,DSC,EXP,12
M8313,E13,LDS,EXP,19
M8314,E13,DSC,EXP,9
M8315,E13,TSS,EXP,10
M8316,E13,TSS,TRX,34
M8317,E13,LDS,TRI,39
M8318,E13,DSC,IMP,16
M8319,E13,DSC,EXP,14
M8320,E13,TSM,EXP,19
M8321,E13,TSS,TRX,24
M8322,E13,LDS,IMP,22
M8323,E13,DSC,TRX,14
M8324,E13,LDS,EXP,8
M8325,E13,RHL,TRI,5
M8326,E13,LDS,EXP,25
M8327,E13,DSC,IMP,34
M8328,E13,DSC,TRX,42
M8329,E13,TSS,TRI,36
M8330,E13,DSC,TRX,1
M8331,E13,TSS,IMP,41
M8332,E13,TSS,TRX,41
M8333,E13,DSC,TRI,36
M8334,E13,TSM,EXP,40
M8335,E13,TSS,TRI,29
M8336,E13,LDS,IMP,33
M8337,E13,LDS,TRX,28
M8338,E13,LDS,TRI,3
M8339,E13,TSM,EXP,15
M8340,E13,DSC,TRX,19
M8341,E13,TSS,EXP,13
M8342,E13,LDS,EXP,36
M8343,E13,DSC,EXP,33
M8344,E13,DSC,TRX,7
M8345,E13,DSC,IMP,23
M8346,E13,DSC,TRX,24
M8347,E13,DSC,TRI,41
M8348,E13,LDS,IMP,10
M8349,E13,DSC,TRX,28
M8350,E13,DSC,IMP,25
M8351,E13,RHL,EXP,4
M8352,E13,DSC,TRX,31
M8353,E13,TSM,TRX,28
M8354,E13,RHL,TRI,7
M8355,E13,DSC,TRX,40
M8356,E13,LDS,EXP,9
M8357,E13,DSC,IMP,1
M8358,E13,DSC,TRI,37
M8359,E13,LDS,TRI,5
M8360,E13,RHL,IMP,4
M8361,E13,DSC,IMP,35
M8362,E13,LDS,TRX,9
M8363,E13,LDS,EXP,2
M8364,E13,LDS,EXP,19
M8365,E13,DSC,TRI,37
M8366,E13,DSC,TRX,10
M8367,E13,LDS,EXP,41
M8368,E13,DSC,TRX,6
M8369,E13,LDS,TRI,9
M8370,E13,TSM,IMP,37
M8371,E13,TSM,IMP,41
M8372,E13,TSS,IMP,17
M8373,E13,DSC,EXP,18
M8374,E13,TSS,EXP,20
M8375,E13,TSS,TRI,33
M8376,E13,DSC,TRI,37
M8377,E13,RHL,IMP,1
M8378,E13,TSM,TRX,17
M8379,E13,LDS,EXP,19
M8380,E13,DSC,TRX,11
M8381,E13,DSC,TRI,8
M8382,E13,LDS,IMP,26
M8383,E13,DSC,IMP,25
M8384,E13,LDS,TRI,27
M8385,E13,LDS,IMP,13
M8386,E13,DSC,TRX,15
M8387,E13,LDS,IMP,15
M8388,E13,DSC,IMP,21
M8389,E13,LDS,EXP,23
M8390,E13,LDS,TRI,19
M8391,E13,LDS,IMP,25
M8392,E13,DSC,TRX,32
M8393,E13,LDS,IMP,32
M8394,E13,LDS,TRX,20
M8395,E13,DSC,IMP,21
M8396,E13,DSC,EXP,4
M8397,E13,LDS,IMP,26
M8398,E13,LDS,TRX,37
M8399,E13,LDS,IMP,8
M8400,E13,DSC,TRX,30
M8401,E13,DSC,EXP,5
M8402,E13,LDS,TRX,39
M8403,E13,LDS,EXP,7
M8404,E13,LDS,TRX,24
M8405,E13,TSM,EXP,32
M8406,E13,LDS,IMP,12
M8407,E13,DSC,IMP,25
M8408,E13,RHL,TRI,13
M8409,E13,DSC,EXP,4
M8410,E13,TSM,IMP,33
M8411,E13,RHL,EXP,31
M8412,E13,TSM,TRI,29
M8413,E13,DSC,TRI,26
M8414,E13,DSC,TRI,42
M8415,E13,LDS,TRX,38
M8416,E13,DSC,EXP,35
M8417,E13,DSC,EXP,9
M8418,E13,TSM,TRI,26
M8419,E13,DSC,IMP,18
M8420,E13,LDS,IMP,23
M8421,E13,LDS,IMP,18
M8422,E13,LDS,IMP,28
M8423,E13,LDS,TRX,29
M8424,E13,DSC,EXP,18
M8425,E13,LDS,IMP,1
M8426,E13,LDS,IMP,25
M8427,E13,RHL,IMP,11
M8428,E13,DSC,TRX,26
M8429,E13,TSM,EXP,37
M8430,E13,LDS,TRX,39
M8431,E13,LDS,TRI,11
M8432,E13,LDS,IMP,9
M8433,E13,TSS,TRI,36
M8434,E13,DSC,TRI,2
M8435,E13,DSC,TRI,35
M8436,E13,LDS,EXP,18
M8437,E13,DSC,TRX,26
M8438,E13,DSC,TRI,31
M8439,E13,TSM,TRI,21
M8440,E13,LDS,IMP,41
M8441,E13,LDS,TRI,35
M8442,E13,TSS,TRI,1
M8443,E13,DSC,IMP,8
M8444,E13,TSS,TRX,17
M8445,E13,LDS,IMP,30
M8446,E13,TSM,EXP,33
M8447,E13,DSC,TRX,6
M8448,E13,DSC,EXP,33
M8449,E13,LDS,IMP,28
M8450,E13,DSC,IMP,5
M8451,E13,TSS,TRI,8
M8452,E13,DSC,IMP,1
M8453,E13,LDS,EXP,30
M8454,E13,DSC,TRI,14
M8455,E13,DSC,TRI,20
M8456,E13,LDS,IMP,16
M8457,E13,LDS,TRI,36
M8458,E13,DSC,TRX,36
M8459,E13,RHL,IMP,6
M8460,E13,LDS,IMP,28
M8461,E13,DSC,EXP,30
M8462,E13,DSC,IMP,24
M8463,E13,LDS,EXP,26
M8464,E13,LDS,EXP,6
M8465,E13,LDS,TRX,13
M8466,E13,LDS,TRI,12
M8467,E13,DSC,IMP,14
M8468,E13,DSC,TRI,27
M8469,E13,LDS,IMP,19
M8470,E13,TSM,EXP,6
M8471,E13,RHL,EXP,26
M8472,E13,TSS,EXP,27
M8473,E13,DSC,IMP,26
M8474,E13,TSM,TRX,30
M8475,E13,RHL,TRI,14
M8476,E13,TSS,TRX,40
M8477,E13,DSC,IMP,39
M8478,E13,DSC,IMP,11
M8479,E13,DSC,IMP,18
M8480,E13,LDS,IMP,23
M8481,E13,DSC,TRI,42
M8482,E13,TSS,IMP,22
M8483,E13,DSC,TRI,1
M8484,E13,LDS,TRI,40
M8485,E13,LDS,EXP,8
M8486,E13,DSC,IMP,40
M8487,E13,DSC,EXP,13
M8488,E13,LDS,TRX,37
M8489,E13,LDS,TRX,20
M8490,E13,DSC,EXP,10
M8491,E13,LDS,IMP,34
M8492,E13,DSC,TRI,22
M8493,E13,DSC,EXP,34
M8494,E13,TSS,TRX,35
M8495,E13,LDS,TRX,13
M8496,E13,TSM,EXP,18
M8497,E13,LDS,EXP,37
M8498,E13,DSC,TRX,22
M8499,E13,DSC,IMP,4
M8500,E13,LDS,TRI,9
M8501,E13,TSS,IMP,30
M8502,E13,DSC,IMP,15
M8503,E13,RHL,IMP,35
M8504,E13,DSC,TRI,7
M8505,E13,LDS,EXP,19
M8506,E13,LDS,EXP,9
M8507,E13,RHL,EXP,26
M8508,E13,DSC,IMP,30
M8509,E13,DSC,IMP,22
M8510,E13,DSC,TRI,24
M8511,E13,LDS,TRX,31
M8512,E13,LDS,IMP,9
M8513,E13,LDS,IMP,30
M8514,E13,LDS,IMP,5
M8515,E13,LDS,TRI,19
M8516,E13,TSS,TRX,24
M8517,E13,LDS,IMP,7
M8518,E13,LDS,TRI,29
M8519,E13,TSS,EXP,13
M8520,E13,DSC,IMP,7
M8521,E13,DSC,EXP,3
M8522,E13,DSC,IMP,21
M8523,E13,LDS,EXP,2
M8524,E13,TSM,TRX,18
M8525,E13,TSS,IMP,8
M8526,E13,TSM,IMP,41
M8527,E13,LDS,TRX,37
M8528,E13,RHL,IMP,6
M8529,E13,LDS,TRI,1
M8530,E13,LDS,TRX,17
M8531,E13,TSS,IMP,22
M8532,E13,DSC,EXP,27
M8533,E13,TSS,TRX,1
M8534,E13,RHL,TRX,4
M8535,E13,LDS,TRI,34
M8536,E13,LDS,IMP,37
M8537,E13,DSC,TRX,7
M8538,E13,RHL,TRX,15
M8539,E13,LDS,TRX,26
M8540,E13,LDS,EXP,9
M8541,E13,LDS,TRX,6
M8542,E13,LDS,TRI,34
M8543,E13,DSC,IMP,7
M8544,E13,DSC,EXP,30
M8545,E13,DSC,TRX,12
M8546,E13,RHL,IMP,16
M8547,E13,LDS,EXP,27
M8548,E13,DSC,TRI,10
M8549,E13,LDS,TRX,17
M8550,E13,DSC,TRX,26
M8551,E13,DSC,IMP,13
M8552,E13,LDS,EXP,38
M8553,E13,TSS,TRI,7
M8554,E13,LDS,EXP,12
M8555,E13,DSC,TRX,42
M8556,E13,DSC,IMP,22
M8557,E13,DSC,TRX,4
M8558,E13,LDS,TRI,33
M8559,E13,DSC,EXP,24
M8560,E13,DSC,TRX,6
M8561,E13,DSC,EXP,11
M8562,E13,TSM,EXP,9
M8563,E13,TSS,IMP,36
M8564,E13,RHL,IMP,31
M8565,E13,LDS,EXP,33
M8566,E13,DSC,TRI,25
M8567,E13,LDS,IMP,10
M8568,E13,DSC,IMP,23
M8569,E13,LDS,IMP,9
M8570,E13,LDS,IMP,19
M8571,E13,RHL,IMP,6
M8572,E13,DSC,TRI,20
M8573,E13,TSM,EXP,21
M8574,E13,DSC,IMP,12
M8575,E13,TSS,EXP,12
M8576,E13,LDS,TRI,21
M8577,E13,LDS,TRI,41
M8578,E13,DSC,EXP,32
M8579,E13,LDS,IMP,16
M8580,E13,DSC,IMP,15
M8581,E13,TSS,IMP,1
M8582,E13,LDS,TRI,26
M8583,E13,DSC,EXP,18
M8584,E13,DSC,TRX,13
M8585,E13,LDS,TRI,38
M8586,E13,DSC,IMP,40
M8587,E13,RHL,TRX,39
M8588,E13,DSC,TRI,3
M8589,E13,TSM,TRI,41
M8590,E13,TSS,TRX,4
M8591,E13,LDS,EXP,35
M8592,E13,TSM,EXP,12
M8593,E13,TSM,TRX,38
M8594,E13,DSC,TRI,39
M8595,E13,TSM,IMP,34
M8596,E13,RHL,EXP,36
M8597,E13,TSM,TRI,8
M8598,E13,RHL,TRI,8
M8599,E13,LDS,TRI,33
M8600,E13,TSS,TRX,25
M8601,E13,LDS,TRX,18
M8602,E13,DSC,IMP,8
M8603,E13,DSC,EXP,28
M8604,E13,LDS,IMP,29
M8605,E13,TSM,TRX,28
M8606,E13,DSC,TRX,24
M8607,E13,TSS,IMP,15
M8608,E13,DSC,TRI,13
M8609,E13,DSC,EXP,31
M8610,E13,DSC,TRX,12
M8611,E13,LDS,EXP,38
M8612,E13,DSC,IMP,17
M8613,E13,DSC,EXP,26
M8614,E13,TSM,TRX,38
M8615,E13,DSC,EXP,3
M8616,E13,LDS,TRX,10
M8617,E13,DSC,TRI,27
M8618,E13,RHL,EXP,8
M8619,E13,LDS,TRX,18
M8620,E13,TSS,EXP,27
M8621,E13,DSC,TRX,27
M8622,E13,LDS,EXP,5
M8623,E13,TSS,TRX,2
M8624,E13,LDS,TRX,17
M8625,E13,DSC,IMP,33
M8626,E13,TSS,TRI,3
M8627,E13,TSS,TRI,33
M8628,E13,DSC,IMP,13
M8629,E13,LDS,TRI,32
M8630,E13,LDS,IMP,38
M8631,E13,DSC,EXP,4
M8632,E13,LDS,TRX,24
M8633,E13,LDS,IMP,3
M8634,E13,LDS,TRX,30
M8635,E13,RHL,TRX,24
M8636,E13,RHL,TRI,18
M8637,E13,LDS,IMP,25
M8638,E13,DSC,TRI,20
M8639,E13,DSC,TRX,36
M8640,E13,LDS,TRX,36
M8641,E13,RHL,EXP,14
M8642,E13,LDS,TRI,2
M8643,E13,DSC,EXP,40
M8644,E13,LDS,IMP,15
M8645,E13,LDS,TRI,29
M8646,E13,RHL,IMP,31
M8647,E13,TSM,EXP,34
M8648,E13,LDS,TRI,16
M8649,E13,TSS,EXP,19
M8650,E13,LDS,IMP,33
M8651,E13,LDS,IMP,37
M8652,E13,LDS,IMP,30
M8653,E13,DSC,TRX,25
M8654,E13,LDS,TRX,15
M8655,E13,LDS,IMP,7
M8656,E13,DSC,TRX,21
M8657,E13,LDS,EXP,1
M8658,E13,LDS,TRI,23
M8659,E13,LDS,TRI,37
M8660,E13,DSC,TRI,38
M8661,E13,DSC,TRI,4
M8662,E13,DSC,TRX,33
M8663,E13,LDS,EXP,7
M8664,E13,DSC,TRI,40
M8665,E13,LDS,EXP,15
M8666,E13,LDS,IMP,28
M8667,E13,TSM,IMP,9
M8668,E13,DSC,TRI,5
M8669,E13,DSC,IMP,23
M8670,E13,LDS,IMP,9
M8671,E13,TSS,TRI,1
M8672,E13,DSC,TRX,32
M8673,E13,LDS,TRI,34
M8674,E13,DSC,IMP,25
M8675,E13,DSC,TRX,40
M8676,E13,DSC,TRI,22
M8677,E13,DSC,TRI,38
M8678,E13,LDS,EXP,2
M8679,E13,RHL,EXP,38
M8680,E13,RHL,EXP,31
M8681,E13,RHL,TRX,15
M8682,E13,LDS,IMP,5
M8683,E13,LDS,TRX,4
M8684,E13,LDS,IMP,35
M8685,E13,DSC,TRX,31
M8686,E13,LDS,EXP,19
M8687,E13,DSC,EXP,1
M8688,E13,DSC,IMP,25
M8689,E13,LDS,IMP,27
M8690,E13,LDS,IMP,5
M8691,E13,DSC,TRI,39
M8692,E13,LDS,TRI,30
M8693,E13,DSC,TRI,33
M8694,E13,TSS,TRX,29
M8695,E13,DSC,TRI,38
M8696,E13,DSC,EXP,29
M8697,E13,LDS,EXP,11
M8698,E13,LDS,TRX,1
M8699,E13,LDS,IMP,11
M8700,E13,DSC,EXP,32
M8701,E13,LDS,TRI,38
M8702,E13,LDS,TRX,9
M8703,E13,DSC,IMP,30
M8704,E13,LDS,IMP,16
M8705,E13,LDS,TRI,8
M8706,E13,DSC,TRI,18
M8707,E13,RHL,EXP,26
M8708,E14,DSC,TRX,1
M8709,E14,LDS,TRI,36
M8710,E14,RHL,TRI,34
M8711,E14,LDS,IMP,26
M8712,E14,DSC,TRI,28
M8713,E14,DSC,TRX,7
M8714,E14,DSC,TRI,1
M8715,E14,DSC,TRI,20
M8716,E14,DSC,TRX,10
M8717,E14,TSM,TRX,7
M8718,E14,DSC,TRI,19
M8719,E14,LDS,IMP,6
M8720,E14,RHL,TRI,3
M8721,E14,LDS,TRX,40
M8722,E14,RHL,TRI,20
M8723,E14,TSM,EXP,11
M8724,E14,RHL,TRI,33
M8725,E14,DSC,TRX,19
M8726,E14,DSC,EXP,19
M8727,E14,LDS,IMP,3
M8728,E14,TSS,TRI,20
M8729,E14,RHL,EXP,16
M8730,E14,LDS,EXP,23
M8731,E14,DSC,EXP,32
M8732,E14,DSC,EXP,41
M8733,E14,DSC,TRI,20
M8734,E14,TSM,EXP,31
M8735,E14,TSM,IMP,39
M8736,E14,RHL,TRX,8
M8737,E14,TSS,EXP,16
M8738,E14,DSC,IMP,5
M8739,E14,LDS,TRI,10
M8740,E14,DSC,TRX,39
M8741,E14,LDS,TRI,33
M8742,E14,LDS,TRI,31
M8743,E14,RHL,TRI,36
M8744,E14,LDS,TRX,38
M8745,E14,DSC,IMP,31
M8746,E14,TSM,EXP,31
M8747,E14,DSC,IMP,37
M8748,E14,DSC,TRX,14
M8749,E14,TSM,EXP,40
M8750,E14,DSC,TRI,15
M8751,E14,DSC,TRI,41
M8752,E14,LDS,IMP,30
M8753,E14,LDS,EXP,17
M8754,E14,RHL,TRI,5
M8755,E14,RHL,IMP,40
M8756,E14,DSC,TRX,12
M8757,E14,LDS,EXP,28
M8758,E14,LDS,EXP,20
M8759,E14,TSS,TRX,24
M8760,E14,LDS,EXP,14
M8761,E14,TSM,IMP,7
M8762,E14,DSC,TRI,39
M8763,E14,LDS,TRI,26
M8764,E14,DSC,IMP,37
M8765,E14,DSC,EXP,7
M8766,E14,DSC,EXP,28
M8767,E14,LDS,TRX,13
M8768,E14,LDS,TRI,41
M8769,E14,DSC,TRI,26
M8770,E14,TSM,EXP,7
M8771,E14,TSS,IMP,21
M8772,E14,TSS,TRX,3
M8773,E14,DSC,TRI,24
M8774,E14,TSM,IMP,2
M8775,E14,LDS,TRI,16
M8776,E14,DSC,IMP,41
M8777,E14,TSS,TRI,11
M8778,E14,LDS,IMP,22
M8779,E14,DSC,TRX,2
M8780,E14,DSC,IMP,23
M8781,E14,LDS,TRI,14
M8782,E14,LDS,EXP,23
M8783,E14,TSM,IMP,40
M8784,E14,LDS,TRI,26
M8785,E14,DSC,TRI,24
M8786,E14,LDS,TRI,3
M8787,E14,TSS,TRI,14
M8788,E14,DSC,TRX,20
M8789,E14,TSM,TRI,12
M8790,E14,DSC,EXP,23
M8791,E14,DSC,TRX,32
M8792,E14,DSC,EXP,14
M8793,E14,LDS,TRI,6
M8794,E14,DSC,IMP,16
M8795,E14,TSS,IMP,4
M8796,E14,LDS,IMP,19
M8797,E14,TSM,EXP,37
M8798,E14,DSC,IMP,39
M8799,E14,TSM,EXP,30
M8800,E14,TSS,IMP,23
M8801,E14,TSM,TRI,37
M8802,E14,DSC,TRI,2
M8803,E14,LDS,TRI,42
M8804,E14,TSM,TRI,40
M8805,E14,DSC,TRI,8
M8806,E14,LDS,TRX,19
M8807,E14,DSC,EXP,26
M8808,E14,LDS,TRI,22
M8809,E14,LDS,TRI,26
M8810,E14,LDS,TRX,32
M8811,E14,LDS,IMP,4
M8812,E14,LDS,EXP,42
M8813,E14,LDS,EXP,20
M8814,E14,RHL,TRI,29
M8815,E14,LDS,EXP,14
M8816,E14,TSS,IMP,25
M8817,E14,TSM,EXP,8
M8818,E14,DSC,TRI,11
M8819,E14,TSM,TRI,35
M8820,E14,DSC,TRI,32
M8821,E14,RHL,IMP,12
M8822,E14,DSC,IMP,41
M8823,E14,DSC,TRI,28
M8824,E14,RHL,TRI,14
M8825,E14,RHL,TRX,6
M8826,E14,DSC,TRX,37
M8827,E14,DSC,EXP,30
M8828,E14,TSS,EXP,37
M8829,E14,DSC,IMP,2
M8830,E14,LDS,IMP,38
M8831,E14,LDS,TRX,11
M8832,E14,DSC,EXP,17
M8833,E14,DSC,EXP,28
M8834,E14,DSC,EXP,41
M8835,E14,LDS,EXP,15
M8836,E14,DSC,TRX,1
M8837,E14,DSC,TRX,42
M8838,E14,TSM,IMP,22
M8839,E14,DSC,TRX,37
M8840,E14,LDS,TRI,33
M8841,E14,DSC,EXP,31
M8842,E14,DSC,TRX,20
M8843,E14,DSC,EXP,23
M8844,E14,DSC,TRI,22
M8845,E14,DSC,IMP,26
M8846,E14,LDS,TRX,13
M8847,E14,RHL,EXP,13
M8848,E14,LDS,IMP,10
M8849,E14,LDS,TRX,10
M8850,E14,LDS,IMP,36
M8851,E14,TSM,TRI,31
M8852,E14,DSC,EXP,40
M8853,E14,LDS,TRX,30
M8854,E14,DSC,TRI,10
M8855,E14,LDS,TRI,24
M8856,E14,TSS,EXP,6
M8857,E14,DSC,IMP,5
M8858,E14,DSC,EXP,40
M8859,E14,TSS,EXP,34
M8860,E14,TSS,IMP,16
M8861,E14,LDS,TRX,24
M8862,E14,LDS,TRI,40
M8863,E14,TSS,TRI,18
M8864,E14,LDS,TRI,28
M8865,E14,TSM,IMP,36
M8866,E14,DSC,TRX,6
M8867,E14,TSM,TRX,11
M8868,E14,DSC,EXP,32
M8869,E14,TSS,EXP,26
M8870,E14,LDS,IMP,27
M8871,E14,TSS,TRX,21
M8872,E14,TSS,TRI,17
M8873,E14,TSS,TRI,18
M8874,E14,DSC,IMP,9
M8875,E14,TSS,TRX,26
M8876,E14,RHL,EXP,27
M8877,E14,LDS,IMP,35
M8878,E14,LDS,TRI,42
M8879,E14,TSS,EXP,22
M8880,E14,DSC,TRX,13
M8881,E14,TSS,EXP,4
M8882,E14,DSC,IMP,5
M8883,E14,DSC,TRX,15
M8884,E14,LDS,TRI,21
M8885,E14,LDS,EXP,28
M8886,E14,LDS,TRI,12
M8887,E14,TSS,EXP,21
M8888,E14,DSC,IMP,31
M8889,E14,LDS,IMP,1
M8890,E14,DSC,TRX,4
M8891,E14,RHL,TRX,38
M8892,E14,TSS,TRX,30
M8893,E14,DSC,TRI,40
M8894,E14,DSC,TRX,1
M8895,E14,TSS,IMP,13
M8896,E14,DSC,IMP,8
M8897,E14,DSC,EXP,27
M8898,E14,RHL,EXP,5
M8899,E14,DSC,TRX,41
M8900,E14,DSC,EXP,25
M8901,E14,RHL,TRX,32
M8902,E14,DSC,TRI,2
M8903,E14,LDS,TRX,41
M8904,E14,LDS,TRI,16
M8905,E14,DSC,EXP,20
M8906,E14,TSS,EXP,9
M8907,E14,LDS,TRI,35
M8908,E14,LDS,IMP,5
M8909,E14,DSC,TRI,7
M8910,E14,DSC,IMP,19
M8911,E14,DSC,TRI,3
M8912,E14,DSC,TRX,6
M8913,E14,LDS,IMP,26
M8914,E14,DSC,TRI,19
M8915,E14,TSS,TRX,24
M8916,E14,TSS,IMP,26
M8917,E14,LDS,TRI,27
M8918,E14,LDS,TRI,16
M8919,E14,LDS,TRI,29
M8920,E14,LDS,EXP,12
M8921,E14,DSC,IMP,13
M8922,E14,DSC,TRI,35
M8923,E14,LDS,TRX,40
M8924,E14,RHL,EXP,18
M8925,E14,DSC,EXP,22
M8926,E14,LDS,TRX,36
M8927,E14,DSC,TRX,35
M8928,E14,LDS,TRX,14
M8929,E14,RHL,IMP,35
M8930,E14,LDS,TRI,18
M8931,E14,LDS,TRI,42
M8932,E14,DSC,TRI,25
M8933,E14,DSC,TRX,24
M8934,E14,DSC,TRI,8
M8935,E14,DSC,TRX,7
M8936,E14,TSM,TRX,25
M8937,E14,DSC,EXP,34
M8938,E14,TSS,EXP,41
M8939,E14,LDS,EXP,16
M8940,E14,LDS,IMP,28
M8941,E14,DSC,EXP,34
M8942,E14,DSC,TRX,25
M8943,E14,DSC,EXP,24
M8944,E14,TSM,TRX,19
M8945,E14,LDS,TRI,42
M8946,E14,DSC,EXP,40
M8947,E14,DSC,IMP,4
M8948,E14,TSS,EXP,8
M8949,E14,LDS,IMP,18
M8950,E14,TSS,TRI,2
M8951,E14,TSM,IMP,33
M8952,E14,TSS,TRI,39
M8953,E14,DSC,IMP,36
M8954,E14,DSC,TRX,25
M8955,E14,TSM,TRI,35
M8956,E14,LDS,EXP,13
M8957,E14,DSC,TRX,40
M8958,E14,DSC,TRX,29
M8959,E14,LDS,IMP,27
M8960,E14,RHL,EXP,28
M8961,E14,LDS,TRI,13
M8962,E14,TSM,IMP,7
M8963,E14,LDS,IMP,41
M8964,E14,DSC,EXP,6
M8965,E14,RHL,EXP,33
M8966,E14,DSC,IMP,8
M8967,E14,LDS,IMP,42
M8968,E14,LDS,EXP,27
M8969,E14,LDS,TRX,1
M8970,E14,LDS,EXP,32
M8971,E14,TSM,IMP,14
M8972,E14,DSC,IMP,38
M8973,E14,DSC,EXP,11
M8974,E14,DSC,IMP,31
M8975,E14,DSC,TRI,40
M8976,E14,LDS,TRI,21
M8977,E14,LDS,EXP,34
M8978,E14,DSC,EXP,4
M8979,E14,DSC,IMP,34
M8980,E14,RHL,EXP,38
M8981,E14,TSS,TRI,9
M8982,E14,LDS,TRI,41
M8983,E14,LDS,IMP,23
M8984,E14,TSS,EXP,2
M8985,E14,DSC,TRX,39
M8986,E14,LDS,IMP,4
M8987,E14,TSM,TRI,25
M8988,E14,RHL,EXP,24
M8989,E14,LDS,TRX,13
M8990,E14,LDS,IMP,15
M8991,E14,TSM,EXP,2
M8992,E14,DSC,IMP,39
M8993,E14,LDS,TRI,2
M8994,E14,TSS,IMP,5
M8995,E14,DSC,TRX,27
M8996,E14,TSS,TRI,17
M8997,E14,LDS,TRX,29
M8998,E14,DSC,EXP,1
M8999,E14,LDS,IMP,5
M9000,E14,DSC,IMP,17
M9001,E14,DSC,TRX,7
M9002,E14,LDS,EXP,16
M9003,E14,TSS,TRX,10
M9004,E14,LDS,TRX,7
M9005,E14,LDS,TRX,13
M9006,E14,LDS,IMP,23
M9007,E14,LDS,TRI,34
M9008,E14,TSM,TRI,10
M9009,E14,LDS,EXP,29
M9010,E14,DSC,TRI,9
M9011,E14,DSC,EXP,30
M9012,E14,DSC,EXP,2
M9013,E14,TSM,TRX,32
M9014,E14,LDS,TRI,27
M9015,E14,LDS,EXP,22
M9016,E14,DSC,IMP,15
M9017,E14,DSC,IMP,8
M9018,E14,DSC,TRI,34
M9019,E14,LDS,TRI,30
M9020,E14,LDS,TRX,38
M9021,E14,TSM,TRI,10
M9022,E14,DSC,EXP,22
M9023,E14,DSC,IMP,28
M9024,E14,TSS,TRI,40
M9025,E14,TSM,TRI,20
M9026,E14,LDS,TRX,13
M9027,E14,TSS,TRX,29
M9028,E14,DSC,EXP,27
M9029,E14,DSC,TRI,25
M9030,E14,RHL,TRI,14
M9031,E14,DSC,IMP,37
M9032,E14,LDS,EXP,28
M9033,E14,LDS,IMP,37
M9034,E14,RHL,TRI,22
M9035,E14,TSM,IMP,34
M9036,E14,LDS,TRI,1
M9037,E14,TSM,IMP,4
M9038,E14,LDS,IMP,8
M9039,E14,RHL,EXP,36
M9040,E14,LDS,IMP,6
M9041,E14,LDS,TRI,7
M9042,E14,DSC,TRI,31
M9043,E14,LDS,TRI,20
M9044,E14,TSS,IMP,28
M9045,E14,RHL,EXP,8
M9046,E14,DSC,TRX,19
M9047,E14,LDS,EXP,36
M9048,E14,LDS,TRX,23
M9049,E14,DSC,IMP,17
M9050,E14,DSC,EXP,8
M9051,E14,DSC,EXP,38
M9052,E14,LDS,IMP,30
M9053,E14,LDS,TRX,38
M9054,E14,LDS,EXP,39
M9055,E14,LDS,EXP,9
M9056,E14,LDS,TRX,12
M9057,E14,DSC,IMP,11
M9058,E14,TSS,TRI,8
M9059,E14,RHL,TRI,32
M9060,E14,TSS,TRX,10
M9061,E14,TSS,TRI,34
M9062,E14,LDS,IMP,36
M9063,E14,DSC,TRI,40
M9064,E14,LDS,TRX,6
M9065,E14,RHL,EXP,21
M9066,E14,LDS,TRX,15
M9067,E14,LDS,IMP,42
M9068,E14,LDS,IMP,36
M9069,E14,LDS,TRI,30
M9070,E14,TSM,IMP,3
M9071,E14,DSC,IMP,13
M9072,E14,DSC,EXP,23
M9073,E14,LDS,EXP,18
M9074,E14,TSM,IMP,34
M9075,E14,LDS,EXP,21
M9076,E14,DSC,TRX,40
M9077,E14,TSM,TRI,14
M9078,E14,TSM,TRX,4
M9079,E14,DSC,TRX,22
M9080,E14,DSC,TRI,22
M9081,E14,LDS,IMP,15
M9082,E14,TSM,IMP,2
M9083,E14,TSS,TRX,33
M9084,E14,TSS,EXP,18
M9085,E14,DSC,TRX,37
M9086,E14,LDS,EXP,14
M9087,E14,TSS,EXP,24
M9088,E14,DSC,TRI,7
M9089,E14,TSM,TRX,3
M9090,E14,LDS,TRI,26
M9091,E14,TSM,IMP,16
M9092,E14,DSC,TRI,4
M9093,E14,LDS,EXP,23
M9094,E14,TSM,TRI,20
M9095,E14,LDS,EXP,14
M9096,E14,DSC,TRX,33
M9097,E14,RHL,EXP,32
M9098,E14,LDS,EXP,25
M9099,E14,TSS,TRI,3
M9100,E14,LDS,IMP,29
M9101,E14,DSC,EXP,24
M9102,E14,DSC,IMP,20
M9103,E14,LDS,EXP,30
M9104,E14,LDS,TRX,35
M9105,E14,DSC,EXP,42
M9106,E14,DSC,IMP,29
M9107,E14,RHL,TRX,29
M9108,E14,DSC,IMP,18
M9109,E14,DSC,EXP,17
M9110,E14,LDS,IMP,20
M9111,E14,LDS,TRI,30
M9112,E14,DSC,IMP,20
M9113,E14,TSS,TRX,30
M9114,E14,TSS,TRI,36
M9115,E14,DSC,TRI,39
M9116,E14,DSC,IMP,1
M9117,E14,TSS,TRI,18
M9118,E14,TSS,TRX,40
M9119,E14,DSC,TRX,35
M9120,E14,LDS,IMP,38
M9121,E14,LDS,TRI,18
M9122,E14,TSS,TRX,37
M9123,E14,LDS,TRX,32
M9124,E14,LDS,IMP,39
M9125,E14,DSC,EXP,40
M9126,E14,TSS,IMP,15
M9127,E14,LDS,EXP,14
M9128,E14,TSS,TRX,6
M9129,E14,TSM,TRX,26
M9130,E14,TSS,TRI,35
M9131,E14,DSC,TRX,10
M9132,E14,LDS,TRX,2
M9133,E14,DSC,TRX,20
M9134,E14,DSC,TRX,5
M9135,E14,LDS,TRX,14
M9136,E14,DSC,IMP,36
M9137,E14,LDS,IMP,9
M9138,E14,DSC,TRX,32
M9139,E14,DSC,IMP,24
M9140,E14,DSC,TRI,28
M9141,E14,DSC,TRX,38
M9142,E14,DSC,TRI,26
M9143,E14,DSC,IMP,10
M9144,E14,DSC,TRX,22
M9145,E14,LDS,IMP,3
M9146,E14,LDS,EXP,20
M9147,E14,LDS,EXP,19
M9148,E14,LDS,TRX,38
M9149,E14,DSC,IMP,35
M9150,E14,LDS,TRI,11
M9151,E14,DSC,TRX,12
M9152,E14,LDS,TRX,13
M9153,E14,DSC,IMP,22
M9154,E14,TSM,TRX,17
M9155,E14,LDS,TRX,10
M9156,E14,TSM,TRX,8
M9157,E14,LDS,IMP,7
M9158,E14,LDS,EXP,17
M9159,E14,RHL,IMP,7
M9160,E14,LDS,EXP,28
M9161,E14,LDS,IMP,4
M9162,E14,LDS,IMP,13
M9163,E14,LDS,TRX,10
M9164,E14,LDS,IMP,16
M9165,E14,TSS,IMP,28
M9166,E14,DSC,EXP,1
M9167,E14,DSC,TRX,10
M9168,E14,DSC,EXP,36
M9169,E14,DSC,TRX,8
M9170,E14,DSC,IMP,33
M9171,E14,DSC,IMP,12
M9172,E14,LDS,EXP,14
M9173,E14,LDS,IMP,19
M9174,E14,LDS,TRX,32
M9175,E14,DSC,TRX,19
M9176,E14,TSM,EXP,5
M9177,E14,DSC,TRX,26
M9178,E14,DSC,TRI,25
M9179,E14,TSS,TRX,2
M9180,E14,DSC,EXP,20
M9181,E14,RHL,TRI,13
M9182,E14,LDS,TRI,30
M9183,E14,LDS,EXP,34
M9184,E14,LDS,EXP,34
M9185,E14,LDS,TRI,36
M9186,E14,RHL,EXP,40
M9187,E14,TSS,IMP,4
M9188,E14,LDS,IMP,10
M9189,E14,DSC,TRI,14
M9190,E14,DSC,IMP,2
M9191,E14,DSC,EXP,41
M9192,E14,DSC,IMP,11
M9193,E14,LDS,TRI,18
M9194,E14,LDS,TRX,1
M9195,E14,DSC,TRI,9
M9196,E14,TSM,IMP,3
M9197,E14,LDS,EXP,16
M9198,E14,LDS,TRX,14
M9199,E14,LDS,TRI,12
M9200,E14,LDS,EXP,15
M9201,E14,DSC,IMP,12
M9202,E14,LDS,TRX,38
M9203,E14,DSC,EXP,32
M9204,E14,DSC,TRI,29
M9205,E14,TSS,EXP,25
M9206,E14,TSS,EXP,21
M9207,E14,LDS,EXP,14
M9208,E14,RHL,TRX,23
M9209,E14,LDS,EXP,19
M9210,E14,LDS,TRX,22
M9211,E14,DSC,EXP,35
M9212,E14,DSC,TRX,20
M9213,E14,RHL,EXP,42
M9214,E14,DSC,EXP,39
M9215,E14,LDS,EXP,2
M9216,E14,LDS,TRX,34
M9217,E14,DSC,EXP,32
M9218,E14,DSC,EXP,34
M9219,E14,LDS,EXP,30
M9220,E14,LDS,TRI,36
M9221,E14,LDS,IMP,36
M9222,E14,DSC,IMP,33
M9223,E14,LDS,TRI,5
M9224,E14,RHL,TRI,15
M9225,E14,TSS,EXP,25
M9226,E14,DSC,TRI,14
M9227,E14,LDS,EXP,15
M9228,E14,DSC,IMP,30
M9229,E14,LDS,TRI,38
M9230,E14,DSC,EXP,24
M9231,E14,DSC,IMP,17
M9232,E14,LDS,EXP,22
M9233,E14,LDS,TRX,42
M9234,E14,LDS,IMP,38
M9235,E14,RHL,TRI,33
M9236,E14,LDS,EXP,42
M9237,E14,DSC,TRX,37
M9238,E14,DSC,TRI,22
M9239,E14,DSC,TRI,5
M9240,E14,LDS,EXP,37
M9241,E14,LDS,EXP,4
M9242,E14,LDS,TRI,21
M9243,E14,LDS,TRI,19
M9244,E14,DSC,TRI,33
M9245,E14,TSM,IMP,29
M9246,E14,DSC,TRI,21
M9247,E14,LDS,TRI,27
M9248,E14,DSC,IMP,26
M9249,E14,DSC,TRX,25
M9250,E14,LDS,TRX,17
M9251,E14,LDS,TRX,29
M9252,E14,TSM,IMP,2
M9253,E14,RHL,TRI,29
M9254,E14,LDS,TRX,17
M9255,E14,LDS,TRX,16
M9256,E14,LDS,EXP,19
M9257,E14,LDS,TRI,26
M9258,E14,LDS,IMP,19
M9259,E14,DSC,IMP,36
M9260,E14,LDS,TRI,42
M9261,E14,DSC,IMP,27
M9262,E14,DSC,TRX,4
M9263,E14,DSC,TRI,1
M9264,E14,DSC,TRI,18
M9265,E14,LDS,TRX,8
M9266,E14,DSC,TRI,8
M9267,E14,LDS,TRI,2
M9268,E14,LDS,IMP,12
M9269,E14,LDS,TRX,38
M9270,E14,DSC,EXP,40
M9271,E14,TSS,EXP,25
M9272,E14,LDS,TRI,30
M9273,E14,TSM,TRI,17
M9274,E14,DSC,TRI,6
M9275,E14,LDS,TRI,23
M9276,E14,LDS,TRI,10
M9277,E14,LDS,IMP,14
M9278,E14,LDS,TRI,14
M9279,E14,TSM,IMP,3
M9280,E14,LDS,TRI,16
M9281,E14,LDS,IMP,16
M9282,E14,LDS,EXP,26
M9283,E14,DSC,TRX,13
M9284,E14,TSM,TRX,41
M9285,E14,DSC,TRI,23
M9286,E14,LDS,EXP,21
M9287,E14,DSC,EXP,29
M9288,E14,LDS,TRX,36
M9289,E14,TSM,TRX,28
M9290,E14,LDS,TRI,15
M9291,E14,DSC,EXP,31
M9292,E14,RHL,TRX,1
M9293,E14,DSC,TRX,6
M9294,E14,LDS,IMP,6
M9295,E14,LDS,TRI,14
M9296,E14,LDS,EXP,40
M9297,E14,LDS,TRI,19
M9298,E14,DSC,IMP,35
M9299,E14,LDS,EXP,9
M9300,E14,RHL,TRI,9
M9301,E14,DSC,IMP,28
M9302,E14,LDS,IMP,36
M9303,E14,LDS,IMP,18
M9304,E14,DSC,IMP,13
M9305,E14,TSS,TRX,13
M9306,E14,TSS,EXP,17
M9307,E14,LDS,TRX,8
M9308,E14,LDS,TRX,30
M9309,E14,LDS,TRI,22
M9310,E14,LDS,IMP,32
M9311,E14,TSS,EXP,31
M9312,E14,DSC,IMP,17
M9313,E14,LDS,TRX,17
M9314,E14,DSC,EXP,10
M9315,E14,LDS,IMP,4
M9316,E14,LDS,EXP,7
M9317,E14,LDS,EXP,19
M9318,E14,DSC,TRI,20
M9319,E14,LDS,IMP,35
M9320,E14,TSM,TRI,31
M9321,E14,TSS,TRI,9
M9322,E14,TSM,IMP,21
M9323,E14,RHL,EXP,35
M9324,E14,DSC,TRI,21
M9325,E14,DSC,TRI,15
M9326,E14,TSM,IMP,19
M9327,E14,LDS,EXP,32
M9328,E14,DSC,EXP,21
M9329,E14,DSC,IMP,19
M9330,E14,LDS,IMP,28
M9331,E14,DSC,EXP,10
M9332,E14,LDS,TRI,22
M9333,E14,DSC,TRX,40
M9334,E14,TSS,TRI,29
M9335,E14,LDS,TRI,8
M9336,E14,DSC,TRI,26
M9337,E14,LDS,TRX,9
M9338,E14,DSC,IMP,12
M9339,E14,DSC,EXP,15
M9340,E14,LDS,TRX,11
M9341,E14,TSM,EXP,9
M9342,E14,DSC,TRX,5
M9343,E14,DSC,TRI,5
M9344,E14,TSS,TRX,6
M9345,E14,LDS,TRI,20
M9346,E14,LDS,EXP,22
M9347,E14,LDS,EXP,29
M9348,E14,LDS,IMP,16
M9349,E14,DSC,TRI,35
M9350,E14,LDS,TRX,11
M9351,E14,LDS,TRX,11
M9352,E14,DSC,TRX,9
M9353,E14,DSC,TRX,13
M9354,E14,LDS,EXP,31
M9355,E14,LDS,TRI,13
M9356,E14,LDS,TRI,16
M9357,E14,DSC,EXP,7
M9358,E14,LDS,EXP,9
M9359,E14,TSM,IMP,42
M9360,E14,DSC,IMP,41
M9361,E14,DSC,TRI,18
M9362,E14,LDS,TRX,9
M9363,E14,DSC,TRI,8
M9364,E14,RHL,TRX,41
M9365,E14,TSM,IMP,3
M9366,E14,LDS,TRI,31
M9367,E14,TSM,TRI,1
M9368,E14,LDS,EXP,35
M9369,E14,TSM,TRX,22
M9370,E14,LDS,EXP,10
M9371,E14,LDS,IMP,21
M9372,E14,DSC,EXP,11
M9373,E14,LDS,TRX,38
M9374,E14,LDS,EXP,20
M9375,E14,LDS,TRX,16
M9376,E14,LDS,TRI,23
M9377,E14,DSC,TRX,33
M9378,E14,RHL,EXP,6
M9379,E14,DSC,TRI,40
M9380,E14,LDS,TRI,27
M9381,E14,TSM,TRX,21
M9382,E14,DSC,TRX,32
M9383,E14,DSC,TRI,38
M9384,E14,TSM,TRX,32
M9385,E14,DSC,IMP,23
M9386,E14,DSC,TRX,8
M9387,E14,LDS,IMP,38
M9388,E14,DSC,EXP,24
M9389,E14,DSC,EXP,13
M9390,E14,DSC,IMP,30
M9391,E14,DSC,TRX,19
M9392,E14,LDS,TRI,26
M9393,E14,DSC,EXP,35
M9394,E14,LDS,EXP,9
M9395,E14,DSC,IMP,32
M9396,E14,LDS,EXP,9
M9397,E14,TSM,EXP,23
M9398,E14,LDS,EXP,29
M9399,E14,DSC,IMP,12
M9400,E14,LDS,TRX,16
M9401,E14,LDS,TRI,22
M9402,E14,DSC,IMP,33
M9403,E14,TSS,TRI,24
M9404,E14,DSC,IMP,21
M9405,E14,TSS,TRI,26
M9406,E14,DSC,TRX,37
M9407,E14,DSC,EXP,27
M9408,E14,DSC,IMP,38
M9409,E14,DSC,IMP,28
M9410,E14,DSC,TRI,2
M9411,E14,LDS,EXP,23
M9412,E14,TSS,IMP,19
M9413,E14,RHL,TRX,9
M9414,E14,DSC,TRX,12
M9415,E14,RHL,EXP,27
M9416,E14,TSS,EXP,2
M9417,E14,DSC,TRI,6
M9418,E14,LDS,EXP,37
M9419,E14,LDS,TRX,11
M9420,E14,TSS,EXP,9
M9421,E14,RHL,IMP,15
M9422,E14,LDS,TRI,12
M9423,E14,LDS,TRI,7
M9424,E14,LDS,TRX,35
M9425,E14,RHL,TRX,6
M9426,E14,TSS,TRX,2
M9427,E14,LDS,TRX,13
M9428,E14,DSC,TRX,37
M9429,E14,DSC,TRX,29
M9430,E14,LDS,IMP,15
M9431,E14,TSS,TRX,33
M9432,E14,LDS,EXP,11
M9433,E14,DSC,TRX,2
M9434,E14,LDS,IMP,16
M9435,E14,RHL,TRI,19
M9436,E14,LDS,EXP,3
M9437,E14,RHL,EXP,21
M9438,E14,LDS,TRX,16
M9439,E14,LDS,IMP,17
M9440,E14,TSS,TRI,30
M9441,E14,LDS,TRI,31
M9442,E14,LDS,TRX,22
M9443,E14,RHL,EXP,29
M9444,E14,LDS,TRI,35
M9445,E14,LDS,IMP,21
M9446,E14,DSC,TRI,32
M9447,E14,LDS,TRI,12
M9448,E14,TSM,TRI,1
M9449,E14,LDS,TRI,3
M9450,E14,LDS,IMP,40
M9451,E14,LDS,TRI,13
M9452,E14,RHL,IMP,42
M9453,E14,LDS,IMP,32
M9454,E14,DSC,IMP,38
M9455,E14,DSC,TRX,12
M9456,E14,DSC,EXP,11
M9457,E14,RHL,EXP,19
M9458,E14,TSS,TRI,26
M9459,E14,LDS,TRX,8
M9460,E14,DSC,TRI,33
M9461,E14,LDS,IMP,14
M9462,E14,DSC,IMP,35
M9463,E14,DSC,IMP,23
M9464,E14,DSC,EXP,37
M9465,E14,LDS,TRI,2
M9466,E14,DSC,EXP,41
M9467,E14,DSC,EXP,28
