unlocode,code,codeProvider,file,features,categories,sections,trustGrade,version
AEAJM,AEAJMBFWJ,BIC,bic/AEAJMBFWJ-BIC.json,2,CENTROID|FACILITY,1,REVIEW_PANEL,2024-04-05
AEAJM,AEAJMHAJT,SMDG,smdg/AEAJMHAJT-SMDG.json,4,BERTH|CENTROID|FACILITY,2,LOCAL_KNOWLEDGE,2026-01-30
AEFJR,AEFJRMPAE,BIC,bic/AEFJRMPAE-BIC.json,2,CENTROID|FACILITY,1,REVIEW_PANEL,2025-05-16
AEFJR,AEFJRFJR,SMDG,smdg/AEFJRFJR-SMDG.json,4,BERTH|CENTROID|FACILITY,2,LOCAL_KNOWLEDGE,2026-01-30
AEJEA,AEJEAJPGT,BIC,bic/AEJEAJPGT-BIC.json,2,CENTROID|FACILITY,1,REVIEW_PANEL,2024-03-14
AEJEA,AEJEAJUHG,BIC,bic/AEJEAJUHG-BIC.json,2,CENTROID|FACILITY,1,REVIEW_PANEL,2024-03-14
AEJEA,AEJEAMQTW,BIC,bic/AEJEAMQTW-BIC.json,2,CENTROID|FACILITY,1,REVIEW_PANEL,2025-05-16
AEJEA,AEJEASTOL,BIC,bic/AEJEASTOL-BIC.json,2,CENTROID|FACILITY,1,LOCAL_KNOWLEDGE,2024-11-22
AEJEA,AEJEATITB,BIC,bic/AEJEATITB-BIC.json,2,CENTROID|FACILITY,1,LOCAL_KNOWLEDGE,2024-04-05
AEJEA,AEJEADPWJ2,SMDG,smdg/AEJEADPWJ2-SMDG.json,4,BERTH|CENTROID|FACILITY,2,REVIEW_PANEL,2024-06-27
AEJEA,AEJEADPWJ3,SMDG,smdg/AEJEADPWJ3-SMDG.json,4,BERTH|CENTROID|FACILITY,2,LOCAL_KNOWLEDGE,2024-03-14
AEJEA,AEJEADPWJ4,SMDG,smdg/AEJEADPWJ4-SMDG.json,4,BERTH|CENTROID|FACILITY,2,LOCAL_KNOWLEDGE,2024-03-14
AEJEA,AEJEADPWJA,SMDG,smdg/AEJEADPWJA-SMDG.json,4,BERTH|CENTROID|FACILITY,2,LOCAL_KNOWLEDGE,2024-03-14
AEKHL,AEKHLCMAT,SMDG,smdg/AEKHLCMAT-SMDG.json,4,BERTH|CENTROID|FACILITY,2,LOCAL_KNOWLEDGE,2026-01-30
ALDRZ,ALDRZNBZC,BIC,bic/ALDRZNBZC-BIC.json,2,CENTROID|FACILITY,1,LOCAL_KNOWLEDGE,2026-02-10
ALDRZ,ALDRZDCT,SMDG,smdg/ALDRZDCT-SMDG.json,6,BERTH|CENTROID|FACILITY,3,LOCAL_KNOWLEDGE,2026-02-10
AOCAB,AOCABNGJK,BIC,bic/AOCABNGJK-BIC.json,2,CENTROID|FACILITY,1,LOCAL_KNOWLEDGE,2026-05-27
AOCAB,AOCABCABT,SMDG,smdg/AOCABCABT-SMDG.json,6,BERTH|CENTROID|FACILITY,3,LOCAL_KNOWLEDGE,2026-02-06
AOLAD,AOLADACYM,BIC,bic/AOLADACYM-BIC.json,2,CENTROID|FACILITY,1,LOCAL_KNOWLEDGE,2026-05-20
AOLAD,AOLADHUWY,BIC,bic/AOLADHUWY-BIC.json,2,CENTROID|FACILITY,1,LOCAL_KNOWLEDGE,2026-05-20
AOLAD,AOLADLOVE,BIC,bic/AOLADLOVE-BIC.json,2,CENTROID|FACILITY,1,REVIEW_PANEL,2026-05-20
AOLAD,AOLADNIVY,BIC,bic/AOLADNIVY-BIC.json,2,CENTROID|FACILITY,1,REVIEW_PANEL,2026-05-20
AOLAD,AOLADQSLU,BIC,bic/AOLADQSLU-BIC.json,2,CENTROID|FACILITY,1,,2026-05-20
AOLAD,AOLADBOA,SMDG,smdg/AOLADBOA-SMDG.json,6,BERTH|CENTROID|FACILITY,3,LOCAL_KNOWLEDGE,2026-02-06
AOLAD,AOLADMPT,SMDG,smdg/AOLADMPT-SMDG.json,6,BERTH|CENTROID|FACILITY,3,LOCAL_KNOWLEDGE,2026-02-06
AOLOB,AOLOBCKYH,BIC,bic/AOLOBCKYH-BIC.json,2,CENTROID|FACILITY,1,LOCAL_KNOWLEDGE,2026-05-20
AOLOB,AOLOBYARX,BIC,bic/AOLOBYARX-BIC.json,2,CENTROID|FACILITY,1,LOCAL_KNOWLEDGE,2026-05-20
AOLOB,AOLOBLOBT,SMDG,smdg/AOLOBLOBT-SMDG.json,6,BERTH|CENTROID|FACILITY,3,LOCAL_KNOWLEDGE,2026-02-06
AOMSZ,AOMSZKALA,BIC,bic/AOMSZKALA-BIC.json,2,CENTROID|FACILITY,1,LOCAL_KNOWLEDGE,2026-05-27
AOMSZ,AOMSZUEKR,BIC,bic/AOMSZUEKR-BIC.json,2,CENTROID|FACILITY,1,LOCAL_KNOWLEDGE,2026-05-27
AOMSZ,AOMSZNAMIBE,SMDG,smdg/AOMSZNAMIBE-SMDG.json,4,BERTH|CENTROID|FACILITY,2,LOCAL_KNOWLEDGE,2026-03-13
AOSZA,AOSZASZA,SMDG,smdg/AOSZASZA-SMDG.json,4,BERTH|CENTROID|FACILITY,2,LOCAL_KNOWLEDGE,2026-05-20
ARBHI,ARBHINEEA,BIC,bic/ARBHINEEA-BIC.json,2,CENTROID|FACILITY,1,REVIEW_PANEL,2024-12-19
ARBHI,ARBHITBB,SMDG,smdg/ARBHITBB-SMDG.json,4,BERTH|CENTROID|FACILITY,2,REVIEW_PANEL,2024-12-19
ARBUE,ARBUEAPMA,BIC,bic/ARBUEAPMA-BIC.json,2,CENTROID|FACILITY,1,LOCAL_KNOWLEDGE,2024-12-18
ARBUE,ARBUEBHPA,BIC,bic/ARBUEBHPA-BIC.json,2,CENTROID|FACILITY,1,LOCAL_KNOWLEDGE,2025-10-14
ARBUE,ARBUEBICY,BIC,bic/ARBUEBICY-BIC.json,2,CENTROID|FACILITY,1,LOCAL_KNOWLEDGE,2024-12-18
ARBUE,ARBUEDICA,BIC,bic/ARBUEDICA-BIC.json,2,CENTROID|FACILITY,1,REVIEW_PANEL,2024-12-19
ARBUE,ARBUEEODE,BIC,bic/ARBUEEODE-BIC.json,2,CENTROID|FACILITY,1,REVIEW_PANEL,2024-12-18
ARBUE,ARBUEEXOL,SMDG,smdg/ARBUEEXOL-SMDG.json,4,BERTH|CENTROID|FACILITY,2,REVIEW_PANEL,2024-12-18
ARBUE,ARBUETERM4,SMDG,smdg/ARBUETERM4-SMDG.json,6,BERTH|CENTROID|FACILITY,3,LOCAL_KNOWLEDGE,2024-12-18
ARBUE,ARBUETRP,SMDG,smdg/ARBUETRP-SMDG.json,8,BERTH|CENTROID|FACILITY,4,LOCAL_KNOWLEDGE,2024-12-19
ARLPG,ARLPGSKDF,BIC,bic/ARLPGSKDF-BIC.json,2,CENTROID|FACILITY,1,REVIEW_PANEL,2025-09-08
ARLPG,ARLPGPLP,SMDG,smdg/ARLPGPLP-SMDG.json,4,BERTH|CENTROID|FACILITY,2,LOCAL_KNOWLEDGE,2026-02-06
ARLPS,ARLPSCWVA,BIC,bic/ARLPSCWVA-BIC.json,2,CENTROID|FACILITY,1,REVIEW_PANEL,2025-09-08
ARLPS,ARLPSLPMOL,SMDG,smdg/ARLPSLPMOL-SMDG.json,4,BERTH|CENTROID|FACILITY,2,LOCAL_KNOWLEDGE,2025-09-08
ARMDQ,ARMDQCOOTR,SMDG,smdg/ARMDQCOOTR-SMDG.json,4,BERTH|CENTROID|FACILITY,2,LOCAL_KNOWLEDGE,2025-09-08
ARPMY,ARPMYSXJH,BIC,bic/ARPMYSXJH-BIC.json,2,CENTROID|FACILITY,1,REVIEW_PANEL,2025-09-08
ARPMY,ARPMYVTYD,BIC,bic/ARPMYVTYD-BIC.json,2,CENTROID|FACILITY,1,REVIEW_PANEL,2025-09-08
ARPMY,ARPMYZJNM,BIC,bic/ARPMYZJNM-BIC.json,2,CENTROID|FACILITY,1,REVIEW_PANEL,2025-09-08
ARPMY,ARPMYPUPUB,SMDG,smdg/ARPMYPUPUB-SMDG.json,4,BERTH|CENTROID|FACILITY,2,LOCAL_KNOWLEDGE,2024-12-18
ARPUD,ARPUDPUDES,SMDG,smdg/ARPUDPUDES-SMDG.json,4,BERTH|CENTROID|FACILITY,2,LOCAL_KNOWLEDGE,2025-09-08
ARROS,ARROSAHQZ,BIC,bic/ARROSAHQZ-BIC.json,2,CENTROID|FACILITY,1,REVIEW_PANEL,2025-09-08
ARROS,ARROSDZAK,BIC,bic/ARROSDZAK-BIC.json,2,CENTROID|FACILITY,1,REVIEW_PANEL,2025-09-08
ARROS,ARROSTAGF,BIC,bic/ARROSTAGF-BIC.json,2,CENTROID|FACILITY,1,REVIEW_PANEL,2025-09-08
ARROS,ARROSTPRA,BIC,bic/ARROSTPRA-BIC.json,2,CENTROID|FACILITY,1,REVIEW_PANEL,2025-09-08
ARROS,ARROSTROSA,SMDG,smdg/ARROSTROSA-SMDG.json,6,BERTH|CENTROID|FACILITY,3,REVIEW_PANEL,2025-09-08
ARSAE,ARSAETSP,SMDG,smdg/ARSAETSP-SMDG.json,4,BERTH|CENTROID|FACILITY,2,LOCAL_KNOWLEDGE,2024-12-18
ARUSH,ARUSHFQOD,BIC,bic/ARUSHFQOD-BIC.json,2,CENTROID|FACILITY,1,LOCAL_KNOWLEDGE,2025-09-08
ARUSH,ARUSHGOFZ,BIC,bic/ARUSHGOFZ-BIC.json,2,CENTROID|FACILITY,1,REVIEW_PANEL,2025-09-08
ARUSH,ARUSHSFIG,BIC,bic/ARUSHSFIG-BIC.json,2,CENTROID|FACILITY,1,LOCAL_KNOWLEDGE,2025-09-08
ARUSH,ARUSHTPYZ,BIC,bic/ARUSHTPYZ-BIC.json,2,CENTROID|FACILITY,1,REVIEW_PANEL,2025-09-08
ARUSH,ARUSHPLS,SMDG,smdg/ARUSHPLS-SMDG.json,4,BERTH|CENTROID|FACILITY,2,LOCAL_KNOWLEDGE,2025-09-08
ARZAE,ARZAEMLSM,BIC,bic/ARZAEMLSM-BIC.json,2,CENTROID|FACILITY,1,REVIEW_PANEL,2025-09-08
ARZAE,ARZAETSRA,BIC,bic/ARZAETSRA-BIC.json,2,CENTROID|FACILITY,1,REVIEW_PANEL,2026-04-15
ARZAE,ARZAETZARA,SMDG,smdg/ARZAETZARA-SMDG.json,4,BERTH|CENTROID|FACILITY,2,REVIEW_PANEL,2026-09-02
ASPPG,ASPPGPAGO,SMDG,smdg/ASPPGPAGO-SMDG.json,6,BERTH|CENTROID|FACILITY,3,LOCAL_KNOWLEDGE,2026-07-01
AUADL,AUADLBHCE,BIC,bic/AUADLBHCE-BIC.json,2,CENTROID|FACILITY,1,LOCAL_KNOWLEDGE,2025-11-27
AUADL,AUADLCVQK,BIC,bic/AUADLCVQK-BIC.json,2,CENTROID|FACILITY,1,LOCAL_KNOWLEDGE,2025-11-27
AUADL,AUADLFIBM,BIC,bic/AUADLFIBM-BIC.json,2,CENTROID|FACILITY,1,LOCAL_KNOWLEDGE,2025-12-18
AUADL,AUADLJRIK,BIC,bic/AUADLJRIK-BIC.json,2,CENTROID|FACILITY,1,LOCAL_KNOWLEDGE,2025-11-27
AUADL,AUADLTQFV,BIC,bic/AUADLTQFV-BIC.json,2,CENTROID|FACILITY,1,LOCAL_KNOWLEDGE,2025-11-27
AUADL,AUADLFLACT,SMDG,smdg/AUADLFLACT-SMDG.json,4,BERTH|CENTROID|FACILITY,2,LOCAL_KNOWLEDGE,2025-11-14
AUBEL,AUBELSUJZ,BIC,bic/AUBELSUJZ-BIC.json,2,CENTROID|FACILITY,1,REVIEW_PANEL,2025-11-27
AUBEL,AUBELCONBE,SMDG,smdg/AUBELCONBE-SMDG.json,4,BERTH|CENTROID|FACILITY,2,LOCAL_KNOWLEDGE,2025-11-14
AUBNE,AUBNECFXL,BIC,bic/AUBNECFXL-BIC.json,2,CENTROID|FACILITY,1,LOCAL_KNOWLEDGE,2025-11-27
AUBNE,AUBNEDPWA,BIC,bic/AUBNEDPWA-BIC.json,2,CENTROID|FACILITY,1,LOCAL_KNOWLEDGE,2025-11-27
AUBNE,AUBNEUZYK,BIC,bic/AUBNEUZYK-BIC.json,2,CENTROID|FACILITY,1,LOCAL_KNOWLEDGE,2025-12-18
AUBNE,AUBNEWDTH,BIC,bic/AUBNEWDTH-BIC.json,2,CENTROID|FACILITY,1,REVIEW_PANEL,2024-01-10
AUBNE,AUBNEXWWN,BIC,bic/AUBNEXWWN-BIC.json,2,CENTROID|FACILITY,1,LOCAL_KNOWLEDGE,2025-12-18
AUBNE,AUBNEDPBNE,SMDG,smdg/AUBNEDPBNE-SMDG.json,4,BERTH|CENTROID|FACILITY,2,LOCAL_KNOWLEDGE,2025-11-14
AUBNE,AUBNEHPAFI,SMDG,smdg/AUBNEHPAFI-SMDG.json,4,BERTH|CENTROID|FACILITY,2,LOCAL_KNOWLEDGE,2025-11-14
AUBNE,AUBNEPTFIT,SMDG,smdg/AUBNEPTFIT-SMDG.json,4,BERTH|CENTROID|FACILITY,2,LOCAL_KNOWLEDGE,2025-11-14
AUDRW,AUDRWRBGR,BIC,bic/AUDRWRBGR-BIC.json,2,CENTROID|FACILITY,1,,2025-12-18
AUDRW,AUDRWCONDW,SMDG,smdg/AUDRWCONDW-SMDG.json,4,BERTH|CENTROID|FACILITY,2,LOCAL_KNOWLEDGE,2025-11-14
AUFRE,AUFREVBJK,BIC,bic/AUFREVBJK-BIC.json,2,CENTROID|FACILITY,1,LOCAL_KNOWLEDGE,2025-12-18
AUFRE,AUFREASLFR,SMDG,smdg/AUFREASLFR-SMDG.json,4,BERTH|CENTROID|FACILITY,2,LOCAL_KNOWLEDGE,2025-11-14
AUFRE,AUFRECONFR,SMDG,smdg/AUFRECONFR-SMDG.json,4,BERTH|CENTROID|FACILITY,2,LOCAL_KNOWLEDGE,2025-11-14
AUMEL,AUMELBUNX,BIC,bic/AUMELBUNX-BIC.json,2,CENTROID|FACILITY,1,LOCAL_KNOWLEDGE,2025-12-18
AUMEL,AUMELCHRA,BIC,bic/AUMELCHRA-BIC.json,2,CENTROID|FACILITY,1,LOCAL_KNOWLEDGE,2025-12-18
AUMEL,AUMELCUNO,BIC,bic/AUMELCUNO-BIC.json,2,CENTROID|FACILITY,1,LOCAL_KNOWLEDGE,2025-12-18
AUMEL,AUMELDACP,BIC,bic/AUMELDACP-BIC.json,4,CENTROID|FACILITY|GATE,2,LOCAL_KNOWLEDGE,2026-06-18
AUMEL,AUMELDDNH,BIC,bic/AUMELDDNH-BIC.json,2,CENTROID|FACILITY,1,LOCAL_KNOWLEDGE,2025-12-18
AUMEL,AUMELAATAD,SMDG,smdg/AUMELAATAD-SMDG.json,4,BERTH|CENTROID|FACILITY,2,LOCAL_KNOWLEDGE,2025-11-14
AUMEL,AUMELASES1,SMDG,smdg/AUMELASES1-SMDG.json,4,BERTH|CENTROID|FACILITY,2,LOCAL_KNOWLEDGE,2025-11-14
AUMEL,AUMELCONWS,SMDG,smdg/AUMELCONWS-SMDG.json,4,BERTH|CENTROID|FACILITY,2,LOCAL_KNOWLEDGE,2025-11-14
AUMEL,AUMELVICTM,SMDG,smdg/AUMELVICTM-SMDG.json,4,BERTH|CENTROID|FACILITY,2,LOCAL_KNOWLEDGE,2025-11-14
AUSYD,AUSYDMCSA,BIC,bic/AUSYDMCSA-BIC.json,2,CENTROID|FACILITY,1,REVIEW_PANEL,2024-01-10
AUSYD,AUSYDMECW,BIC,bic/AUSYDMECW-BIC.json,2,CENTROID|FACILITY,1,LOCAL_KNOWLEDGE,2025-12-18
AUSYD,AUSYDQZXT,BIC,bic/AUSYDQZXT-BIC.json,2,CENTROID|FACILITY,1,REVIEW_PANEL,2024-01-10
AUSYD,AUSYDTYNC,BIC,bic/AUSYDTYNC-BIC.json,2,CENTROID|FACILITY,1,LOCAL_KNOWLEDGE,2025-12-18
AUSYD,AUSYDZNDU,BIC,bic/AUSYDZNDU-BIC.json,2,CENTROID|FACILITY,1,REVIEW_PANEL,2024-01-10
AUSYD,AUSYDASLPB,SMDG,smdg/AUSYDASLPB-SMDG.json,4,BERTH|CENTROID|FACILITY,2,LOCAL_KNOWLEDGE,2025-11-14
AUSYD,AUSYDCTLPB,SMDG,smdg/AUSYDCTLPB-SMDG.json,4,BERTH|CENTROID|FACILITY,2,LOCAL_KNOWLEDGE,2025-11-14
AUSYD,AUSYDHPAPB,SMDG,smdg/AUSYDHPAPB-SMDG.json,4,BERTH|CENTROID|FACILITY,2,LOCAL_KNOWLEDGE,2025-11-14
BBBGI,BBBGIJBYC,BIC,bic/BBBGIJBYC-BIC.json,2,CENTROID|FACILITY,1,REVIEW_PANEL,2025-08-21
BBBGI,BBBGIBPI,SMDG,smdg/BBBGIBPI-SMDG.json,4,BERTH|CENTROID|FACILITY,2,LOCAL_KNOWLEDGE,2025-08-21
BEANR,BEANRACBH,BIC,bic/BEANRACBH-BIC.json,2,CENTROID|geofence,1,,2025-05-16
BEANR,BEANRACRG,BIC,bic/BEANRACRG-BIC.json,2,CENTROID|FACILITY,1,FACILITY_PROVIDED,2024-04-23
BEANR,BEANRADPA,BIC,bic/BEANRADPA-BIC.json,2,CENTROID|FACILITY,1,LOCAL_KNOWLEDGE,2025-05-27
BEANR,BEANRAGWA,BIC,bic/BEANRAGWA-BIC.json,2,CENTROID|FACILITY,1,LOCAL_KNOWLEDGE,2023-11-22
BEANR,BEANRATRA,BIC,bic/BEANRATRA-BIC.json,2,CENTROID|FACILITY,1,REVIEW_PANEL,2025-05-14
BEANR,BEANR1700,SMDG,smdg/BEANR1700-SMDG.json,6,BERTH|CENTROID|FACILITY,3,LOCAL_KNOWLEDGE,2024-03-22
BEANR,BEANRACOT,SMDG,smdg/BEANRACOT-SMDG.json,6,BERTH|CENTROID|FACILITY,3,LOCAL_KNOWLEDGE,2024-03-22
BEANR,BEANRAET,SMDG,smdg/BEANRAET-SMDG.json,4,BERTH|CENTROID|FACILITY,2,LOCAL_KNOWLEDGE,2024-03-22
BEANR,BEANRBNFW,SMDG,smdg/BEANRBNFW-SMDG.json,12,BERTH|CENTROID|FACILITY,6,REVIEW_PANEL,2024-03-22
BEANR,BEANRK1718,SMDG,smdg/BEANRK1718-SMDG.json,4,BERTH|CENTROID|FACILITY,2,LOCAL_KNOWLEDGE,2024-03-22
BEANR,BEANRK1742,SMDG,smdg/BEANRK1742-SMDG.json,6,BERTH|CENTROID|FACILITY,3,REVIEW_PANEL,2024-03-22
BEANR,BEANRK400,SMDG,smdg/BEANRK400-SMDG.json,8,BERTH|CENTROID|FACILITY,4,REVIEW_PANEL,2024-03-22
BEANR,BEANRK420,SMDG,smdg/BEANRK420-SMDG.json,4,BERTH|CENTROID|FACILITY,2,REVIEW_PANEL,2024-03-22
BEANR,BEANRK524,SMDG,smdg/BEANRK524-SMDG.json,6,BERTH|CENTROID|FACILITY,3,LOCAL_KNOWLEDGE,2023-11-08
BEANR,BEANRK869,SMDG,smdg/BEANRK869-SMDG.json,6,BERTH|CENTROID|FACILITY,3,REVIEW_PANEL,2025-05-16
BEANR,BEANRK913,SMDG,smdg/BEANRK913-SMDG.json,8,BERTH|CENTROID|FACILITY,4,REVIEW_PANEL,2024-03-22
BEZEE,BEZEEFBPL,BIC,bic/BEZEEFBPL-BIC.json,4,CENTROID|FACILITY,2,LOCAL_KNOWLEDGE,2025-05-27
BEZEE,BEZEEGJLF,BIC,bic/BEZEEGJLF-BIC.json,2,CENTROID|FACILITY,1,LOCAL_KNOWLEDGE,2025-05-21
BEZEE,BEZEECSPZ,SMDG,smdg/BEZEECSPZ-SMDG.json,4,BERTH|CENTROID|FACILITY,2,LOCAL_KNOWLEDGE,2024-10-25
BEZEE,BEZEEPSAZ,SMDG,smdg/BEZEEPSAZ-SMDG.json,6,BERTH|CENTROID|FACILITY,3,LOCAL_KNOWLEDGE,2025-05-14
BJCOO,BJCOODGDA,BIC,bic/BJCOODGDA-BIC.json,2,CENTROID|FACILITY,1,REVIEW_PANEL,2026-05-19
BJCOO,BJCOOMDME,BIC,bic/BJCOOMDME-BIC.json,2,CENTROID|FACILITY,1,LOCAL_KNOWLEDGE,2026-02-05
BJCOO,BJCOOPJDR,BIC,bic/BJCOOPJDR-BIC.json,2,CENTROID|FACILITY,1,REVIEW_PANEL,2026-05-19
BJCOO,BJCOOBTER,SMDG,smdg/BJCOOBTER-SMDG.json,4,BERTH|CENTROID|FACILITY,2,LOCAL_KNOWLEDGE,2026-02-05
BRFOR,BRFORBNMO,BIC,bic/BRFORBNMO-BIC.json,2,CENTROID|FACILITY,1,REVIEW_PANEL,2026-03-11
BRFOR,BRFORLVJV,BIC,bic/BRFORLVJV-BIC.json,2,CENTROID|FACILITY,1,REVIEW_PANEL,2026-03-11
BRFOR,BRFORRJXD,BIC,bic/BRFORRJXD-BIC.json,2,CENTROID|FACILITY,1,LOCAL_KNOWLEDGE,2026-03-11
BRFOR,BRFORTOT,SMDG,smdg/BRFORTOT-SMDG.json,6,BERTH|CENTROID|FACILITY,3,LOCAL_KNOWLEDGE,2026-03-11
BRIOA,BRIOAITP,SMDG,smdg/BRIOAITP-SMDG.json,8,BERTH|CENTROID|FACILITY,4,LOCAL_KNOWLEDGE,2024-12-11
BRITJ,BRITJAXEE,BIC,bic/BRITJAXEE-BIC.json,2,CENTROID|FACILITY,1,REVIEW_PANEL,2025-04-11
BRITJ,BRITJCCWH,BIC,bic/BRITJCCWH-BIC.json,2,CENTROID|FACILITY,1,REVIEW_PANEL,2025-04-11
BRITJ,BRITJCLAA,BIC,bic/BRITJCLAA-BIC.json,2,CENTROID|FACILITY,1,REVIEW_PANEL,2025-04-11
BRITJ,BRITJDNXL,BIC,bic/BRITJDNXL-BIC.json,2,CENTROID|FACILITY,1,LOCAL_KNOWLEDGE,2025-04-03
BRITJ,BRITJEDCP,BIC,bic/BRITJEDCP-BIC.json,2,CENTROID|FACILITY,1,LOCAL_KNOWLEDGE,2025-04-11
BRITJ,BRITJJBST,SMDG,smdg/BRITJJBST-SMDG.json,4,BERTH|CENTROID|FACILITY,2,LOCAL_KNOWLEDGE,2024-12-16
BRMAO,BRMAOADUA,BIC,bic/BRMAOADUA-BIC.json,2,CENTROID|FACILITY,1,REVIEW_PANEL,2025-07-16
BRMAO,BRMAOBLPJ,BIC,bic/BRMAOBLPJ-BIC.json,4,CENTROID|FACILITY,2,LOCAL_KNOWLEDGE,2025-07-16
BRMAO,BRMAOBVRG,BIC,bic/BRMAOBVRG-BIC.json,2,CENTROID|FACILITY,1,LOCAL_KNOWLEDGE,2025-07-16
BRMAO,BRMAODQUG,BIC,bic/BRMAODQUG-BIC.json,2,CENTROID|FACILITY,1,REVIEW_PANEL,2025-07-16
BRMAO,BRMAOEDFY,BIC,bic/BRMAOEDFY-BIC.json,2,CENTROID|FACILITY,1,REVIEW_PANEL,2025-07-30
BRMAO,BRMAOCHINC,SMDG,smdg/BRMAOCHINC-SMDG.json,6,BERTH|CENTROID|FACILITY,3,LOCAL_KNOWLEDGE,2025-08-07
BRMAO,BRMAOSUPER,SMDG,smdg/BRMAOSUPER-SMDG.json,4,BERTH|CENTROID|FACILITY,2,LOCAL_KNOWLEDGE,2025-08-07
BRNVT,BRNVTCJND,BIC,bic/BRNVTCJND-BIC.json,2,CENTROID|FACILITY,1,REVIEW_PANEL,2025-04-11
BRNVT,BRNVTDYJW,BIC,bic/BRNVTDYJW-BIC.json,2,CENTROID|FACILITY,1,REVIEW_PANEL,2025-04-11
BRNVT,BRNVTGKWD,BIC,bic/BRNVTGKWD-BIC.json,2,CENTROID|FACILITY,1,LOCAL_KNOWLEDGE,2025-04-11
BRNVT,BRNVTIADQ,BIC,bic/BRNVTIADQ-BIC.json,2,CENTROID|FACILITY,1,LOCAL_KNOWLEDGE,2025-04-03
BRNVT,BRNVTVDMA,BIC,bic/BRNVTVDMA-BIC.json,2,CENTROID|FACILITY,1,REVIEW_PANEL,2026-03-24
BRNVT,BRNVTPTP,SMDG,smdg/BRNVTPTP-SMDG.json,4,BERTH|CENTROID|FACILITY,2,LOCAL_KNOWLEDGE,2025-04-11
BRPEC,BRPECANTH,BIC,bic/BRPECANTH-BIC.json,2,CENTROID|FACILITY,1,LOCAL_KNOWLEDGE,2026-03-11
BRPEC,BRPECAPMA,BIC,bic/BRPECAPMA-BIC.json,2,CENTROID|FACILITY,1,REVIEW_PANEL,2026-03-11
BRPEC,BRPECCBJQ,BIC,bic/BRPECCBJQ-BIC.json,2,CENTROID|FACILITY,1,LOCAL_KNOWLEDGE,2026-03-11
BRPEC,BRPECCZJF,BIC,bic/BRPECCZJF-BIC.json,2,CENTROID|FACILITY,1,LOCAL_KNOWLEDGE,2026-03-11
BRPEC,BRPECPMQG,BIC,bic/BRPECPMQG-BIC.json,2,CENTROID|FACILITY,1,REVIEW_PANEL,2026-03-11
BRPEC,BRPECBRAPEC,SMDG,smdg/BRPECBRAPEC-SMDG.json,4,BERTH|CENTROID|FACILITY,2,REVIEW_PANEL,2024-12-11
BRPNG,BRPNGBLZK,BIC,bic/BRPNGBLZK-BIC.json,2,CENTROID|FACILITY,1,REVIEW_PANEL,2024-12-27
BRPNG,BRPNGBSLL,BIC,bic/BRPNGBSLL-BIC.json,2,CENTROID|FACILITY,1,LOCAL_KNOWLEDGE,2024-12-27
BRPNG,BRPNGDDPA,BIC,bic/BRPNGDDPA-BIC.json,2,CENTROID|FACILITY,1,REVIEW_PANEL,2024-12-27
BRPNG,BRPNGGBIZ,BIC,bic/BRPNGGBIZ-BIC.json,2,CENTROID|FACILITY,1,REVIEW_PANEL,2024-12-27
BRPNG,BRPNGGOZA,BIC,bic/BRPNGGOZA-BIC.json,2,CENTROID|FACILITY,1,LOCAL_KNOWLEDGE,2024-11-06
BRPNG,BRPNGTCP,SMDG,smdg/BRPNGTCP-SMDG.json,4,BERTH|CENTROID|FACILITY,2,LOCAL_KNOWLEDGE,2024-12-13
BRRIG,BRRIGAPQC,BIC,bic/BRRIGAPQC-BIC.json,2,CENTROID|FACILITY,1,REVIEW_PANEL,2024-12-13
BRRIG,BRRIGBRGZ,BIC,bic/BRRIGBRGZ-BIC.json,2,CENTROID|FACILITY,1,REVIEW_PANEL,2024-12-13
BRRIG,BRRIGCWOA,BIC,bic/BRRIGCWOA-BIC.json,2,CENTROID|FACILITY,1,REVIEW_PANEL,2024-12-13
BRRIG,BRRIGITTA,BIC,bic/BRRIGITTA-BIC.json,2,CENTROID|FACILITY,1,REVIEW_PANEL,2024-12-13
BRRIG,BRRIGKCKD,BIC,bic/BRRIGKCKD-BIC.json,2,CENTROID|FACILITY,1,REVIEW_PANEL,2024-12-13
BRRIG,BRRIGTECRG,SMDG,smdg/BRRIGTECRG-SMDG.json,4,BERTH|CENTROID|FACILITY,2,LOCAL_KNOWLEDGE,2025-05-16
BRRIO,BRRIOLIBRJ,SMDG,smdg/BRRIOLIBRJ-SMDG.json,4,BERTH|CENTROID|FACILITY,2,REVIEW_PANEL,2024-12-17
BRRIO,BRRIOMROP,SMDG,smdg/BRRIOMROP-SMDG.json,4,BERTH|CENTROID|FACILITY,2,REVIEW_PANEL,2024-12-19
BRSFS,BRSFSTESC,SMDG,smdg/BRSFSTESC-SMDG.json,10,BERTH|CENTROID|FACILITY,5,LOCAL_KNOWLEDGE,2026-02-06
BRSPB,BRSPBHOBF,BIC,bic/BRSPBHOBF-BIC.json,2,CENTROID|FACILITY,1,LOCAL_KNOWLEDGE,2024-07-23
BRSPB,BRSPBTIOH,BIC,bic/BRSPBTIOH-BIC.json,2,CENTROID|FACILITY,1,LOCAL_KNOWLEDGE,2024-12-19
BRSPB,BRSPBTECSE,SMDG,smdg/BRSPBTECSE-SMDG.json,4,BERTH|CENTROID|FACILITY,2,LOCAL_KNOWLEDGE,2024-12-19
BRSSA,BRSSABRBU,BIC,bic/BRSSABRBU-BIC.json,2,CENTROID|FACILITY,1,LOCAL_KNOWLEDGE,2025-12-22
BRSSA,BRSSAHBUY,BIC,bic/BRSSAHBUY-BIC.json,2,CENTROID|FACILITY,1,LOCAL_KNOWLEDGE,2025-12-22
BRSSA,BRSSAJBAB,BIC,bic/BRSSAJBAB-BIC.json,2,CENTROID|FACILITY,1,LOCAL_KNOWLEDGE,2025-12-22
BRSSA,BRSSALPEO,BIC,bic/BRSSALPEO-BIC.json,2,CENTROID|FACILITY,1,REVIEW_PANEL,2023-11-06
BRSSA,BRSSANBQA,BIC,bic/BRSSANBQA-BIC.json,4,CENTROID|FACILITY,2,LOCAL_KNOWLEDGE,2025-12-22
BRSSA,BRSSATECSV,SMDG,smdg/BRSSATECSV-SMDG.json,4,BERTH|CENTROID|FACILITY,2,REVIEW_PANEL,2025-12-22
BRSSZ,BRSSZASAQ,BIC,bic/BRSSZASAQ-BIC.json,2,CENTROID|FACILITY,1,LOCAL_KNOWLEDGE,2025-05-29
BRSSZ,BRSSZBIMB,BIC,bic/BRSSZBIMB-BIC.json,2,CENTROID|FACILITY,1,REVIEW_PANEL,2024-05-22
BRSSZ,BRSSZBQJQ,BIC,bic/BRSSZBQJQ-BIC.json,2,CENTROID|FACILITY,1,LOCAL_KNOWLEDGE,2024-05-22
BRSSZ,BRSSZCNAU,BIC,bic/BRSSZCNAU-BIC.json,2,CENTROID|FACILITY,1,REVIEW_PANEL,2025-05-16
BRSSZ,BRSSZCSTR,BIC,bic/BRSSZCSTR-BIC.json,2,CENTROID|FACILITY,1,LOCAL_KNOWLEDGE,2024-05-22
BRSSZ,BRSSZBTP,SMDG,smdg/BRSSZBTP-SMDG.json,4,BERTH|CENTROID|FACILITY,2,REVIEW_PANEL,2024-05-15
BRSSZ,BRSSZECOS,SMDG,smdg/BRSSZECOS-SMDG.json,10,BERTH|CENTROID|FACILITY,5,LOCAL_KNOWLEDGE,2024-05-15
BRSSZ,BRSSZEMBRA,SMDG,smdg/BRSSZEMBRA-SMDG.json,4,BERTH|CENTROID|FACILITY,2,LOCAL_KNOWLEDGE,2024-05-15
BRSSZ,BRSSZSSA,SMDG,smdg/BRSSZSSA-SMDG.json,4,BERTH|CENTROID|FACILITY,2,LOCAL_KNOWLEDGE,2024-05-15
BRSUA,BRSUABEIX,BIC,bic/BRSUABEIX-BIC.json,2,CENTROID|FACILITY,1,REVIEW_PANEL,2025-05-07
BRSUA,BRSUACUEL,BIC,bic/BRSUACUEL-BIC.json,2,CENTROID|FACILITY,1,REVIEW_PANEL,2025-05-07
BRSUA,BRSUAINQR,BIC,bic/BRSUAINQR-BIC.json,2,CENTROID|FACILITY,1,LOCAL_KNOWLEDGE,2025-05-07
BRSUA,BRSUALYVE,BIC,bic/BRSUALYVE-BIC.json,2,CENTROID|FACILITY,1,REVIEW_PANEL,2025-04-23
BRSUA,BRSUANVKY,BIC,bic/BRSUANVKY-BIC.json,2,CENTROID|FACILITY,1,REVIEW_PANEL,2025-04-23
BRSUA,BRSUATECSU,SMDG,smdg/BRSUATECSU-SMDG.json,4,BERTH|CENTROID|FACILITY,2,LOCAL_KNOWLEDGE,2025-04-23
BRVDC,BRVDCCONVI,SMDG,smdg/BRVDCCONVI-SMDG.json,4,BERTH|CENTROID|FACILITY,2,REVIEW_PANEL,2025-08-07
BRVIX,BRVIXGNKS,BIC,bic/BRVIXGNKS-BIC.json,2,CENTROID|FACILITY,1,LOCAL_KNOWLEDGE,2026-04-08
BRVIX,BRVIXVHDS,BIC,bic/BRVIXVHDS-BIC.json,2,CENTROID|FACILITY,1,LOCAL_KNOWLEDGE,2026-04-08
BRVIX,BRVIXXHOS,BIC,bic/BRVIXXHOS-BIC.json,2,CENTROID|FACILITY,1,LOCAL_KNOWLEDGE,2026-04-08
BRVIX,BRVIXTDVV,SMDG,smdg/BRVIXTDVV-SMDG.json,4,BERTH|CENTROID|FACILITY,2,REVIEW_PANEL,2026-04-08
CACBK,CACBKCBT,SMDG,smdg/CACBKCBT-SMDG.json,4,BERTH|CENTROID|FACILITY,2,LOCAL_KNOWLEDGE,2026-02-06
CAHAL,CAHALFCOVE,SMDG,smdg/CAHALFCOVE-SMDG.json,4,BERTH|CENTROID|FACILITY,2,LOCAL_KNOWLEDGE,2025-11-25
CAHAL,CAHALHAFXT,SMDG,smdg/CAHALHAFXT-SMDG.json,12,BERTH|CENTROID|FACILITY,6,LOCAL_KNOWLEDGE,2026-02-06
CAMTR,CAMTRGLFD,BIC,bic/CAMTRGLFD-BIC.json,2,CENTROID|FACILITY,1,LOCAL_KNOWLEDGE,2025-11-19
CAMTR,CAMTRHUNM,BIC,bic/CAMTRHUNM-BIC.json,2,CENTROID|FACILITY,1,,2025-11-19
CAMTR,CAMTRJGFE,BIC,bic/CAMTRJGFE-BIC.json,2,CENTROID|FACILITY,1,LOCAL_KNOWLEDGE,2025-11-19
CAMTR,CAMTRKSYM,BIC,bic/CAMTRKSYM-BIC.json,2,CENTROID|FACILITY,1,LOCAL_KNOWLEDGE,2025-11-19
CAMTR,CAMTRLTRJ,BIC,bic/CAMTRLTRJ-BIC.json,2,CENTROID|FACILITY,1,LOCAL_KNOWLEDGE,2025-11-20
CAMTR,CAMTRMGTCAS,SMDG,smdg/CAMTRMGTCAS-SMDG.json,4,BERTH|CENTROID|FACILITY,2,LOCAL_KNOWLEDGE,2025-11-12
CAMTR,CAMTRMGTRAC,SMDG,smdg/CAMTRMGTRAC-SMDG.json,4,BERTH|CENTROID|FACILITY,2,LOCAL_KNOWLEDGE,2025-11-12
CAMTR,CAMTRTMTMAI,SMDG,smdg/CAMTRTMTMAI-SMDG.json,4,BERTH|CENTROID|FACILITY,2,LOCAL_KNOWLEDGE,2025-11-12
CAMTR,CAMTRVIAU,SMDG,smdg/CAMTRVIAU-SMDG.json,4,BERTH|CENTROID|FACILITY,2,LOCAL_KNOWLEDGE,2025-11-12
CAPRR,CAPRRFCTPRR,SMDG,smdg/CAPRRFCTPRR-SMDG.json,4,BERTH|CENTROID|FACILITY,2,LOCAL_KNOWLEDGE,2025-11-25
CASJB,CASJBDPWSJB,SMDG,smdg/CASJBDPWSJB-SMDG.json,6,BERTH|CENTROID|FACILITY,3,LOCAL_KNOWLEDGE,2026-02-06
CAVAN,CAVANABLB,BIC,bic/CAVANABLB-BIC.json,2,CENTROID|FACILITY,1,LOCAL_KNOWLEDGE,2025-11-25
CAVAN,CAVANADCD,BIC,bic/CAVANADCD-BIC.json,2,CENTROID|FACILITY,1,LOCAL_KNOWLEDGE,2025-11-27
CAVAN,CAVANADYV,BIC,bic/CAVANADYV-BIC.json,2,CENTROID|FACILITY,1,REVIEW_PANEL,2025-11-25
CAVAN,CAVANAKWS,BIC,bic/CAVANAKWS-BIC.json,2,CENTROID|FACILITY,1,LOCAL_KNOWLEDGE,2025-11-25
CAVAN,CAVANAQTO,BIC,bic/CAVANAQTO-BIC.json,2,CENTROID|FACILITY,1,LOCAL_KNOWLEDGE,2025-11-27
CAVAN,CAVANCTM,SMDG,smdg/CAVANCTM-SMDG.json,4,BERTH|CENTROID|FACILITY,2,LOCAL_KNOWLEDGE,2025-11-25
CAVAN,CAVANDLT,SMDG,smdg/CAVANDLT-SMDG.json,4,BERTH|CENTROID|FACILITY,2,LOCAL_KNOWLEDGE,2025-11-12
CAVAN,CAVANFSD,SMDG,smdg/CAVANFSD-SMDG.json,4,BERTH|CENTROID|FACILITY,2,LOCAL_KNOWLEDGE,2025-11-25
CAVAN,CAVANVTM,SMDG,smdg/CAVANVTM-SMDG.json,4,BERTH|CENTROID|FACILITY,2,LOCAL_KNOWLEDGE,2025-11-25
CDBOA,CDBOABOA,SMDG,smdg/CDBOABOA-SMDG.json,4,BERTH|CENTROID|FACILITY,2,REVIEW_PANEL,2026-06-19
CDMAT,CDMATACOA,BIC,bic/CDMATACOA-BIC.json,2,CENTROID|FACILITY,1,REVIEW_PANEL,2026-06-19
CDMAT,CDMATTICA,BIC,bic/CDMATTICA-BIC.json,2,CENTROID|FACILITY,1,REVIEW_PANEL,2026-06-19
CDMAT,CDMATTMGA,BIC,bic/CDMATTMGA-BIC.json,2,CENTROID|FACILITY,1,REVIEW_PANEL,2026-06-19
CDMAT,CDMATXDYM,BIC,bic/CDMATXDYM-BIC.json,2,CENTROID|FACILITY,1,FACILITY_PROVIDED,2026-06-19
CDMAT,CDMATXERB,BIC,bic/CDMATXERB-BIC.json,2,CENTROID|FACILITY,1,LOCAL_KNOWLEDGE,2026-06-19
CDMAT,CDMATMGT,SMDG,smdg/CDMATMGT-SMDG.json,4,BERTH|CENTROID|FACILITY,2,LOCAL_KNOWLEDGE,2026-02-06
CDMAT,CDMATSCTP,SMDG,smdg/CDMATSCTP-SMDG.json,8,BERTH|CENTROID|FACILITY,4,LOCAL_KNOWLEDGE,2026-02-06
CGPNR,CGPNROVLB,BIC,bic/CGPNROVLB-BIC.json,2,CENTROID|FACILITY,1,LOCAL_KNOWLEDGE,2026-06-19
CGPNR,CGPNRQKQV,BIC,bic/CGPNRQKQV-BIC.json,2,CENTROID|FACILITY,1,REVIEW_PANEL,2026-06-19
CGPNR,CGPNRCTPN,SMDG,smdg/CGPNRCTPN-SMDG.json,6,BERTH|CENTROID|FACILITY,3,LOCAL_KNOWLEDGE,2026-02-06
CIABJ,CIABJALPA,BIC,bic/CIABJALPA-BIC.json,2,CENTROID|FACILITY,1,LOCAL_KNOWLEDGE,2025-11-20
CIABJ,CIABJBJFS,BIC,bic/CIABJBJFS-BIC.json,2,CENTROID|FACILITY,1,LOCAL_KNOWLEDGE,2025-11-19
CIABJ,CIABJBMOA,BIC,bic/CIABJBMOA-BIC.json,2,CENTROID|FACILITY,1,REVIEW_PANEL,2025-12-03
CIABJ,CIABJBOZJ,BIC,bic/CIABJBOZJ-BIC.json,2,CENTROID|FACILITY,1,LOCAL_KNOWLEDGE,2025-12-03
CIABJ,CIABJCFSE,BIC,bic/CIABJCFSE-BIC.json,2,CENTROID|FACILITY,1,REVIEW_PANEL,2025-12-03
CIABJ,CIABJCIT,SMDG,smdg/CIABJCIT-SMDG.json,6,BERTH|CENTROID|FACILITY,3,LOCAL_KNOWLEDGE,2025-11-12
CIABJ,CIABJSETV1,SMDG,smdg/CIABJSETV1-SMDG.json,4,BERTH|CENTROID|FACILITY,2,LOCAL_KNOWLEDGE,2026-01-29
CISPY,CISPYANKH,BIC,bic/CISPYANKH-BIC.json,2,CENTROID|FACILITY,1,LOCAL_KNOWLEDGE,2025-12-03
CISPY,CISPYBWFT,BIC,bic/CISPYBWFT-BIC.json,2,CENTROID|FACILITY,1,LOCAL_KNOWLEDGE,2025-12-03
CISPY,CISPYBWQO,BIC,bic/CISPYBWQO-BIC.json,2,CENTROID|FACILITY,1,LOCAL_KNOWLEDGE,2025-11-12
CISPY,CISPYDEPA,BIC,bic/CISPYDEPA-BIC.json,2,CENTROID|FACILITY,1,LOCAL_KNOWLEDGE,2025-12-03
CISPY,CISPYFOFI,BIC,bic/CISPYFOFI-BIC.json,2,CENTROID|FACILITY,1,LOCAL_KNOWLEDGE,2025-12-03
CISPY,CISPYTCSP,SMDG,smdg/CISPYTCSP-SMDG.json,8,BERTH|CENTROID|FACILITY,4,LOCAL_KNOWLEDGE,2025-11-12
CLANF,CLANFQBXA,BIC,bic/CLANFQBXA-BIC.json,2,CENTROID|FACILITY,1,LOCAL_KNOWLEDGE,2024-12-20
CLANF,CLANFTISA,BIC,bic/CLANFTISA-BIC.json,2,CENTROID|FACILITY,1,LOCAL_KNOWLEDGE,2024-01-10
CLANF,CLANFATI,SMDG,smdg/CLANFATI-SMDG.json,4,BERTH|CENTROID|FACILITY,2,LOCAL_KNOWLEDGE,2025-05-16
CLANF,CLANFEPA,SMDG,smdg/CLANFEPA-SMDG.json,4,BERTH|CENTROID|FACILITY,2,LOCAL_KNOWLEDGE,2024-12-27
CLARI,CLARIBAEU,BIC,bic/CLARIBAEU-BIC.json,2,CENTROID|FACILITY,1,REVIEW_PANEL,2023-12-13
CLARI,CLARIDXEZ,BIC,bic/CLARIDXEZ-BIC.json,2,CENTROID|FACILITY,1,LOCAL_KNOWLEDGE,2025-01-21
CLARI,CLARIKTCA,BIC,bic/CLARIKTCA-BIC.json,2,CENTROID|FACILITY,1,LOCAL_KNOWLEDGE,2025-01-21
CLARI,CLARIRAIA,BIC,bic/CLARIRAIA-BIC.json,2,CENTROID|FACILITY,1,LOCAL_KNOWLEDGE,2026-03-24
CLARI,CLARITISB,BIC,bic/CLARITISB-BIC.json,2,CENTROID|FACILITY,1,LOCAL_KNOWLEDGE,2026-03-24
CLARI,CLARITPA,SMDG,smdg/CLARITPA-SMDG.json,6,BERTH|CENTROID|FACILITY,3,LOCAL_KNOWLEDGE,2024-12-19
CLCNL,CLCNLJVPF,BIC,bic/CLCNLJVPF-BIC.json,2,CENTROID|FACILITY,1,REVIEW_PANEL,2025-05-16
CLCNL,CLCNLWGSQ,BIC,bic/CLCNLWGSQ-BIC.json,2,CENTROID|FACILITY,1,LOCAL_KNOWLEDGE,2025-01-23
CLCNL,CLCNLCPC,SMDG,smdg/CLCNLCPC-SMDG.json,4,BERTH|CENTROID|FACILITY,2,LOCAL_KNOWLEDGE,2024-12-19
CLIQQ,CLIQQDILA,BIC,bic/CLIQQDILA-BIC.json,2,CENTROID|FACILITY,1,REVIEW_PANEL,2024-12-27
CLIQQ,CLIQQFKDU,BIC,bic/CLIQQFKDU-BIC.json,2,CENTROID|FACILITY,1,LOCAL_KNOWLEDGE,2025-05-16
CLIQQ,CLIQQIQUA,BIC,bic/CLIQQIQUA-BIC.json,2,CENTROID|FACILITY,1,LOCAL_KNOWLEDGE,2024-12-27
CLIQQ,CLIQQMKEF,BIC,bic/CLIQQMKEF-BIC.json,2,CENTROID|FACILITY,1,LOCAL_KNOWLEDGE,2024-12-27
CLIQQ,CLIQQQMHH,BIC,bic/CLIQQQMHH-BIC.json,2,CENTROID|FACILITY,1,LOCAL_KNOWLEDGE,2024-12-27
CLIQQ,CLIQQITI,SMDG,smdg/CLIQQITI-SMDG.json,6,BERTH|CENTROID|FACILITY,3,LOCAL_KNOWLEDGE,2024-12-19
CLLQN,CLLQNCPAA,BIC,bic/CLLQNCPAA-BIC.json,2,CENTROID|FACILITY,1,REVIEW_PANEL,2025-01-23
CLLQN,CLLQNPUEA,BIC,bic/CLLQNPUEA-BIC.json,2,CENTROID|FACILITY,1,LOCAL_KNOWLEDGE,2025-01-23
CLLQN,CLLQNPLIRQ,SMDG,smdg/CLLQNPLIRQ-SMDG.json,6,BERTH|CENTROID|FACILITY,3,LOCAL_KNOWLEDGE,2024-12-19
CLPAG,CLPAGCOMA,BIC,bic/CLPAGCOMA-BIC.json,2,CENTROID|FACILITY,1,LOCAL_KNOWLEDGE,2025-01-23
CLPAG,CLPAGPANGA,SMDG,smdg/CLPAGPANGA-SMDG.json,6,BERTH|CENTROID|FACILITY,3,LOCAL_KNOWLEDGE,2024-12-19
CLPUQ,CLPUQSMA,SMDG,smdg/CLPUQSMA-SMDG.json,4,BERTH|CENTROID|FACILITY,2,LOCAL_KNOWLEDGE,2024-12-19
CLSAI,CLSAIEMSA,BIC,bic/CLSAIEMSA-BIC.json,2,CENTROID|FACILITY,1,REVIEW_PANEL,2024-12-19
CLSAI,CLSAIIETJ,BIC,bic/CLSAIIETJ-BIC.json,2,CENTROID|FACILITY,1,LOCAL_KNOWLEDGE,2025-01-09
CLSAI,CLSAIJIRJ,BIC,bic/CLSAIJIRJ-BIC.json,2,CENTROID|FACILITY,1,REVIEW_PANEL,2025-01-09
CLSAI,CLSAILARA,BIC,bic/CLSAILARA-BIC.json,4,CENTROID|FACILITY|GATE,2,LOCAL_KNOWLEDGE,2026-06-18
CLSAI,CLSAILGWF,BIC,bic/CLSAILGWF-BIC.json,2,CENTROID|FACILITY,1,REVIEW_PANEL,2025-01-09
CLSAI,CLSAIPCE,SMDG,smdg/CLSAIPCE-SMDG.json,4,BERTH|CENTROID|FACILITY,2,LOCAL_KNOWLEDGE,2024-12-19
CLSAI,CLSAISTI,SMDG,smdg/CLSAISTI-SMDG.json,4,BERTH|CENTROID|FACILITY,2,LOCAL_KNOWLEDGE,2024-12-19
CLSVE,CLSVEHVPF,BIC,bic/CLSVEHVPF-BIC.json,2,CENTROID|FACILITY,1,REVIEW_PANEL,2025-01-21
CLSVE,CLSVESVTI,SMDG,smdg/CLSVESVTI-SMDG.json,4,BERTH|CENTROID|FACILITY,2,LOCAL_KNOWLEDGE,2024-12-19
CLVAP,CLVAPBNCE,BIC,bic/CLVAPBNCE-BIC.json,2,CENTROID|FACILITY,1,,2025-05-16
CLVAP,CLVAPGQYY,BIC,bic/CLVAPGQYY-BIC.json,2,CENTROID|FACILITY,1,REVIEW_PANEL,2025-01-21
CLVAP,CLVAPGRIW,BIC,bic/CLVAPGRIW-BIC.json,2,CENTROID|FACILITY,1,REVIEW_PANEL,2025-01-21
CLVAP,CLVAPISTB,BIC,bic/CLVAPISTB-BIC.json,2,CENTROID|FACILITY,1,REVIEW_PANEL,2024-01-10
CLVAP,CLVAPPSAL,BIC,bic/CLVAPPSAL-BIC.json,2,CENTROID|FACILITY,1,REVIEW_PANEL,2025-01-21
CLVAP,CLVAPEPV,SMDG,smdg/CLVAPEPV-SMDG.json,8,BERTH|CENTROID|FACILITY,4,LOCAL_KNOWLEDGE,2024-12-27
CLVAP,CLVAPTPS,SMDG,smdg/CLVAPTPS-SMDG.json,6,BERTH|CENTROID|FACILITY,3,LOCAL_KNOWLEDGE,2024-12-27
CMDLA,CMDLAAGLA,BIC,bic/CMDLAAGLA-BIC.json,2,CENTROID|FACILITY,1,REVIEW_PANEL,2026-06-17
CMDLA,CMDLAAPMA,BIC,bic/CMDLAAPMA-BIC.json,2,CENTROID|FACILITY,1,REVIEW_PANEL,2026-06-17
CMDLA,CMDLAPIMY,BIC,bic/CMDLAPIMY-BIC.json,2,CENTROID|FACILITY,1,LOCAL_KNOWLEDGE,2026-06-17
CMDLA,CMDLAPMOA,BIC,bic/CMDLAPMOA-BIC.json,2,CENTROID|FACILITY,1,REVIEW_PANEL,2026-06-17
CMDLA,CMDLAZGBW,BIC,bic/CMDLAZGBW-BIC.json,2,CENTROID|FACILITY,1,REVIEW_PANEL,2026-06-17
CMDLA,CMDLARTC,SMDG,smdg/CMDLARTC-SMDG.json,4,BERTH|CENTROID|FACILITY,2,LOCAL_KNOWLEDGE,2026-02-06
CMKBI,CMKBIGUYJ,BIC,bic/CMKBIGUYJ-BIC.json,2,CENTROID|FACILITY,1,FACILITY_PROVIDED,2024-04-05
CMKBI,CMKBIPZCN,BIC,bic/CMKBIPZCN-BIC.json,2,CENTROID|FACILITY,1,REVIEW_PANEL,2026-06-17
CMKBI,CMKBITLCA,BIC,bic/CMKBITLCA-BIC.json,2,CENTROID|FACILITY,1,LOCAL_KNOWLEDGE,2026-08-13
CMKBI,CMKBIKCT,SMDG,smdg/CMKBIKCT-SMDG.json,4,BERTH|CENTROID|FACILITY,2,LOCAL_KNOWLEDGE,2026-06-17
CNSGH,CNSGHSECT,SMDG,smdg/CNSGHSECT-SMDG.json,6,BERTH|CENTROID|FACILITY|GATE,3,REVIEW_PANEL,2026-08-28
CNSGH,CNSGHSGICT,SMDG,smdg/CNSGHSGICT-SMDG.json,8,BERTH|CENTROID|FACILITY|GATE,4,REVIEW_PANEL,2026-09-07
CNSGH,CNSGHSIPGSD,SMDG,smdg/CNSGHSIPGSD-SMDG.json,6,BERTH|CENTROID|FACILITY|GATE,3,LOCAL_KNOWLEDGE,2026-09-08
CNSGH,CNSGHSPICT,SMDG,smdg/CNSGHSPICT-SMDG.json,8,BERTH|CENTROID|FACILITY|GATE,4,REVIEW_PANEL,2026-08-28
COBAQ,COBAQMREY,BIC,bic/COBAQMREY-BIC.json,4,CENTROID|FACILITY,2,LOCAL_KNOWLEDGE,2025-04-16
COBAQ,COBAQYYPX,BIC,bic/COBAQYYPX-BIC.json,2,CENTROID|FACILITY,1,REVIEW_PANEL,2025-05-29
COBAQ,COBAQBCT,SMDG,smdg/COBAQBCT-SMDG.json,8,BERTH|CENTROID|FACILITY,4,REVIEW_PANEL,2025-05-27
COBAQ,COBAQPSP,SMDG,smdg/COBAQPSP-SMDG.json,4,BERTH|CENTROID|FACILITY,2,REVIEW_PANEL,2025-05-27
COBAQ,COBAQSPRBQ,SMDG,smdg/COBAQSPRBQ-SMDG.json,4,BERTH|CENTROID|FACILITY,2,REVIEW_PANEL,2025-05-27
COBUN,COBUNCBUA,BIC,bic/COBUNCBUA-BIC.json,2,CENTROID|FACILITY,1,LOCAL_KNOWLEDGE,2025-05-29
COBUN,COBUNHWHD,BIC,bic/COBUNHWHD-BIC.json,2,CENTROID|FACILITY,1,REVIEW_PANEL,2025-05-29
COBUN,COBUNIUXM,BIC,bic/COBUNIUXM-BIC.json,4,CENTROID|FACILITY,2,LOCAL_KNOWLEDGE,2025-04-16
COBUN,COBUNQZHM,BIC,bic/COBUNQZHM-BIC.json,2,CENTROID|FACILITY,1,LOCAL_KNOWLEDGE,2025-06-03
COBUN,COBUNSOCA,BIC,bic/COBUNSOCA-BIC.json,2,CENTROID|FACILITY,1,LOCAL_KNOWLEDGE,2025-04-16
COBUN,COBUNSPIA,SMDG,smdg/COBUNSPIA-SMDG.json,6,BERTH|CENTROID|FACILITY,3,LOCAL_KNOWLEDGE,2025-04-16
COBUN,COBUNSPRBU,SMDG,smdg/COBUNSPRBU-SMDG.json,4,BERTH|CENTROID|FACILITY,2,LOCAL_KNOWLEDGE,2025-05-27
COBUN,COBUNTCBUN,SMDG,smdg/COBUNTCBUN-SMDG.json,4,BERTH|CENTROID|FACILITY,2,LOCAL_KNOWLEDGE,2025-05-27
COCTG,COCTGCOEA,BIC,bic/COCTGCOEA-BIC.json,2,CENTROID|FACILITY,1,REVIEW_PANEL,2023-12-07
COCTG,COCTGHSJG,BIC,bic/COCTGHSJG-BIC.json,2,CENTROID|FACILITY,1,LOCAL_KNOWLEDGE,2025-05-29
COCTG,COCTGSPOO,BIC,bic/COCTGSPOO-BIC.json,2,CENTROID|FACILITY,1,LOCAL_KNOWLEDGE,2025-04-16
COCTG,COCTGYUZS,BIC,bic/COCTGYUZS-BIC.json,2,CENTROID|FACILITY,1,LOCAL_KNOWLEDGE,2025-04-16
COCTG,COCTGZNKQ,BIC,bic/COCTGZNKQ-BIC.json,2,CENTROID|FACILITY,1,LOCAL_KNOWLEDGE,2025-05-27
COCTG,COCTGCTGTM,SMDG,smdg/COCTGCTGTM-SMDG.json,4,BERTH|CENTROID|FACILITY,2,LOCAL_KNOWLEDGE,2025-05-27
COCTG,COCTGSPRC,SMDG,smdg/COCTGSPRC-SMDG.json,6,BERTH|CENTROID|FACILITY,3,LOCAL_KNOWLEDGE,2025-04-16
COCTG,COCTGTCC,SMDG,smdg/COCTGTCC-SMDG.json,4,BERTH|CENTROID|FACILITY,2,LOCAL_KNOWLEDGE,2025-04-16
COEJA,COEJASPITBB,SMDG,smdg/COEJASPITBB-SMDG.json,4,BERTH|CENTROID|FACILITY,2,LOCAL_KNOWLEDGE,2025-05-27
COSMR,COSMRSMIT,SMDG,smdg/COSMRSMIT-SMDG.json,4,BERTH|CENTROID|FACILITY,2,LOCAL_KNOWLEDGE,2025-04-16
COTRB,COTRBTURBO,SMDG,smdg/COTRBTURBO-SMDG.json,2,CENTROID|FACILITY,1,,2025-05-27
CRCAL,CRCALDMAS,BIC,bic/CRCALDMAS-BIC.json,4,CENTROID|FACILITY|GATE,2,LOCAL_KNOWLEDGE,2026-06-18
CRCAL,CRCALKABB,BIC,bic/CRCALKABB-BIC.json,2,CENTROID|FACILITY,1,LOCAL_KNOWLEDGE,2025-09-03
CRCAL,CRCALLBMT,BIC,bic/CRCALLBMT-BIC.json,2,CENTROID|FACILITY,1,REVIEW_PANEL,2025-09-03
CRCAL,CRCALTTBU,BIC,bic/CRCALTTBU-BIC.json,2,CENTROID|FACILITY,1,REVIEW_PANEL,2025-09-03
CRCAL,CRCALUNSX,BIC,bic/CRCALUNSX-BIC.json,2,CENTROID|FACILITY,1,REVIEW_PANEL,2025-09-03
CRCAL,CRCALSPCAD,SMDG,smdg/CRCALSPCAD-SMDG.json,6,BERTH|CENTROID|FACILITY,3,LOCAL_KNOWLEDGE,2025-09-03
CRMOB,CRMOBJIBW,BIC,bic/CRMOBJIBW-BIC.json,2,CENTROID|FACILITY,1,LOCAL_KNOWLEDGE,2025-09-16
CRMOB,CRMOBAPMT,SMDG,smdg/CRMOBAPMT-SMDG.json,4,BERTH|CENTROID|FACILITY,2,LOCAL_KNOWLEDGE,2025-09-03
CRMOB,CRMOBTMOIN,SMDG,smdg/CRMOBTMOIN-SMDG.json,6,BERTH|CENTROID|FACILITY,3,LOCAL_KNOWLEDGE,2025-09-03
CUMAR,CUMARHBVO,BIC,bic/CUMARHBVO-BIC.json,2,CENTROID|FACILITY,1,LOCAL_KNOWLEDGE,2025-09-17
CUMAR,CUMARYYFQ,BIC,bic/CUMARYYFQ-BIC.json,2,CENTROID|FACILITY,1,LOCAL_KNOWLEDGE,2025-09-17
CUMAR,CUMARZAPO,BIC,bic/CUMARZAPO-BIC.json,2,CENTROID|FACILITY,1,LOCAL_KNOWLEDGE,2025-09-17
CUMAR,CUMARTCM,SMDG,smdg/CUMARTCM-SMDG.json,6,BERTH|CENTROID|FACILITY,3,LOCAL_KNOWLEDGE,2025-09-17
DEBRV,DEBRVADDA,BIC,bic/DEBRVADDA-BIC.json,2,CENTROID|FACILITY,1,REVIEW_PANEL,2024-03-27
DEBRV,DEBRVATLA,BIC,bic/DEBRVATLA-BIC.json,2,CENTROID|FACILITY,1,REVIEW_PANEL,2024-03-27
DEBRV,DEBRVBLGA,BIC,bic/DEBRVBLGA-BIC.json,6,CENTROID|FACILITY,3,LOCAL_KNOWLEDGE,2026-02-16
DEBRV,DEBRVFRIB,BIC,bic/DEBRVFRIB-BIC.json,2,CENTROID|FACILITY,1,REVIEW_PANEL,2024-03-27
DEBRV,DEBRVGCFT,BIC,bic/DEBRVGCFT-BIC.json,2,CENTROID|FACILITY,1,REVIEW_PANEL,2025-05-16
DEBRV,DEBRVBLG,SMDG,smdg/DEBRVBLG-SMDG.json,34,BERTH|CENTROID|FACILITY,17,REVIEW_PANEL,2026-08-04
DEBRV,DEBRVEGB,SMDG,smdg/DEBRVEGB-SMDG.json,4,BERTH|CENTROID|FACILITY,2,FACILITY_PROVIDED,2026-08-05
DEBRV,DEBRVMSCBH,SMDG,smdg/DEBRVMSCBH-SMDG.json,4,BERTH|CENTROID|FACILITY,2,FACILITY_PROVIDED,2026-08-05
DEBRV,DEBRVNTB,SMDG,smdg/DEBRVNTB-SMDG.json,4,BERTH|CENTROID|FACILITY,2,FACILITY_PROVIDED,2026-08-05
DEHAM,DEHAMAKNM,BIC,bic/DEHAMAKNM-BIC.json,2,centroid|geofence,1,,2023-01-05
DEHAM,DEHAMALNB,BIC,bic/DEHAMALNB-BIC.json,2,centroid|geofence,1,,2023-01-05
DEHAM,DEHAMBJTV,BIC,bic/DEHAMBJTV-BIC.json,2,centroid|geofence,1,,2023-01-05
DEHAM,DEHAMBRAA,BIC,bic/DEHAMBRAA-BIC.json,2,centroid|geofence,1,,2023-01-05
DEHAM,DEHAMBUSA,BIC,bic/DEHAMBUSA-BIC.json,2,centroid|geofence,1,,2023-01-05
DEHAM,DEHAMCTA,SMDG,smdg/DEHAMCTA-SMDG.json,4,BERTH|CENTROID|FACILITY,2,FACILITY_PROVIDED,2023-12-08
DEHAM,DEHAMCTB,SMDG,smdg/DEHAMCTB-SMDG.json,8,BERTH|CENTROID|FACILITY,4,FACILITY_PROVIDED,2023-12-08
DEHAM,DEHAMCTT,SMDG,smdg/DEHAMCTT-SMDG.json,4,BERTH|CENTROID|FACILITY,2,FACILITY_PROVIDED,2023-12-08
DEHAM,DEHAMEGH,SMDG,smdg/DEHAMEGH-SMDG.json,6,BERTH|CENTROID|FACILITY,3,REVIEW_PANEL,2025-06-10
DEHAM,DEHAMFRU,SMDG,smdg/DEHAMFRU-SMDG.json,4,BERTH|CENTROID|FACILITY,2,LOCAL_KNOWLEDGE,2024-03-22
DEHAM,DEHAMRMH,SMDG,smdg/DEHAMRMH-SMDG.json,4,BERTH|CENTROID|FACILITY,2,LOCAL_KNOWLEDGE,2024-03-22
DEHAM,DEHAMSWT,SMDG,smdg/DEHAMSWT-SMDG.json,8,BERTH|CENTROID|FACILITY,4,LOCAL_KNOWLEDGE,2024-01-22
DEHAM,DEHAMUCT,SMDG,smdg/DEHAMUCT-SMDG.json,4,BERTH|CENTROID|FACILITY,2,LOCAL_KNOWLEDGE,2024-03-22
DEWVN,DEWVNTNII,BIC,bic/DEWVNTNII-BIC.json,2,CENTROID|FACILITY,1,FACILITY_PROVIDED,2026-08-11
DEWVN,DEWVNEGW,SMDG,smdg/DEWVNEGW-SMDG.json,4,BERTH|CENTROID|FACILITY,2,FACILITY_PROVIDED,2026-08-11
DJJIB,DJJIBDCT,SMDG,smdg/DJJIBDCT-SMDG.json,4,BERTH|CENTROID|FACILITY,2,LOCAL_KNOWLEDGE,2025-11-28
DKAAL,DKAALPOAA,BIC,bic/DKAALPOAA-BIC.json,2,CENTROID|FACILITY,1,REVIEW_PANEL,2026-02-24
DKAAL,DKAALDKACT,SMDG,smdg/DKAALDKACT-SMDG.json,4,BERTH|CENTROID|FACILITY,2,LOCAL_KNOWLEDGE,2026-05-07
DKAAR,DKAARCDKA,BIC,bic/DKAARCDKA-BIC.json,2,CENTROID|FACILITY,1,LOCAL_KNOWLEDGE,2025-05-16
DKAAR,DKAARDMDB,BIC,bic/DKAARDMDB-BIC.json,2,CENTROID|FACILITY,1,LOCAL_KNOWLEDGE,2026-05-07
DKAAR,DKAARGWCI,BIC,bic/DKAARGWCI-BIC.json,2,CENTROID|FACILITY,1,REVIEW_PANEL,2026-02-17
DKAAR,DKAARJQYU,BIC,bic/DKAARJQYU-BIC.json,2,CENTROID|FACILITY,1,REVIEW_PANEL,2026-02-13
DKAAR,DKAARONHV,BIC,bic/DKAARONHV-BIC.json,2,CENTROID|FACILITY,1,LOCAL_KNOWLEDGE,2026-02-17
DKAAR,DKAARAPMT,SMDG,smdg/DKAARAPMT-SMDG.json,4,BERTH|CENTROID|FACILITY,2,LOCAL_KNOWLEDGE,2026-05-07
DKCPH,DKCPHCDKA,BIC,bic/DKCPHCDKA-BIC.json,2,CENTROID|FACILITY,1,REVIEW_PANEL,2023-12-08
DKCPH,DKCPHCZGQ,BIC,bic/DKCPHCZGQ-BIC.json,2,CENTROID|FACILITY,1,REVIEW_PANEL,2026-02-24
DKCPH,DKCPHEUDF,BIC,bic/DKCPHEUDF-BIC.json,2,CENTROID|FACILITY,1,REVIEW_PANEL,2026-02-24
DKCPH,DKCPHQZHX,BIC,bic/DKCPHQZHX-BIC.json,2,CENTROID|FACILITY,1,REVIEW_PANEL,2026-02-13
DKCPH,DKCPHSBWZ,BIC,bic/DKCPHSBWZ-BIC.json,2,CENTROID|FACILITY,1,REVIEW_PANEL,2026-03-23
DKCPH,DKCPHCMPDK,SMDG,smdg/DKCPHCMPDK-SMDG.json,4,BERTH|CENTROID|FACILITY,2,LOCAL_KNOWLEDGE,2026-04-21
DOCAU,DOCAUBITA,BIC,bic/DOCAUBITA-BIC.json,2,CENTROID|FACILITY,1,REVIEW_PANEL,2026-08-17
DOCAU,DOCAUMEDA,BIC,bic/DOCAUMEDA-BIC.json,2,CENTROID|FACILITY,1,REVIEW_PANEL,2025-09-04
DOCAU,DOCAUPEZI,BIC,bic/DOCAUPEZI-BIC.json,2,CENTROID|FACILITY,1,LOCAL_KNOWLEDGE,2025-09-04
DOCAU,DOCAUVFKO,BIC,bic/DOCAUVFKO-BIC.json,2,CENTROID|FACILITY,1,REVIEW_PANEL,2025-09-04
DOCAU,DOCAUDPCAU,SMDG,smdg/DOCAUDPCAU-SMDG.json,4,BERTH|CENTROID|FACILITY,2,REVIEW_PANEL,2025-09-04
DOHAI,DOHAIHAIA,BIC,bic/DOHAIHAIA-BIC.json,2,CENTROID|FACILITY,1,LOCAL_KNOWLEDGE,2025-09-04
DOHAI,DOHAIHUCW,BIC,bic/DOHAIHUCW-BIC.json,2,CENTROID|FACILITY,1,LOCAL_KNOWLEDGE,2025-09-04
DOHAI,DOHAIMOYQ,BIC,bic/DOHAIMOYQ-BIC.json,2,CENTROID|FACILITY,1,LOCAL_KNOWLEDGE,2025-09-04
DOHAI,DOHAIPALE,BIC,bic/DOHAIPALE-BIC.json,2,CENTROID|FACILITY,1,LOCAL_KNOWLEDGE,2025-09-04
DOHAI,DOHAIUUTD,BIC,bic/DOHAIUUTD-BIC.json,2,CENTROID|FACILITY,1,LOCAL_KNOWLEDGE,2025-09-04
DOHAI,DOHAIHIT,SMDG,smdg/DOHAIHIT-SMDG.json,4,BERTH|CENTROID|FACILITY,2,LOCAL_KNOWLEDGE,2025-09-04
DZAAE,DZAAEEPAN,SMDG,smdg/DZAAEEPAN-SMDG.json,6,BERTH|CENTROID|FACILITY,3,LOCAL_KNOWLEDGE,2026-02-05
DZALG,DZALGDSOG,BIC,bic/DZALGDSOG-BIC.json,4,CENTROID|FACILITY|GATE,2,LOCAL_KNOWLEDGE,2026-06-18
DZALG,DZALGDPW,SMDG,smdg/DZALGDPW-SMDG.json,8,BERTH|CENTROID|FACILITY,4,LOCAL_KNOWLEDGE,2026-02-05
DZALG,DZALGEPAL,SMDG,smdg/DZALGEPAL-SMDG.json,14,BERTH|CENTROID|FACILITY,7,LOCAL_KNOWLEDGE,2026-02-05
DZBJA,DZBJABMT,SMDG,smdg/DZBJABMT-SMDG.json,4,BERTH|CENTROID|FACILITY,2,LOCAL_KNOWLEDGE,2026-02-05
DZDJE,DZDJEDPW,SMDG,smdg/DZDJEDPW-SMDG.json,8,BERTH|CENTROID|FACILITY,4,LOCAL_KNOWLEDGE,2026-02-05
DZORN,DZORNDSAT,BIC,bic/DZORNDSAT-BIC.json,4,CENTROID|FACILITY|GATE,2,LOCAL_KNOWLEDGE,2026-07-01
DZORN,DZORNEPO,SMDG,smdg/DZORNEPO-SMDG.json,12,BERTH|CENTROID|FACILITY,6,LOCAL_KNOWLEDGE,2026-02-05
DZSKI,DZSKIDSKK,BIC,bic/DZSKIDSKK-BIC.json,4,CENTROID|FACILITY|GATE,2,LOCAL_KNOWLEDGE,2026-06-18
DZSKI,DZSKIEPS,SMDG,smdg/DZSKIEPS-SMDG.json,8,BERTH|CENTROID|FACILITY,4,LOCAL_KNOWLEDGE,2026-02-05
ECGYE,ECGYEARTA,BIC,bic/ECGYEARTA-BIC.json,2,CENTROID|FACILITY,1,,2025-03-20
ECGYE,ECGYEARTB,BIC,bic/ECGYEARTB-BIC.json,2,CENTROID|FACILITY,1,REVIEW_PANEL,2026-04-15
ECGYE,ECGYEBSTA,BIC,bic/ECGYEBSTA-BIC.json,2,CENTROID|FACILITY,1,LOCAL_KNOWLEDGE,2025-03-20
ECGYE,ECGYECCNA,BIC,bic/ECGYECCNA-BIC.json,2,CENTROID|FACILITY,1,LOCAL_KNOWLEDGE,2025-03-13
ECGYE,ECGYEDSAA,BIC,bic/ECGYEDSAA-BIC.json,2,CENTROID|FACILITY,1,REVIEW_PANEL,2025-03-20
ECGYE,ECGYEBANA,SMDG,smdg/ECGYEBANA-SMDG.json,4,BERTH|CENTROID|FACILITY,2,LOCAL_KNOWLEDGE,2025-03-13
ECGYE,ECGYECONTE,SMDG,smdg/ECGYECONTE-SMDG.json,4,BERTH|CENTROID|FACILITY,2,LOCAL_KNOWLEDGE,2025-03-13
ECGYE,ECGYETPG,SMDG,smdg/ECGYETPG-SMDG.json,4,BERTH|CENTROID|FACILITY,2,LOCAL_KNOWLEDGE,2025-03-13
ECPBO,ECPBOPMJL,BIC,bic/ECPBOPMJL-BIC.json,2,CENTROID|FACILITY,1,REVIEW_PANEL,2025-03-20
ECPBO,ECPBOQVSS,BIC,bic/ECPBOQVSS-BIC.json,2,CENTROID|FACILITY,1,LOCAL_KNOWLEDGE,2025-03-27
ECPBO,ECPBOZMYE,BIC,bic/ECPBOZMYE-BIC.json,2,CENTROID|FACILITY,1,REVIEW_PANEL,2025-03-20
ECPBO,ECPBOECPBO,SMDG,smdg/ECPBOECPBO-SMDG.json,4,BERTH|CENTROID|FACILITY,2,LOCAL_KNOWLEDGE,2025-03-13
ECPSJ,ECPSJLAST,BIC,bic/ECPSJLAST-BIC.json,2,CENTROID|FACILITY,1,LOCAL_KNOWLEDGE,2025-05-16
ECPSJ,ECPSJDPWPSJ,SMDG,smdg/ECPSJDPWPSJ-SMDG.json,4,BERTH|CENTROID|FACILITY,2,LOCAL_KNOWLEDGE,2025-03-13
EEMUG,EEMUGINTA,BIC,bic/EEMUGINTA-BIC.json,2,CENTROID|FACILITY,1,REVIEW_PANEL,2025-01-22
EEMUG,EEMUGTKM,SMDG,smdg/EEMUGTKM-SMDG.json,6,BERTH|CENTROID|FACILITY,3,LOCAL_KNOWLEDGE,2025-05-16
EGAKI,EGAKIAQCT,SMDG,smdg/EGAKIAQCT-SMDG.json,4,BERTH|CENTROID|FACILITY,2,FACILITY_PROVIDED,2026-01-29
EGPSD,EGPSDEOHQ,BIC,bic/EGPSDEOHQ-BIC.json,2,CENTROID|FACILITY,1,LOCAL_KNOWLEDGE,2025-05-16
EGPSD,EGPSDIAAX,BIC,bic/EGPSDIAAX-BIC.json,2,CENTROID|FACILITY,1,LOCAL_KNOWLEDGE,2024-05-29
EGPSD,EGPSDKSHT,BIC,bic/EGPSDKSHT-BIC.json,4,CENTROID|FACILITY,2,LOCAL_KNOWLEDGE,2024-06-27
EGPSD,EGPSDPSCCH,SMDG,smdg/EGPSDPSCCH-SMDG.json,6,BERTH|CENTROID|FACILITY,3,REVIEW_PANEL,2024-06-27
EGPSD,EGPSDSCCT,SMDG,smdg/EGPSDSCCT-SMDG.json,4,BERTH|CENTROID|FACILITY,2,LOCAL_KNOWLEDGE,2024-05-29
EGSOK,EGSOKAOXT,BIC,bic/EGSOKAOXT-BIC.json,2,CENTROID|FACILITY,1,REVIEW_PANEL,2023-12-13
EGSOK,EGSOKOSTS,BIC,bic/EGSOKOSTS-BIC.json,2,CENTROID|FACILITY,1,REVIEW_PANEL,2026-03-24
EGSOK,EGSOKRSCT,BIC,bic/EGSOKRSCT-BIC.json,2,CENTROID|FACILITY,1,REVIEW_PANEL,2026-03-24
EGSOK,EGSOKDPWSOK,SMDG,smdg/EGSOKDPWSOK-SMDG.json,4,BERTH|CENTROID|FACILITY,2,LOCAL_KNOWLEDGE,2026-03-24
ESACE,ESACEOKYT,BIC,bic/ESACEOKYT-BIC.json,2,CENTROID|FACILITY,1,LOCAL_KNOWLEDGE,2026-02-17
ESACE,ESACELMM,SMDG,smdg/ESACELMM-SMDG.json,4,BERTH|CENTROID|FACILITY,2,LOCAL_KNOWLEDGE,2026-02-06
ESAGP,ESAGPRHDJ,BIC,bic/ESAGPRHDJ-BIC.json,2,CENTROID|FACILITY,1,LOCAL_KNOWLEDGE,2026-02-18
ESAGP,ESAGPNOATM,SMDG,smdg/ESAGPNOATM-SMDG.json,4,BERTH|CENTROID|FACILITY,2,LOCAL_KNOWLEDGE,2026-01-27
ESALC,ESALCQVHG,BIC,bic/ESALCQVHG-BIC.json,6,CENTROID|FACILITY,3,LOCAL_KNOWLEDGE,2026-02-17
ESALC,ESALCVDEK,BIC,bic/ESALCVDEK-BIC.json,2,CENTROID|FACILITY,1,LOCAL_KNOWLEDGE,2026-02-17
ESALC,ESALCTMS,SMDG,smdg/ESALCTMS-SMDG.json,4,BERTH|CENTROID|FACILITY,2,LOCAL_KNOWLEDGE,2026-01-27
ESALG,ESALGDZFA,BIC,bic/ESALGDZFA-BIC.json,4,CENTROID|FACILITY,2,REVIEW_PANEL,2024-04-25
ESALG,ESALGGGZW,BIC,bic/ESALGGGZW-BIC.json,2,CENTROID|FACILITY,1,LOCAL_KNOWLEDGE,2024-04-10
ESALG,ESALGGVLG,BIC,bic/ESALGGVLG-BIC.json,2,CENTROID|FACILITY,1,REVIEW_PANEL,2024-04-25
ESALG,ESALGGVUS,BIC,bic/ESALGGVUS-BIC.json,2,CENTROID|FACILITY,1,LOCAL_KNOWLEDGE,2024-04-10
ESALG,ESALGPGLA,BIC,bic/ESALGPGLA-BIC.json,2,CENTROID|FACILITY,1,REVIEW_PANEL,2024-04-25
ESALG,ESALGAPM,SMDG,smdg/ESALGAPM-SMDG.json,4,BERTH|CENTROID|FACILITY,2,REVIEW_PANEL,2024-04-10
ESALG,ESALGTTI,SMDG,smdg/ESALGTTI-SMDG.json,4,BERTH|CENTROID|FACILITY,2,REVIEW_PANEL,2024-04-10
ESBCN,ESBCNBEST,BIC,bic/ESBCNBEST-BIC.json,2,CENTROID|FACILITY,1,REVIEW_PANEL,2024-03-06
ESBCN,ESBCNBLAA,BIC,bic/ESBCNBLAA-BIC.json,2,CENTROID|FACILITY,1,REVIEW_PANEL,2024-03-21
ESBCN,ESBCNCXZR,BIC,bic/ESBCNCXZR-BIC.json,2,CENTROID|FACILITY,1,FACILITY_PROVIDED,2023-12-14
ESBCN,ESBCNDLTA,BIC,bic/ESBCNDLTA-BIC.json,2,CENTROID|FACILITY,1,LOCAL_KNOWLEDGE,2026-06-19
ESBCN,ESBCNDZFA,BIC,bic/ESBCNDZFA-BIC.json,2,centroid|geofence,1,,2023-07-17
ESBCN,ESBCNBEST,SMDG,smdg/ESBCNBEST-SMDG.json,4,BERTH|CENTROID|FACILITY,2,REVIEW_PANEL,2024-02-28
ESBCN,ESBCNPNOU3,SMDG,smdg/ESBCNPNOU3-SMDG.json,4,BERTH|CENTROID|FACILITY,2,LOCAL_KNOWLEDGE,2026-01-29
ESBCN,ESBCNTCB,SMDG,smdg/ESBCNTCB-SMDG.json,4,BERTH|CENTROID|FACILITY,2,REVIEW_PANEL,2025-05-16
ESBIO,ESBIOCAZQ,BIC,bic/ESBIOCAZQ-BIC.json,2,CENTROID|FACILITY,1,LOCAL_KNOWLEDGE,2025-11-28
ESBIO,ESBIOPROA,BIC,bic/ESBIOPROA-BIC.json,2,CENTROID|FACILITY,1,REVIEW_PANEL,2026-05-12
ESBIO,ESBIOQAZI,BIC,bic/ESBIOQAZI-BIC.json,2,CENTROID|FACILITY,1,REVIEW_PANEL,2024-04-24
ESBIO,ESBIORXSF,BIC,bic/ESBIORXSF-BIC.json,2,CENTROID|FACILITY,1,REVIEW_PANEL,2024-04-24
ESBIO,ESBIOVMIX,BIC,bic/ESBIOVMIX-BIC.json,2,CENTROID|FACILITY,1,LOCAL_KNOWLEDGE,2026-02-17
ESBIO,ESBIOBMB,SMDG,smdg/ESBIOBMB-SMDG.json,4,BERTH|CENTROID|FACILITY,2,LOCAL_KNOWLEDGE,2026-01-27
ESBIO,ESBIONOATB,SMDG,smdg/ESBIONOATB-SMDG.json,4,BERTH|CENTROID|FACILITY,2,LOCAL_KNOWLEDGE,2024-04-24
ESCAD,ESCADZGXI,BIC,bic/ESCADZGXI-BIC.json,2,CENTROID|FACILITY,1,LOCAL_KNOWLEDGE,2024-04-24
ESCAD,ESCADTCD,SMDG,smdg/ESCADTCD-SMDG.json,4,BERTH|CENTROID|FACILITY,2,LOCAL_KNOWLEDGE,2026-01-27
ESCAR,ESCARDLVM,BIC,bic/ESCARDLVM-BIC.json,2,CENTROID|FACILITY,1,LOCAL_KNOWLEDGE,2026-02-17
ESCAR,ESCARTMC,SMDG,smdg/ESCARTMC-SMDG.json,4,BERTH|CENTROID|FACILITY,2,LOCAL_KNOWLEDGE,2026-01-27
ESCAS,ESCASBTBM,BIC,bic/ESCASBTBM-BIC.json,2,CENTROID|FACILITY,1,LOCAL_KNOWLEDGE,2026-02-17
ESCAS,ESCASNTC,SMDG,smdg/ESCASNTC-SMDG.json,4,BERTH|CENTROID|FACILITY,2,REVIEW_PANEL,2026-01-27
ESGIJ,ESGIJEENE,BIC,bic/ESGIJEENE-BIC.json,2,CENTROID|FACILITY,1,LOCAL_KNOWLEDGE,2026-02-17
ESGIJ,ESGIJMUBE,BIC,bic/ESGIJMUBE-BIC.json,2,CENTROID|FACILITY,1,LOCAL_KNOWLEDGE,2026-02-17
ESGIJ,ESGIJYCKA,BIC,bic/ESGIJYCKA-BIC.json,2,CENTROID|FACILITY,1,LOCAL_KNOWLEDGE,2026-02-17
ESGIJ,ESGIJTEGIJ,SMDG,smdg/ESGIJTEGIJ-SMDG.json,4,BERTH|CENTROID|FACILITY,2,LOCAL_KNOWLEDGE,2024-04-24
ESHUV,ESHUVTNWN,BIC,bic/ESHUVTNWN-BIC.json,2,CENTROID|FACILITY,1,LOCAL_KNOWLEDGE,2026-02-18
ESHUV,ESHUVPDH,SMDG,smdg/ESHUVPDH-SMDG.json,4,BERTH|CENTROID|FACILITY,2,LOCAL_KNOWLEDGE,2026-01-27
ESLEI,ESLEIALMT,SMDG,smdg/ESLEIALMT-SMDG.json,4,BERTH|CENTROID|FACILITY,2,LOCAL_KNOWLEDGE,2026-01-27
ESLPA,ESLPAWOHZ,BIC,bic/ESLPAWOHZ-BIC.json,2,CENTROID|FACILITY,1,LOCAL_KNOWLEDGE,2024-04-24
ESLPA,ESLPAYZAN,BIC,bic/ESLPAYZAN-BIC.json,2,CENTROID|FACILITY,1,LOCAL_KNOWLEDGE,2024-04-24
ESLPA,ESLPALALUZ,SMDG,smdg/ESLPALALUZ-SMDG.json,4,BERTH|CENTROID|FACILITY,2,LOCAL_KNOWLEDGE,2026-01-27
ESLPA,ESLPAOPCSA,SMDG,smdg/ESLPAOPCSA-SMDG.json,6,BERTH|CENTROID|FACILITY,3,LOCAL_KNOWLEDGE,2026-01-27
ESMPG,ESMPGRVNH,BIC,bic/ESMPGRVNH-BIC.json,2,CENTROID|FACILITY,1,LOCAL_KNOWLEDGE,2024-04-24
ESMPG,ESMPGMPT,SMDG,smdg/ESMPGMPT-SMDG.json,4,BERTH|CENTROID|FACILITY,2,LOCAL_KNOWLEDGE,2026-01-27
ESSAG,ESSAGSSDT,BIC,bic/ESSAGSSDT-BIC.json,2,CENTROID|FACILITY,1,LOCAL_KNOWLEDGE,2026-02-18
ESSAG,ESSAGINTERS,SMDG,smdg/ESSAGINTERS-SMDG.json,4,BERTH|CENTROID|FACILITY,2,REVIEW_PANEL,2026-01-27
ESSCT,ESSCTCAPSA,SMDG,smdg/ESSCTCAPSA-SMDG.json,4,BERTH|CENTROID|FACILITY,2,LOCAL_KNOWLEDGE,2026-01-27
ESSCT,ESSCTESTCT,SMDG,smdg/ESSCTESTCT-SMDG.json,4,BERTH|CENTROID|FACILITY,2,REVIEW_PANEL,2026-01-27
ESSVQ,ESSVQCDBP,BIC,bic/ESSVQCDBP-BIC.json,2,CENTROID|FACILITY,1,LOCAL_KNOWLEDGE,2026-02-18
ESSVQ,ESSVQCDEN,BIC,bic/ESSVQCDEN-BIC.json,2,CENTROID|FACILITY,1,LOCAL_KNOWLEDGE,2026-02-18
ESSVQ,ESSVQYRMD,BIC,bic/ESSVQYRMD-BIC.json,2,CENTROID|FACILITY,1,LOCAL_KNOWLEDGE,2026-02-18
ESSVQ,ESSVQTMG,SMDG,smdg/ESSVQTMG-SMDG.json,4,BERTH|CENTROID|FACILITY,2,FACILITY_PROVIDED,2025-10-31
ESVGO,ESVGOBOEL,BIC,bic/ESVGOBOEL-BIC.json,2,CENTROID|FACILITY,1,REVIEW_PANEL,2026-02-24
ESVGO,ESVGOPROA,BIC,bic/ESVGOPROA-BIC.json,2,CENTROID|FACILITY,1,,2026-02-24
ESVGO,ESVGOYSUJ,BIC,bic/ESVGOYSUJ-BIC.json,2,CENTROID|FACILITY,1,LOCAL_KNOWLEDGE,2023-12-08
ESVGO,ESVGOTMI,SMDG,smdg/ESVGOTMI-SMDG.json,4,BERTH|CENTROID|FACILITY,2,REVIEW_PANEL,2026-01-27
ESVIL,ESVILBMT,SMDG,smdg/ESVILBMT-SMDG.json,4,BERTH|CENTROID|FACILITY,2,REVIEW_PANEL,2026-01-27
ESVLC,ESVLCAIYX,BIC,bic/ESVLCAIYX-BIC.json,2,CENTROID|FACILITY,1,LOCAL_KNOWLEDGE,2025-05-16
ESVLC,ESVLCAJPD,BIC,bic/ESVLCAJPD-BIC.json,2,CENTROID|FACILITY,1,LOCAL_KNOWLEDGE,2024-03-13
ESVLC,ESVLCCRLV,BIC,bic/ESVLCCRLV-BIC.json,2,CENTROID|FACILITY,1,REVIEW_PANEL,2024-03-13
ESVLC,ESVLCDMXQ,BIC,bic/ESVLCDMXQ-BIC.json,2,CENTROID|FACILITY,1,LOCAL_KNOWLEDGE,2024-03-13
ESVLC,ESVLCJRXK,BIC,bic/ESVLCJRXK-BIC.json,2,CENTROID|FACILITY,1,LOCAL_KNOWLEDGE,2024-03-13
ESVLC,ESVLCMSCVC,SMDG,smdg/ESVLCMSCVC-SMDG.json,4,BERTH|CENTROID|FACILITY,2,REVIEW_PANEL,2024-03-13
ESVLC,ESVLCNOATV,SMDG,smdg/ESVLCNOATV-SMDG.json,4,BERTH|CENTROID|FACILITY,2,REVIEW_PANEL,2024-03-13
ESVLC,ESVLCTCV,SMDG,smdg/ESVLCTCV-SMDG.json,4,BERTH|CENTROID|FACILITY,2,REVIEW_PANEL,2024-03-13
FIHEL,FIHELEMAA,BIC,bic/FIHELEMAA-BIC.json,6,CENTROID|FACILITY,3,FACILITY_PROVIDED,2026-06-15
FIHEL,FIHELOMWH,BIC,bic/FIHELOMWH-BIC.json,4,CENTROID|FACILITY,2,LOCAL_KNOWLEDGE,2025-05-16
FIHEL,FIHELSTCA,BIC,bic/FIHELSTCA-BIC.json,2,CENTROID|FACILITY,1,REVIEW_PANEL,2024-12-18
FIHEL,FIHELFIVCT,SMDG,smdg/FIHELFIVCT-SMDG.json,4,BERTH|CENTROID|FACILITY,2,LOCAL_KNOWLEDGE,2024-12-03
FIHEL,FIHELFSHVU,SMDG,smdg/FIHELFSHVU-SMDG.json,4,BERTH|CENTROID|FACILITY,2,LOCAL_KNOWLEDGE,2024-12-03
FIHEL,FIHELMLTHEL,SMDG,smdg/FIHELMLTHEL-SMDG.json,4,BERTH|CENTROID|FACILITY,2,FACILITY_PROVIDED,2024-12-03
FIKTK,FIKTKPSLK,BIC,bic/FIKTKPSLK-BIC.json,2,CENTROID|FACILITY,1,FACILITY_PROVIDED,2026-06-15
FIKTK,FIKTKZGFQ,BIC,bic/FIKTKZGFQ-BIC.json,2,CENTROID|FACILITY,1,REVIEW_PANEL,2026-01-20
FIKTK,FIKTKZMWL,BIC,bic/FIKTKZMWL-BIC.json,2,CENTROID|FACILITY,1,REVIEW_PANEL,2026-01-20
FIKTK,FIKTKFIKCT,SMDG,smdg/FIKTKFIKCT-SMDG.json,4,BERTH|CENTROID|FACILITY,2,LOCAL_KNOWLEDGE,2024-12-03
FIKTK,FIKTKMLTKTK,SMDG,smdg/FIKTKMLTKTK-SMDG.json,4,BERTH|CENTROID|FACILITY,2,LOCAL_KNOWLEDGE,2024-12-03
FIRAU,FIRAURSTA,BIC,bic/FIRAURSTA-BIC.json,2,CENTROID|FACILITY,1,LOCAL_KNOWLEDGE,2024-12-18
FIRAU,FIRAUREU,SMDG,smdg/FIRAUREU-SMDG.json,4,BERTH|CENTROID|FACILITY,2,LOCAL_KNOWLEDGE,2025-05-16
FRBES,FRBESBMCT,SMDG,smdg/FRBESBMCT-SMDG.json,6,BERTH|CENTROID|FACILITY,3,LOCAL_KNOWLEDGE,2026-07-01
FRDKK,FRDKKDPRO,BIC,bic/FRDKKDPRO-BIC.json,4,CENTROID|FACILITY|GATE,2,LOCAL_KNOWLEDGE,2026-06-18
FRDKK,FRDKKRQUF,BIC,bic/FRDKKRQUF-BIC.json,2,CENTROID|FACILITY,1,REVIEW_PANEL,2023-12-07
FRDKK,FRDKKTSIA,BIC,bic/FRDKKTSIA-BIC.json,2,CENTROID|FACILITY,1,REVIEW_PANEL,2026-06-12
FRDKK,FRDKKTDF,SMDG,smdg/FRDKKTDF-SMDG.json,4,BERTH|CENTROID|FACILITY,2,LOCAL_KNOWLEDGE,2026-06-18
FRFOS,FRFOSARNA,BIC,bic/FRFOSARNA-BIC.json,8,CENTROID|FACILITY,4,REVIEW_PANEL,2026-04-09
FRFOS,FRFOSDPRO,BIC,bic/FRFOSDPRO-BIC.json,6,CENTROID|FACILITY|GATE,3,LOCAL_KNOWLEDGE,2026-06-18
FRFOS,FRFOSJMEC,BIC,bic/FRFOSJMEC-BIC.json,4,CENTROID|FACILITY,2,FACILITY_PROVIDED,2026-03-05
FRFOS,FRFOSTSIA,BIC,bic/FRFOSTSIA-BIC.json,2,CENTROID|FACILITY,1,FACILITY_PROVIDED,2025-10-30
FRFOS,FRFOSEURFO,SMDG,smdg/FRFOSEURFO-SMDG.json,4,BERTH|CENTROID|FACILITY,2,LOCAL_KNOWLEDGE,2024-10-25
FRLEH,FRLEHAOTZ,BIC,bic/FRLEHAOTZ-BIC.json,2,CENTROID|FACILITY,1,REVIEW_PANEL,2024-07-24
FRLEH,FRLEHARCA,BIC,bic/FRLEHARCA-BIC.json,2,CENTROID|FACILITY,1,REVIEW_PANEL,2025-05-21
FRLEH,FRLEHDPRO,BIC,bic/FRLEHDPRO-BIC.json,4,CENTROID|FACILITY|GATE,2,LOCAL_KNOWLEDGE,2026-06-30
FRLEH,FRLEHHQSZ,BIC,bic/FRLEHHQSZ-BIC.json,2,CENTROID|FACILITY,1,LOCAL_KNOWLEDGE,2023-12-21
FRLEH,FRLEHHWLG,BIC,bic/FRLEHHWLG-BIC.json,2,CENTROID|FACILITY,1,REVIEW_PANEL,2025-05-21
FRLEH,FRLEHAMQ,SMDG,smdg/FRLEHAMQ-SMDG.json,4,BERTH|CENTROID|FACILITY,2,LOCAL_KNOWLEDGE,2024-07-24
FRLEH,FRLEHEUP,SMDG,smdg/FRLEHEUP-SMDG.json,8,BERTH|CENTROID|FACILITY,4,REVIEW_PANEL,2025-05-16
FRLEH,FRLEHQATL,SMDG,smdg/FRLEHQATL-SMDG.json,6,BERTH|CENTROID|FACILITY,3,REVIEW_PANEL,2025-01-31
FRLEH,FRLEHTDF,SMDG,smdg/FRLEHTDF-SMDG.json,4,BERTH|CENTROID|FACILITY,2,LOCAL_KNOWLEDGE,2024-07-24
FRLEH,FRLEHTMS,SMDG,smdg/FRLEHTMS-SMDG.json,4,BERTH|CENTROID|FACILITY,2,LOCAL_KNOWLEDGE,2024-07-24
FRMRS,FRMRSPROA,BIC,bic/FRMRSPROA-BIC.json,2,CENTROID|FACILITY,1,LOCAL_KNOWLEDGE,2026-07-13
FRMRS,FRMRSTSIA,BIC,bic/FRMRSTSIA-BIC.json,4,CENTROID|FACILITY,2,LOCAL_KNOWLEDGE,2026-03-13
FRMRS,FRMRSMET,SMDG,smdg/FRMRSMET-SMDG.json,4,BERTH|CENTROID|FACILITY,2,LOCAL_KNOWLEDGE,2024-11-08
FRMTX,FRMTXDACA,BIC,bic/FRMTXDACA-BIC.json,10,CENTROID|FACILITY|GATE,5,LOCAL_KNOWLEDGE,2026-06-30
FRMTX,FRMTXDSEA,BIC,bic/FRMTXDSEA-BIC.json,2,CENTROID|FACILITY,1,REVIEW_PANEL,2026-04-09
FRMTX,FRMTXTGO,SMDG,smdg/FRMTXTGO-SMDG.json,4,BERTH|CENTROID|FACILITY,2,REVIEW_PANEL,2024-11-08
GALBV,GALBVAGLA,BIC,bic/GALBVAGLA-BIC.json,2,CENTROID|FACILITY,1,REVIEW_PANEL,2026-07-02
GALBV,GALBVAMTW,BIC,bic/GALBVAMTW-BIC.json,2,CENTROID|FACILITY,1,LOCAL_KNOWLEDGE,2026-07-02
GALBV,GALBVFHXF,BIC,bic/GALBVFHXF-BIC.json,2,CENTROID|FACILITY,1,LOCAL_KNOWLEDGE,2026-07-02
GALBV,GALBVIUVU,BIC,bic/GALBVIUVU-BIC.json,2,CENTROID|FACILITY,1,LOCAL_KNOWLEDGE,2026-07-02
GALBV,GALBVIXWK,BIC,bic/GALBVIXWK-BIC.json,2,CENTROID|FACILITY,1,LOCAL_KNOWLEDGE,2026-07-02
GALBV,GALBVOCT,SMDG,smdg/GALBVOCT-SMDG.json,8,BERTH|CENTROID|FACILITY,4,LOCAL_KNOWLEDGE,2026-02-06
GAPOG,GAPOGEFHZ,BIC,bic/GAPOGEFHZ-BIC.json,2,CENTROID|FACILITY,1,LOCAL_KNOWLEDGE,2026-07-02
GAPOG,GAPOGCGEME,SMDG,smdg/GAPOGCGEME-SMDG.json,8,BERTH|CENTROID|FACILITY,4,LOCAL_KNOWLEDGE,2026-02-10
GBBEL,GBBELBFCA,BIC,bic/GBBELBFCA-BIC.json,2,CENTROID|FACILITY,1,REVIEW_PANEL,2025-06-03
GBBEL,GBBELBRFA,BIC,bic/GBBELBRFA-BIC.json,2,CENTROID|FACILITY,1,REVIEW_PANEL,2026-04-27
GBBEL,GBBELEYAQ,BIC,bic/GBBELEYAQ-BIC.json,2,CENTROID|FACILITY,1,REVIEW_PANEL,2025-05-23
GBBEL,GBBELPFWT,BIC,bic/GBBELPFWT-BIC.json,2,CENTROID|FACILITY,1,REVIEW_PANEL,2025-06-03
GBBEL,GBBELSOQG,BIC,bic/GBBELSOQG-BIC.json,2,CENTROID|FACILITY,1,REVIEW_PANEL,2025-08-18
GBBEL,GBBELVIC3,SMDG,smdg/GBBELVIC3-SMDG.json,4,BERTH|CENTROID|FACILITY,2,LOCAL_KNOWLEDGE,2025-06-02
GBFXT,GBFXTCOSA,BIC,bic/GBFXTCOSA-BIC.json,2,CENTROID|FACILITY,1,REVIEW_PANEL,2024-01-31
GBFXT,GBFXTELPA,BIC,bic/GBFXTELPA-BIC.json,2,CENTROID|FACILITY,1,REVIEW_PANEL,2025-05-16
GBFXT,GBFXTIMEA,BIC,bic/GBFXTIMEA-BIC.json,4,CENTROID|FACILITY,2,REVIEW_PANEL,2024-02-07
GBFXT,GBFXTIPMF,BIC,bic/GBFXTIPMF-BIC.json,2,CENTROID|FACILITY,1,REVIEW_PANEL,2024-01-31
GBFXT,GBFXTJKMA,BIC,bic/GBFXTJKMA-BIC.json,2,CENTROID|FACILITY,1,LOCAL_KNOWLEDGE,2024-02-07
GBFXT,GBFXTDLY,SMDG,smdg/GBFXTDLY-SMDG.json,4,BERTH|CENTROID|FACILITY,2,REVIEW_PANEL,2024-02-23
GBFXT,GBFXTLNG,SMDG,smdg/GBFXTLNG-SMDG.json,4,BERTH|CENTROID|FACILITY,2,REVIEW_PANEL,2024-02-07
GBFXT,GBFXTTTY,SMDG,smdg/GBFXTTTY-SMDG.json,4,BERTH|CENTROID|FACILITY,2,REVIEW_PANEL,2024-02-23
GBGRG,GBGRGBUIT,BIC,bic/GBGRGBUIT-BIC.json,1,FACILITY,1,REVIEW_PANEL,2025-08-16
GBGRG,GBGRGISOA,BIC,bic/GBGRGISOA-BIC.json,2,CENTROID|FACILITY,1,REVIEW_PANEL,2025-04-29
GBGRG,GBGRGTANA,BIC,bic/GBGRGTANA-BIC.json,2,CENTROID|FACILITY,1,FACILITY_PROVIDED,2025-05-16
GBGRG,GBGRGVSYZ,BIC,bic/GBGRGVSYZ-BIC.json,2,CENTROID|FACILITY,1,REVIEW_PANEL,2025-07-28
GBGRG,GBGRGXQDS,BIC,bic/GBGRGXQDS-BIC.json,2,CENTROID|FACILITY,1,REVIEW_PANEL,2025-10-08
GBGRG,GBGRGGBGR,SMDG,smdg/GBGRGGBGR-SMDG.json,4,BERTH|CENTROID|FACILITY,2,REVIEW_PANEL,2026-09-02
GBGRK,GBGRKIACB,BIC,bic/GBGRKIACB-BIC.json,2,CENTROID|FACILITY,1,LOCAL_KNOWLEDGE,2025-05-19
GBGRK,GBGRKWJWP,BIC,bic/GBGRKWJWP-BIC.json,2,CENTROID|FACILITY,1,REVIEW_PANEL,2025-09-09
GBGRK,GBGRKCLYDE,SMDG,smdg/GBGRKCLYDE-SMDG.json,4,BERTH|CENTROID|FACILITY,2,REVIEW_PANEL,2025-06-02
GBHUL,GBHULCLEA,BIC,bic/GBHULCLEA-BIC.json,2,CENTROID|FACILITY,1,REVIEW_PANEL,2025-06-16
GBHUL,GBHULNCGV,BIC,bic/GBHULNCGV-BIC.json,2,CENTROID|FACILITY,1,LOCAL_KNOWLEDGE,2025-09-09
GBHUL,GBHULSJSA,BIC,bic/GBHULSJSA-BIC.json,2,CENTROID|FACILITY,1,REVIEW_PANEL,2026-07-15
GBHUL,GBHULYMCA,BIC,bic/GBHULYMCA-BIC.json,2,CENTROID|FACILITY,1,REVIEW_PANEL,2025-09-09
GBHUL,GBHULHCT,SMDG,smdg/GBHULHCT-SMDG.json,4,BERTH|CENTROID|FACILITY,2,REVIEW_PANEL,2025-06-02
GBIMM,GBIMMIPKF,BIC,bic/GBIMMIPKF-BIC.json,2,CENTROID|FACILITY,1,FACILITY_PROVIDED,2026-05-26
GBIMM,GBIMMZMQY,BIC,bic/GBIMMZMQY-BIC.json,2,CENTROID|FACILITY,1,LOCAL_KNOWLEDGE,2025-09-09
GBIMM,GBIMMICT,SMDG,smdg/GBIMMICT-SMDG.json,6,BERTH|CENTROID|FACILITY,3,REVIEW_PANEL,2025-06-02
GBLGP,GBLGPWWGF,BIC,bic/GBLGPWWGF-BIC.json,2,CENTROID|FACILITY,1,REVIEW_PANEL,2025-08-19
GBLGP,GBLGPXABM,BIC,bic/GBLGPXABM-BIC.json,2,CENTROID|FACILITY,1,LOCAL_KNOWLEDGE,2025-11-03
GBLGP,GBLGPDPWLG,SMDG,smdg/GBLGPDPWLG-SMDG.json,4,BERTH|CENTROID|FACILITY,2,LOCAL_KNOWLEDGE,2025-11-03
GBLIV,GBLIVCHHG,BIC,bic/GBLIVCHHG-BIC.json,2,CENTROID|FACILITY,1,REVIEW_PANEL,2025-10-08
GBLIV,GBLIVCONA,BIC,bic/GBLIVCONA-BIC.json,2,CENTROID|FACILITY,1,REVIEW_PANEL,2026-05-05
GBLIV,GBLIVCYEE,BIC,bic/GBLIVCYEE-BIC.json,2,CENTROID|FACILITY,1,REVIEW_PANEL,2025-06-16
GBLIV,GBLIVDHAA,BIC,bic/GBLIVDHAA-BIC.json,4,CENTROID|FACILITY,2,FACILITY_PROVIDED,2026-05-22
GBLIV,GBLIVIRSA,BIC,bic/GBLIVIRSA-BIC.json,2,CENTROID|FACILITY,1,FACILITY_PROVIDED,2026-06-17
GBLIV,GBLIVL2CT,SMDG,smdg/GBLIVL2CT-SMDG.json,4,BERTH|CENTROID|FACILITY,2,LOCAL_KNOWLEDGE,2025-06-02
GBLIV,GBLIVRSCT,SMDG,smdg/GBLIVRSCT-SMDG.json,2,centroid|geofence,1,,2023-01-05
GBPRU,GBPRUPCT,SMDG,smdg/GBPRUPCT-SMDG.json,4,BERTH|CENTROID|FACILITY,2,LOCAL_KNOWLEDGE,2025-06-02
GBRCS,GBRCSDKHR,BIC,bic/GBRCSDKHR-BIC.json,2,CENTROID|FACILITY,1,REVIEW_PANEL,2025-07-29
GBRCS,GBRCSLTP,SMDG,smdg/GBRCSLTP-SMDG.json,4,BERTH|CENTROID|FACILITY,2,LOCAL_KNOWLEDGE,2025-06-02
GBSOU,GBSOUACSA,BIC,bic/GBSOUACSA-BIC.json,2,CENTROID|FACILITY,1,REVIEW_PANEL,2024-09-18
GBSOU,GBSOUFLXY,BIC,bic/GBSOUFLXY-BIC.json,2,CENTROID|FACILITY,1,LOCAL_KNOWLEDGE,2024-09-18
GBSOU,GBSOUFPER,BIC,bic/GBSOUFPER-BIC.json,2,CENTROID|FACILITY,1,REVIEW_PANEL,2024-09-18
GBSOU,GBSOUHIQT,BIC,bic/GBSOUHIQT-BIC.json,2,CENTROID|FACILITY,1,LOCAL_KNOWLEDGE,2024-09-18
GBSOU,GBSOUKRVI,BIC,bic/GBSOUKRVI-BIC.json,2,CENTROID|FACILITY,1,LOCAL_KNOWLEDGE,2024-09-19
GBSOU,GBSOUDPWS,SMDG,smdg/GBSOUDPWS-SMDG.json,4,BERTH|CENTROID|FACILITY,2,REVIEW_PANEL,2025-05-12
GBTEE,GBTEETEES,SMDG,smdg/GBTEETEES-SMDG.json,4,BERTH|CENTROID|FACILITY,2,LOCAL_KNOWLEDGE,2025-06-02
GBTIL,GBTILHOXZ,BIC,bic/GBTILHOXZ-BIC.json,2,CENTROID|FACILITY,1,LOCAL_KNOWLEDGE,2026-04-08
GBTIL,GBTILMFXP,BIC,bic/GBTILMFXP-BIC.json,2,CENTROID|FACILITY,1,REVIEW_PANEL,2025-04-29
GBTIL,GBTILUZRR,BIC,bic/GBTILUZRR-BIC.json,2,CENTROID|FACILITY,1,LOCAL_KNOWLEDGE,2025-04-29
GBTIL,GBTILLCT,SMDG,smdg/GBTILLCT-SMDG.json,6,BERTH|CENTROID|FACILITY,3,LOCAL_KNOWLEDGE,2025-06-02
GEBUS,GEBUSSELU,BIC,bic/GEBUSSELU-BIC.json,2,CENTROID|FACILITY,1,REVIEW_PANEL,2026-05-19
GEBUS,GEBUSZEZD,BIC,bic/GEBUSZEZD-BIC.json,2,CENTROID|FACILITY,1,REVIEW_PANEL,2026-05-08
GEBUS,GEBUSBICT,SMDG,smdg/GEBUSBICT-SMDG.json,4,BERTH|CENTROID|FACILITY,2,REVIEW_PANEL,2026-05-19
GHTEM,GHTEMAMPA,BIC,bic/GHTEMAMPA-BIC.json,2,CENTROID|FACILITY,1,REVIEW_PANEL,2026-07-15
GHTEM,GHTEMAUQM,BIC,bic/GHTEMAUQM-BIC.json,2,CENTROID|FACILITY,1,LOCAL_KNOWLEDGE,2026-07-15
GHTEM,GHTEMCEMG,BIC,bic/GHTEMCEMG-BIC.json,2,CENTROID|FACILITY,1,LOCAL_KNOWLEDGE,2026-07-15
GHTEM,GHTEMDKJX,BIC,bic/GHTEMDKJX-BIC.json,2,CENTROID|FACILITY,1,REVIEW_PANEL,2026-07-20
GHTEM,GHTEMEBFX,BIC,bic/GHTEMEBFX-BIC.json,2,CENTROID|FACILITY,1,LOCAL_KNOWLEDGE,2026-07-20
GHTEM,GHTEMMPS3,SMDG,smdg/GHTEMMPS3-SMDG.json,4,BERTH|CENTROID|FACILITY,2,LOCAL_KNOWLEDGE,2026-03-13
GHTEM,GHTEMTPT2,SMDG,smdg/GHTEMTPT2-SMDG.json,6,BERTH|CENTROID|FACILITY,3,LOCAL_KNOWLEDGE,2026-03-13
GHTKD,GHTKDAGLA,BIC,bic/GHTKDAGLA-BIC.json,2,CENTROID|FACILITY,1,LOCAL_KNOWLEDGE,2026-07-15
GHTKD,GHTKDIAGB,BIC,bic/GHTKDIAGB-BIC.json,2,CENTROID|FACILITY,1,LOCAL_KNOWLEDGE,2026-07-21
GHTKD,GHTKDTHYQ,BIC,bic/GHTKDTHYQ-BIC.json,2,CENTROID|FACILITY,1,LOCAL_KNOWLEDGE,2026-07-15
GHTKD,GHTKDZJSK,BIC,bic/GHTKDZJSK-BIC.json,2,CENTROID|FACILITY,1,LOCAL_KNOWLEDGE,2026-07-15
GHTKD,GHTKDTKD1,SMDG,smdg/GHTKDTKD1-SMDG.json,4,BERTH|CENTROID|FACILITY,2,REVIEW_PANEL,2026-07-20
GMBJL,GMBJLFESY,BIC,bic/GMBJLFESY-BIC.json,2,CENTROID|FACILITY,1,REVIEW_PANEL,2026-08-20
GMBJL,GMBJLVCAC,BIC,bic/GMBJLVCAC-BIC.json,2,CENTROID|FACILITY,1,LOCAL_KNOWLEDGE,2026-08-20
GMBJL,GMBJLGPA,SMDG,smdg/GMBJLGPA-SMDG.json,4,BERTH|CENTROID|FACILITY,2,LOCAL_KNOWLEDGE,2026-08-20
GNCKY,GNCKYAGLA,BIC,bic/GNCKYAGLA-BIC.json,2,CENTROID|FACILITY,1,REVIEW_PANEL,2026-06-30
GNCKY,GNCKYALPA,BIC,bic/GNCKYALPA-BIC.json,2,CENTROID|FACILITY,1,REVIEW_PANEL,2026-06-30
GNCKY,GNCKYJCRM,BIC,bic/GNCKYJCRM-BIC.json,2,CENTROID|FACILITY,1,LOCAL_KNOWLEDGE,2026-02-05
GNCKY,GNCKYKGLA,BIC,bic/GNCKYKGLA-BIC.json,2,CENTROID|FACILITY,1,REVIEW_PANEL,2026-06-30
GNCKY,GNCKYCCT,SMDG,smdg/GNCKYCCT-SMDG.json,8,BERTH|CENTROID|FACILITY,4,LOCAL_KNOWLEDGE,2026-02-05
GPPTP,GPPTPJARRY,SMDG,smdg/GPPTPJARRY-SMDG.json,6,BERTH|CENTROID|FACILITY,3,FACILITY_PROVIDED,2025-05-16
GRPIR,GRPIRCIKI,BIC,bic/GRPIRCIKI-BIC.json,2,CENTROID|FACILITY,1,LOCAL_KNOWLEDGE,2024-07-03
GRPIR,GRPIRCRKZ,BIC,bic/GRPIRCRKZ-BIC.json,2,CENTROID|FACILITY,1,REVIEW_PANEL,2026-08-06
GRPIR,GRPIREGFQ,BIC,bic/GRPIREGFQ-BIC.json,2,CENTROID|FACILITY,1,REVIEW_PANEL,2026-08-06
GRPIR,GRPIRGQGB,BIC,bic/GRPIRGQGB-BIC.json,2,CENTROID|FACILITY,1,LOCAL_KNOWLEDGE,2024-07-03
GRPIR,GRPIRQYIF,BIC,bic/GRPIRQYIF-BIC.json,2,CENTROID|FACILITY,1,LOCAL_KNOWLEDGE,2024-06-26
GRPIR,GRPIRGRPCT,SMDG,smdg/GRPIRGRPCT-SMDG.json,8,BERTH|CENTROID|FACILITY,4,LOCAL_KNOWLEDGE,2024-06-26
GRPIR,GRPIRPPA,SMDG,smdg/GRPIRPPA-SMDG.json,4,BERTH|CENTROID|FACILITY,2,LOCAL_KNOWLEDGE,2024-06-26
GRSKG,GRSKGBEES,BIC,bic/GRSKGBEES-BIC.json,2,CENTROID|FACILITY,1,REVIEW_PANEL,2026-08-11
GRSKG,GRSKGCXPP,BIC,bic/GRSKGCXPP-BIC.json,2,CENTROID|FACILITY,1,REVIEW_PANEL,2026-08-11
GRSKG,GRSKGDAAN,BIC,bic/GRSKGDAAN-BIC.json,2,CENTROID|FACILITY,1,LOCAL_KNOWLEDGE,2025-11-28
GRSKG,GRSKGFBLX,BIC,bic/GRSKGFBLX-BIC.json,2,CENTROID|FACILITY,1,REVIEW_PANEL,2026-08-11
GRSKG,GRSKGIISZ,BIC,bic/GRSKGIISZ-BIC.json,2,CENTROID|FACILITY,1,REVIEW_PANEL,2023-12-07
GRSKG,GRSKGTHPASA,SMDG,smdg/GRSKGTHPASA-SMDG.json,4,BERTH|CENTROID|FACILITY,2,FACILITY_PROVIDED,2024-04-05
GTPBR,GTPBRABIA,BIC,bic/GTPBRABIA-BIC.json,2,CENTROID|FACILITY,1,LOCAL_KNOWLEDGE,2025-07-24
GTPBR,GTPBRQCMJ,BIC,bic/GTPBRQCMJ-BIC.json,2,CENTROID|FACILITY,1,LOCAL_KNOWLEDGE,2025-07-24
GTPBR,GTPBRYVVH,BIC,bic/GTPBRYVVH-BIC.json,2,CENTROID|FACILITY,1,LOCAL_KNOWLEDGE,2025-07-22
GTPBR,GTPBRTFPB,SMDG,smdg/GTPBRTFPB-SMDG.json,6,BERTH|CENTROID|FACILITY,3,LOCAL_KNOWLEDGE,2025-07-15
GTPRQ,GTPRQALOA,BIC,bic/GTPRQALOA-BIC.json,2,CENTROID|FACILITY,1,LOCAL_KNOWLEDGE,2025-07-24
GTPRQ,GTPRQBABH,BIC,bic/GTPRQBABH-BIC.json,2,CENTROID|FACILITY,1,LOCAL_KNOWLEDGE,2025-07-24
GTPRQ,GTPRQCNRT,BIC,bic/GTPRQCNRT-BIC.json,2,CENTROID|FACILITY,1,LOCAL_KNOWLEDGE,2025-06-26
GTPRQ,GTPRQCOIA,BIC,bic/GTPRQCOIA-BIC.json,2,CENTROID|FACILITY,1,LOCAL_KNOWLEDGE,2025-06-26
GTPRQ,GTPRQNNRV,BIC,bic/GTPRQNNRV-BIC.json,2,CENTROID|FACILITY,1,LOCAL_KNOWLEDGE,2025-06-26
GTPRQ,GTPRQEPQEZ,SMDG,smdg/GTPRQEPQEZ-SMDG.json,4,BERTH|CENTROID|FACILITY,2,LOCAL_KNOWLEDGE,2025-06-26
GTPRQ,GTPRQTCQ,SMDG,smdg/GTPRQTCQ-SMDG.json,4,BERTH|CENTROID|FACILITY,2,LOCAL_KNOWLEDGE,2025-06-26
GTSTC,GTSTCALOA,BIC,bic/GTSTCALOA-BIC.json,2,CENTROID|FACILITY,1,LOCAL_KNOWLEDGE,2025-07-24
GTSTC,GTSTCGNFT,BIC,bic/GTSTCGNFT-BIC.json,2,CENTROID|FACILITY,1,LOCAL_KNOWLEDGE,2025-07-24
GTSTC,GTSTCHYAG,BIC,bic/GTSTCHYAG-BIC.json,2,CENTROID|FACILITY,1,REVIEW_PANEL,2025-07-24
GTSTC,GTSTCXXQS,BIC,bic/GTSTCXXQS-BIC.json,2,CENTROID|FACILITY,1,LOCAL_KNOWLEDGE,2025-07-24
GTSTC,GTSTCEPSTC,SMDG,smdg/GTSTCEPSTC-SMDG.json,4,BERTH|CENTROID|FACILITY,2,REVIEW_PANEL,2024-04-05
HKHKG,HKHKGBOXR,BIC,bic/HKHKGBOXR-BIC.json,2,CENTROID|FACILITY,1,LOCAL_KNOWLEDGE,2024-03-08
HKHKG,HKHKGCSYA,BIC,bic/HKHKGCSYA-BIC.json,2,CENTROID|FACILITY,1,LOCAL_KNOWLEDGE,2024-02-14
HKHKG,HKHKGDORU,BIC,bic/HKHKGDORU-BIC.json,2,CENTROID|FACILITY,1,LOCAL_KNOWLEDGE,2024-02-14
HKHKG,HKHKGEYVD,BIC,bic/HKHKGEYVD-BIC.json,2,CENTROID|FACILITY,1,LOCAL_KNOWLEDGE,2024-02-14
HKHKG,HKHKGLCPB,BIC,bic/HKHKGLCPB-BIC.json,2,CENTROID|FACILITY,1,LOCAL_KNOWLEDGE,2024-02-14
HKHKG,HKHKGACTHK,SMDG,smdg/HKHKGACTHK-SMDG.json,4,BERTH|CENTROID|FACILITY,2,REVIEW_PANEL,2024-02-14
HKHKG,HKHKGCHTHK,SMDG,smdg/HKHKGCHTHK-SMDG.json,4,BERTH|CENTROID|FACILITY,2,LOCAL_KNOWLEDGE,2024-02-14
HKHKG,HKHKGCMC,SMDG,smdg/HKHKGCMC-SMDG.json,4,BERTH|CENTROID|FACILITY,2,REVIEW_PANEL,2024-02-14
HKHKG,HKHKGDPWHK,SMDG,smdg/HKHKGDPWHK-SMDG.json,4,BERTH|CENTROID|FACILITY,2,LOCAL_KNOWLEDGE,2024-02-14
HKHKG,HKHKGHITHK,SMDG,smdg/HKHKGHITHK-SMDG.json,8,BERTH|CENTROID|FACILITY,4,REVIEW_PANEL,2024-02-14
HKHKG,HKHKGMTLHK,SMDG,smdg/HKHKGMTLHK-SMDG.json,8,BERTH|CENTROID|FACILITY,4,REVIEW_PANEL,2025-05-16
HNPCA,HNPCAPCA,SMDG,smdg/HNPCAPCA-SMDG.json,4,BERTH|CENTROID|FACILITY,2,LOCAL_KNOWLEDGE,2025-07-23
HNPCR,HNPCRALMA,BIC,bic/HNPCRALMA-BIC.json,2,CENTROID|FACILITY,1,REVIEW_PANEL,2025-08-19
HNPCR,HNPCRANEB,BIC,bic/HNPCRANEB-BIC.json,2,CENTROID|FACILITY,1,REVIEW_PANEL,2025-07-23
HNPCR,HNPCREXAA,BIC,bic/HNPCREXAA-BIC.json,2,CENTROID|FACILITY,1,LOCAL_KNOWLEDGE,2025-09-04
HNPCR,HNPCREXNQ,BIC,bic/HNPCREXNQ-BIC.json,2,CENTROID|FACILITY,1,LOCAL_KNOWLEDGE,2025-07-23
HNPCR,HNPCRHHWV,BIC,bic/HNPCRHHWV-BIC.json,2,CENTROID|FACILITY,1,LOCAL_KNOWLEDGE,2025-07-16
HNPCR,HNPCRENPCR,SMDG,smdg/HNPCRENPCR-SMDG.json,4,BERTH|CENTROID|FACILITY,2,LOCAL_KNOWLEDGE,2025-07-23
HNSLO,HNSLOFRNF,BIC,bic/HNSLOFRNF-BIC.json,2,CENTROID|FACILITY,1,LOCAL_KNOWLEDGE,2025-07-23
HNSLO,HNSLOQBIA,BIC,bic/HNSLOQBIA-BIC.json,4,CENTROID|FACILITY,2,LOCAL_KNOWLEDGE,2025-07-23
HNSLO,HNSLOUVTV,BIC,bic/HNSLOUVTV-BIC.json,2,CENTROID|FACILITY,1,LOCAL_KNOWLEDGE,2025-07-16
HNSLO,HNSLOENPSL,SMDG,smdg/HNSLOENPSL-SMDG.json,6,BERTH|CENTROID|FACILITY,3,LOCAL_KNOWLEDGE,2025-07-16
HRPLE,HRPLESZPZ,BIC,bic/HRPLESZPZ-BIC.json,2,CENTROID|FACILITY,1,REVIEW_PANEL,2026-04-07
HRPLE,HRPLELPT,SMDG,smdg/HRPLELPT-SMDG.json,4,BERTH|CENTROID|FACILITY,2,REVIEW_PANEL,2026-04-07
HRRJK,HRRJKDPLA,BIC,bic/HRRJKDPLA-BIC.json,2,CENTROID|FACILITY,1,LOCAL_KNOWLEDGE,2023-11-06
HRRJK,HRRJKFTRE,BIC,bic/HRRJKFTRE-BIC.json,2,CENTROID|FACILITY,1,REVIEW_PANEL,2026-04-07
HRRJK,HRRJKAGCT,SMDG,smdg/HRRJKAGCT-SMDG.json,2,CENTROID|FACILITY,1,REVIEW_PANEL,2024-01-24
HTLFF,HTLFFJMJW,BIC,bic/HTLFFJMJW-BIC.json,2,CENTROID|FACILITY,1,LOCAL_KNOWLEDGE,2025-09-11
HTLFF,HTLFFKJMX,BIC,bic/HTLFFKJMX-BIC.json,2,CENTROID|FACILITY,1,LOCAL_KNOWLEDGE,2025-09-11
HTLFF,HTLFFLFU,SMDG,smdg/HTLFFLFU-SMDG.json,4,BERTH|CENTROID|FACILITY,2,LOCAL_KNOWLEDGE,2025-09-11
HTPAP,HTPAPEYOV,BIC,bic/HTPAPEYOV-BIC.json,2,CENTROID|FACILITY,1,LOCAL_KNOWLEDGE,2025-09-11
HTPAP,HTPAPPAPCT,SMDG,smdg/HTPAPPAPCT-SMDG.json,8,BERTH|CENTROID|FACILITY,4,LOCAL_KNOWLEDGE,2025-09-11
HTPAP,HTPAPTVB,SMDG,smdg/HTPAPTVB-SMDG.json,4,BERTH|CENTROID|FACILITY,2,LOCAL_KNOWLEDGE,2025-09-11
IDJKT,IDJKTAKIM,BIC,bic/IDJKTAKIM-BIC.json,2,CENTROID|FACILITY,1,FACILITY_PROVIDED,2026-08-18
IDJKT,IDJKTBNSA,BIC,bic/IDJKTBNSA-BIC.json,2,CENTROID|FACILITY,1,LOCAL_KNOWLEDGE,2025-05-16
IDJKT,IDJKTCXBU,BIC,bic/IDJKTCXBU-BIC.json,2,CENTROID|FACILITY,1,LOCAL_KNOWLEDGE,2024-07-04
IDJKT,IDJKTDCIC,BIC,bic/IDJKTDCIC-BIC.json,4,CENTROID|FACILITY|GATE,2,LOCAL_KNOWLEDGE,2026-06-24
IDJKT,IDJKTDCIM,BIC,bic/IDJKTDCIM-BIC.json,4,CENTROID|FACILITY|GATE,2,LOCAL_KNOWLEDGE,2026-06-24
IDJKT,IDJKTKADE,SMDG,smdg/IDJKTKADE-SMDG.json,10,BERTH|CENTROID|FACILITY,5,LOCAL_KNOWLEDGE,2024-06-27
IDJKT,IDJKTNPCT1,SMDG,smdg/IDJKTNPCT1-SMDG.json,4,BERTH|CENTROID|FACILITY,2,LOCAL_KNOWLEDGE,2024-06-27
IDJKT,IDJKTT300,SMDG,smdg/IDJKTT300-SMDG.json,4,BERTH|CENTROID|FACILITY,2,LOCAL_KNOWLEDGE,2025-05-16
IDJKT,IDJKTUTC1,SMDG,smdg/IDJKTUTC1-SMDG.json,4,BERTH|CENTROID|FACILITY,2,REVIEW_PANEL,2024-06-27
IDJKT,IDJKTUTC3,SMDG,smdg/IDJKTUTC3-SMDG.json,4,BERTH|CENTROID|FACILITY,2,REVIEW_PANEL,2024-06-27
IDSUB,IDSUBATEO,BIC,bic/IDSUBATEO-BIC.json,2,CENTROID|FACILITY,1,LOCAL_KNOWLEDGE,2023-12-15
IDSUB,IDSUBDCIS,BIC,bic/IDSUBDCIS-BIC.json,4,CENTROID|FACILITY|GATE,2,LOCAL_KNOWLEDGE,2026-06-24
IDSUB,IDSUBDCIT,BIC,bic/IDSUBDCIT-BIC.json,4,CENTROID|FACILITY|GATE,2,LOCAL_KNOWLEDGE,2026-06-24
IDSUB,IDSUBDWOW,BIC,bic/IDSUBDWOW-BIC.json,2,CENTROID|FACILITY,1,LOCAL_KNOWLEDGE,2023-12-15
IDSUB,IDSUBIDJA,BIC,bic/IDSUBIDJA-BIC.json,2,CENTROID|FACILITY,1,LOCAL_KNOWLEDGE,2023-12-15
IDSUB,IDSUBTPS,SMDG,smdg/IDSUBTPS-SMDG.json,4,BERTH|CENTROID|FACILITY,2,LOCAL_KNOWLEDGE,2026-02-09
IEDUB,IEDUBBVXE,BIC,bic/IEDUBBVXE-BIC.json,2,CENTROID|FACILITY,1,LOCAL_KNOWLEDGE,2025-11-18
IEDUB,IEDUBCTRA,BIC,bic/IEDUBCTRA-BIC.json,2,CENTROID|FACILITY,1,LOCAL_KNOWLEDGE,2025-11-18
IEDUB,IEDUBDCCI,BIC,bic/IEDUBDCCI-BIC.json,4,CENTROID|FACILITY|GATE,2,LOCAL_KNOWLEDGE,2026-06-30
IEDUB,IEDUBEVTA,BIC,bic/IEDUBEVTA-BIC.json,2,CENTROID|FACILITY,1,LOCAL_KNOWLEDGE,2025-11-25
IEDUB,IEDUBFFCG,BIC,bic/IEDUBFFCG-BIC.json,2,CENTROID|FACILITY,1,REVIEW_PANEL,2025-11-18
IEDUB,IEDUBDFP,SMDG,smdg/IEDUBDFP-SMDG.json,4,BERTH|CENTROID|FACILITY,2,LOCAL_KNOWLEDGE,2025-12-02
IEDUB,IEDUBMTL,SMDG,smdg/IEDUBMTL-SMDG.json,4,BERTH|CENTROID|FACILITY,2,LOCAL_KNOWLEDGE,2025-11-25
IEORK,IEORKATNR,BIC,bic/IEORKATNR-BIC.json,2,CENTROID|FACILITY,1,REVIEW_PANEL,2025-12-02
IEORK,IEORKBAED,BIC,bic/IEORKBAED-BIC.json,2,CENTROID|FACILITY,1,REVIEW_PANEL,2025-12-02
IEORK,IEORKNJKB,BIC,bic/IEORKNJKB-BIC.json,2,CENTROID|FACILITY,1,REVIEW_PANEL,2025-12-02
IEORK,IEORKXKFW,BIC,bic/IEORKXKFW-BIC.json,2,CENTROID|FACILITY,1,REVIEW_PANEL,2025-12-02
IEORK,IEORKYCGQ,BIC,bic/IEORKYCGQ-BIC.json,2,CENTROID|FACILITY,1,REVIEW_PANEL,2025-11-25
IEORK,IEORKCCT,SMDG,smdg/IEORKCCT-SMDG.json,4,BERTH|CENTROID|FACILITY,2,REVIEW_PANEL,2025-12-02
IEORK,IEORKRDT,SMDG,smdg/IEORKRDT-SMDG.json,4,BERTH|CENTROID|FACILITY,2,REVIEW_PANEL,2025-12-02
IEORK,IEORKTIVO,SMDG,smdg/IEORKTIVO-SMDG.json,4,BERTH|CENTROID|FACILITY,2,LOCAL_KNOWLEDGE,2025-12-02
IEWAT,IEWATMBYJ,BIC,bic/IEWATMBYJ-BIC.json,2,CENTROID|FACILITY,1,LOCAL_KNOWLEDGE,2025-12-02
IEWAT,IEWATBLVW,SMDG,smdg/IEWATBLVW-SMDG.json,4,BERTH|CENTROID|FACILITY,2,LOCAL_KNOWLEDGE,2025-12-02
ILASH,ILASHCBEY,BIC,bic/ILASHCBEY-BIC.json,2,CENTROID|FACILITY,1,REVIEW_PANEL,2025-03-25
ILASH,ILASHCWXU,BIC,bic/ILASHCWXU-BIC.json,2,CENTROID|FACILITY,1,LOCAL_KNOWLEDGE,2025-03-20
ILASH,ILASHEMCA,BIC,bic/ILASHEMCA-BIC.json,2,CENTROID|FACILITY,1,REVIEW_PANEL,2024-01-10
ILASH,ILASHFUBT,BIC,bic/ILASHFUBT-BIC.json,2,CENTROID|FACILITY,1,REVIEW_PANEL,2025-03-26
ILASH,ILASHGKCV,BIC,bic/ILASHGKCV-BIC.json,2,CENTROID|FACILITY,1,REVIEW_PANEL,2025-03-26
ILASH,ILASHHCT,SMDG,smdg/ILASHHCT-SMDG.json,4,BERTH|CENTROID|FACILITY,2,REVIEW_PANEL,2025-03-26
INCCU,INCCUDPRD,BIC,bic/INCCUDPRD-BIC.json,4,CENTROID|FACILITY|GATE,2,LOCAL_KNOWLEDGE,2026-06-24
INCCU,INCCURFFC,BIC,bic/INCCURFFC-BIC.json,2,CENTROID|FACILITY,1,FACILITY_PROVIDED,2024-01-10
INCCU,INCCUUZLJ,BIC,bic/INCCUUZLJ-BIC.json,2,CENTROID|FACILITY,1,FACILITY_PROVIDED,2025-10-31
INCCU,INCCUCALCUT,SMDG,smdg/INCCUCALCUT-SMDG.json,6,BERTH|CENTROID|FACILITY,3,LOCAL_KNOWLEDGE,2024-11-07
INCOK,INCOKICTT,SMDG,smdg/INCOKICTT-SMDG.json,4,BERTH|CENTROID|FACILITY,2,LOCAL_KNOWLEDGE,2024-11-07
INENR,INENRZCOD,BIC,bic/INENRZCOD-BIC.json,2,CENTROID|FACILITY,1,LOCAL_KNOWLEDGE,2024-11-13
INENR,INENRAECTPL,SMDG,smdg/INENRAECTPL-SMDG.json,4,BERTH|CENTROID|FACILITY,2,REVIEW_PANEL,2024-11-07
INGGV,INGGVAGPCT,SMDG,smdg/INGGVAGPCT-SMDG.json,4,BERTH|CENTROID|FACILITY,2,LOCAL_KNOWLEDGE,2024-11-07
INHAL,INHALNIZC,BIC,bic/INHALNIZC-BIC.json,2,CENTROID|FACILITY,1,LOCAL_KNOWLEDGE,2024-11-13
INHAL,INHALHICT,SMDG,smdg/INHALHICT-SMDG.json,6,BERTH|CENTROID|FACILITY,3,LOCAL_KNOWLEDGE,2024-11-07
INHZA,INHZADCCI,BIC,bic/INHZADCCI-BIC.json,4,CENTROID|FACILITY|GATE,2,LOCAL_KNOWLEDGE,2026-07-01
INHZA,INHZAAHCT,SMDG,smdg/INHZAAHCT-SMDG.json,4,BERTH|CENTROID|FACILITY,2,LOCAL_KNOWLEDGE,2024-11-07
INIXE,INIXELLOL,BIC,bic/INIXELLOL-BIC.json,2,CENTROID|FACILITY,1,LOCAL_KNOWLEDGE,2024-11-13
INIXE,INIXEQMJR,BIC,bic/INIXEQMJR-BIC.json,2,CENTROID|FACILITY,1,REVIEW_PANEL,2024-11-15
INIXE,INIXENMPT,SMDG,smdg/INIXENMPT-SMDG.json,4,BERTH|CENTROID|FACILITY,2,LOCAL_KNOWLEDGE,2024-11-07
INIXY,INIXYFTZC,BIC,bic/INIXYFTZC-BIC.json,2,CENTROID|FACILITY,1,LOCAL_KNOWLEDGE,2024-11-15
INIXY,INIXYKKXT,BIC,bic/INIXYKKXT-BIC.json,2,CENTROID|FACILITY,1,LOCAL_KNOWLEDGE,2024-11-13
INIXY,INIXYTQGC,BIC,bic/INIXYTQGC-BIC.json,2,CENTROID|FACILITY,1,LOCAL_KNOWLEDGE,2024-11-15
INIXY,INIXYKICT,SMDG,smdg/INIXYKICT-SMDG.json,4,BERTH|CENTROID|FACILITY,2,LOCAL_KNOWLEDGE,2024-11-07
INKAK,INKAKKCT,SMDG,smdg/INKAKKCT-SMDG.json,6,BERTH|CENTROID|FACILITY,3,LOCAL_KNOWLEDGE,2024-11-07
INKAT,INKATKICT,SMDG,smdg/INKATKICT-SMDG.json,6,BERTH|CENTROID|FACILITY,3,LOCAL_KNOWLEDGE,2024-11-07
INMAA,INMAAAUZD,BIC,bic/INMAAAUZD-BIC.json,2,CENTROID|FACILITY,1,LOCAL_KNOWLEDGE,2024-11-21
INMAA,INMAABBVS,BIC,bic/INMAABBVS-BIC.json,2,CENTROID|FACILITY,1,,2024-11-26
INMAA,INMAABCQZ,BIC,bic/INMAABCQZ-BIC.json,2,CENTROID|FACILITY,1,LOCAL_KNOWLEDGE,2024-11-22
INMAA,INMAABWEH,BIC,bic/INMAABWEH-BIC.json,2,CENTROID|FACILITY,1,LOCAL_KNOWLEDGE,2024-11-26
INMAA,INMAACWQP,BIC,bic/INMAACWQP-BIC.json,2,CENTROID|FACILITY,1,LOCAL_KNOWLEDGE,2024-11-22
INMAA,INMAACCTL,SMDG,smdg/INMAACCTL-SMDG.json,4,BERTH|CENTROID|FACILITY,2,REVIEW_PANEL,2025-05-16
INMAA,INMAACITPL,SMDG,smdg/INMAACITPL-SMDG.json,4,BERTH|CENTROID|FACILITY,2,REVIEW_PANEL,2024-11-07
INMRM,INMRMHVSA,BIC,bic/INMRMHVSA-BIC.json,2,CENTROID|FACILITY,1,LOCAL_KNOWLEDGE,2024-11-13
INMRM,INMRMIIAF,BIC,bic/INMRMIIAF-BIC.json,2,CENTROID|FACILITY,1,REVIEW_PANEL,2024-11-15
INMRM,INMRMMFTQ,BIC,bic/INMRMMFTQ-BIC.json,2,CENTROID|FACILITY,1,REVIEW_PANEL,2024-11-15
INMRM,INMRMMPT,SMDG,smdg/INMRMMPT-SMDG.json,4,BERTH|CENTROID|FACILITY,2,LOCAL_KNOWLEDGE,2024-11-07
INMUN,INMUNBEEO,BIC,bic/INMUNBEEO-BIC.json,2,CENTROID|FACILITY,1,LOCAL_KNOWLEDGE,2024-08-08
INMUN,INMUNCEAH,BIC,bic/INMUNCEAH-BIC.json,2,CENTROID|FACILITY,1,LOCAL_KNOWLEDGE,2024-07-25
INMUN,INMUNDARQ,BIC,bic/INMUNDARQ-BIC.json,2,CENTROID|FACILITY,1,LOCAL_KNOWLEDGE,2024-07-25
INMUN,INMUNDPRO,BIC,bic/INMUNDPRO-BIC.json,4,CENTROID|FACILITY|GATE,2,LOCAL_KNOWLEDGE,2026-06-24
INMUN,INMUNDPRS,BIC,bic/INMUNDPRS-BIC.json,4,CENTROID|FACILITY|GATE,2,LOCAL_KNOWLEDGE,2026-06-24
INMUN,INMUNACMTPL,SMDG,smdg/INMUNACMTPL-SMDG.json,4,BERTH|CENTROID|FACILITY,2,LOCAL_KNOWLEDGE,2024-08-08
INMUN,INMUNAICTPL,SMDG,smdg/INMUNAICTPL-SMDG.json,4,BERTH|CENTROID|FACILITY,2,LOCAL_KNOWLEDGE,2024-08-08
INMUN,INMUNAMCT,SMDG,smdg/INMUNAMCT-SMDG.json,8,BERTH|CENTROID|FACILITY,4,LOCAL_KNOWLEDGE,2024-07-25
INMUN,INMUNMICT,SMDG,smdg/INMUNMICT-SMDG.json,4,BERTH|CENTROID|FACILITY,2,LOCAL_KNOWLEDGE,2024-07-25
INNSA,INNSADBHA,BIC,bic/INNSADBHA-BIC.json,4,CENTROID|FACILITY|GATE,2,LOCAL_KNOWLEDGE,2026-06-24
INNSA,INNSADKEV,BIC,bic/INNSADKEV-BIC.json,4,CENTROID|FACILITY|GATE,2,LOCAL_KNOWLEDGE,2026-06-24
INNSA,INNSADPRO,BIC,bic/INNSADPRO-BIC.json,4,CENTROID|FACILITY|GATE,2,LOCAL_KNOWLEDGE,2026-07-01
INNSA,INNSAKGLA,BIC,bic/INNSAKGLA-BIC.json,2,CENTROID|FACILITY,1,FACILITY_PROVIDED,2025-10-31
INNSA,INNSASTOL,BIC,bic/INNSASTOL-BIC.json,2,CENTROID|FACILITY,1,FACILITY_PROVIDED,2025-01-02
INNSA,INNSABMCT,SMDG,smdg/INNSABMCT-SMDG.json,4,BERTH|CENTROID|FACILITY,2,REVIEW_PANEL,2024-11-07
INNSA,INNSAGTICI,SMDG,smdg/INNSAGTICI-SMDG.json,4,BERTH|CENTROID|FACILITY,2,REVIEW_PANEL,2024-11-07
INNSA,INNSANSDT,SMDG,smdg/INNSANSDT-SMDG.json,4,BERTH|CENTROID|FACILITY,2,LOCAL_KNOWLEDGE,2024-11-07
INNSA,INNSANSFT,SMDG,smdg/INNSANSFT-SMDG.json,4,BERTH|CENTROID|FACILITY,2,REVIEW_PANEL,2024-10-25
INNSA,INNSANSICT,SMDG,smdg/INNSANSICT-SMDG.json,4,BERTH|CENTROID|FACILITY,2,REVIEW_PANEL,2024-11-07
INNSA,INNSANSIGT,SMDG,smdg/INNSANSIGT-SMDG.json,4,BERTH|CENTROID|FACILITY,2,REVIEW_PANEL,2024-11-07
INPPV,INPPVAPMT,SMDG,smdg/INPPVAPMT-SMDG.json,4,BERTH|CENTROID|FACILITY,2,LOCAL_KNOWLEDGE,2024-11-15
INTUT,INTUTDSTJ,BIC,bic/INTUTDSTJ-BIC.json,4,CENTROID|FACILITY|GATE,2,LOCAL_KNOWLEDGE,2026-06-24
INTUT,INTUTLXDY,BIC,bic/INTUTLXDY-BIC.json,2,CENTROID|FACILITY,1,REVIEW_PANEL,2026-06-03
INTUT,INTUTSJFS,BIC,bic/INTUTSJFS-BIC.json,2,CENTROID|FACILITY,1,LOCAL_KNOWLEDGE,2026-07-13
INTUT,INTUTUVFD,BIC,bic/INTUTUVFD-BIC.json,2,CENTROID|FACILITY,1,LOCAL_KNOWLEDGE,2026-06-03
INTUT,INTUTDBGT,SMDG,smdg/INTUTDBGT-SMDG.json,4,BERTH|CENTROID|FACILITY,2,REVIEW_PANEL,2024-11-07
INTUT,INTUTPSASIC,SMDG,smdg/INTUTPSASIC-SMDG.json,4,BERTH|CENTROID|FACILITY,2,REVIEW_PANEL,2024-11-07
INTUT,INTUTTICT,SMDG,smdg/INTUTTICT-SMDG.json,4,BERTH|CENTROID|FACILITY,2,REVIEW_PANEL,2025-05-16
INVTZ,INVTZBOII,BIC,bic/INVTZBOII-BIC.json,2,CENTROID|FACILITY,1,LOCAL_KNOWLEDGE,2024-11-15
INVTZ,INVTZDCCI,BIC,bic/INVTZDCCI-BIC.json,4,CENTROID|FACILITY|GATE,2,LOCAL_KNOWLEDGE,2026-07-02
INVTZ,INVTZNJYZ,BIC,bic/INVTZNJYZ-BIC.json,2,CENTROID|FACILITY,1,LOCAL_KNOWLEDGE,2024-11-15
INVTZ,INVTZPFPS,BIC,bic/INVTZPFPS-BIC.json,2,CENTROID|FACILITY,1,,2024-11-15
INVTZ,INVTZQFLN,BIC,bic/INVTZQFLN-BIC.json,2,CENTROID|FACILITY,1,LOCAL_KNOWLEDGE,2024-11-15
INVTZ,INVTZVCT,SMDG,smdg/INVTZVCT-SMDG.json,4,BERTH|CENTROID|FACILITY,2,LOCAL_KNOWLEDGE,2024-11-15
IQUQR,IQUQRDBGT,BIC,bic/IQUQRDBGT-BIC.json,4,CENTROID|FACILITY|GATE,2,LOCAL_KNOWLEDGE,2026-07-01
IQUQR,IQUQRBGTE,SMDG,smdg/IQUQRBGTE-SMDG.json,4,BERTH|CENTROID|FACILITY,2,FACILITY_PROVIDED,2026-01-29
IQUQR,IQUQRBGTW,SMDG,smdg/IQUQRBGTW-SMDG.json,14,BERTH|CENTROID|FACILITY,7,FACILITY_PROVIDED,2025-11-03
ISREY,ISREYSANA,BIC,bic/ISREYSANA-BIC.json,2,CENTROID|FACILITY,1,LOCAL_KNOWLEDGE,2026-03-04
ISREY,ISREYSUNDA,SMDG,smdg/ISREYSUNDA-SMDG.json,10,BERTH|CENTROID|FACILITY,5,LOCAL_KNOWLEDGE,2026-02-03
ITAOI,ITAOIACTA,BIC,bic/ITAOIACTA-BIC.json,4,CENTROID|FACILITY,2,REVIEW_PANEL,2024-01-25
ITAOI,ITAOIASEA,BIC,bic/ITAOIASEA-BIC.json,6,CENTROID|FACILITY,3,REVIEW_PANEL,2024-03-06
ITAOI,ITAOILWFZ,BIC,bic/ITAOILWFZ-BIC.json,4,CENTROID|FACILITY,2,LOCAL_KNOWLEDGE,2026-03-12
ITAOI,ITAOIACT,SMDG,smdg/ITAOIACT-SMDG.json,6,BERTH|CENTROID|FACILITY,3,REVIEW_PANEL,2024-06-26
ITAOI,ITAOIASE,SMDG,smdg/ITAOIASE-SMDG.json,6,BERTH|CENTROID|FACILITY,3,REVIEW_PANEL,2024-06-26
ITBRI,ITBRIGTSA,BIC,bic/ITBRIGTSA-BIC.json,2,CENTROID|FACILITY,1,LOCAL_KNOWLEDGE,2026-04-30
ITBRI,ITBRIIPMA,BIC,bic/ITBRIIPMA-BIC.json,4,CENTROID|FACILITY,2,LOCAL_KNOWLEDGE,2026-05-21
ITBRI,ITBRILTIC,BIC,bic/ITBRILTIC-BIC.json,2,CENTROID|FACILITY,1,LOCAL_KNOWLEDGE,2026-04-30
ITBRI,ITBRIOYJE,BIC,bic/ITBRIOYJE-BIC.json,2,CENTROID|FACILITY,1,LOCAL_KNOWLEDGE,2026-05-28
ITBRI,ITBRITMIA,BIC,bic/ITBRITMIA-BIC.json,2,CENTROID|FACILITY,1,FACILITY_PROVIDED,2024-02-14
ITBRI,ITBRIBARI,SMDG,smdg/ITBRIBARI-SMDG.json,6,BERTH|CENTROID|FACILITY,3,REVIEW_PANEL,2024-06-26
ITCAG,ITCAGAARP,BIC,bic/ITCAGAARP-BIC.json,2,CENTROID|FACILITY,1,LOCAL_KNOWLEDGE,2026-05-07
ITCAG,ITCAGGREA,BIC,bic/ITCAGGREA-BIC.json,2,CENTROID|FACILITY,1,REVIEW_PANEL,2024-03-28
ITCAG,ITCAGMITA,BIC,bic/ITCAGMITA-BIC.json,2,CENTROID|FACILITY,1,REVIEW_PANEL,2024-03-28
ITCAG,ITCAGCICT,SMDG,smdg/ITCAGCICT-SMDG.json,4,BERTH|CENTROID|FACILITY,2,LOCAL_KNOWLEDGE,2026-05-07
ITCAG,ITCAGGREN,SMDG,smdg/ITCAGGREN-SMDG.json,4,BERTH|CENTROID|FACILITY,2,REVIEW_PANEL,2024-06-26
ITCTA,ITCTATECA,BIC,bic/ITCTATECA-BIC.json,2,CENTROID|FACILITY,1,LOCAL_KNOWLEDGE,2023-12-20
ITCTA,ITCTATMIA,BIC,bic/ITCTATMIA-BIC.json,2,CENTROID|FACILITY,1,FACILITY_PROVIDED,2024-02-14
ITCTA,ITCTAEST,SMDG,smdg/ITCTAEST-SMDG.json,10,BERTH|CENTROID|FACILITY,5,LOCAL_KNOWLEDGE,2026-04-09
ITCVV,ITCVVRTCA,BIC,bic/ITCVVRTCA-BIC.json,2,CENTROID|FACILITY,1,REVIEW_PANEL,2024-06-26
ITCVV,ITCVVCFFT,SMDG,smdg/ITCVVCFFT-SMDG.json,2,CENTROID|FACILITY,1,REVIEW_PANEL,2024-06-26
ITCVV,ITCVVRTC,SMDG,smdg/ITCVVRTC-SMDG.json,4,BERTH|CENTROID|FACILITY,2,REVIEW_PANEL,2024-06-26
ITGIT,ITGITCNTA,BIC,bic/ITGITCNTA-BIC.json,2,CENTROID|FACILITY,1,REVIEW_PANEL,2024-03-28
ITGIT,ITGITMEDA,BIC,bic/ITGITMEDA-BIC.json,2,CENTROID|FACILITY,1,REVIEW_PANEL,2024-03-28
ITGIT,ITGITQJDZ,BIC,bic/ITGITQJDZ-BIC.json,2,CENTROID|FACILITY,1,,2026-06-25
ITGIT,ITGITMCT,SMDG,smdg/ITGITMCT-SMDG.json,4,BERTH|CENTROID|FACILITY,2,LOCAL_KNOWLEDGE,2026-06-11
ITGOA,ITGOAARQA,BIC,bic/ITGOAARQA-BIC.json,2,CENTROID|FACILITY,1,FACILITY_PROVIDED,2024-01-31
ITGOA,ITGOAAUTA,BIC,bic/ITGOAAUTA-BIC.json,2,CENTROID|FACILITY,1,FACILITY_PROVIDED,2025-05-16
ITGOA,ITGOAAWRC,BIC,bic/ITGOAAWRC-BIC.json,2,CENTROID|FACILITY,1,LOCAL_KNOWLEDGE,2026-02-19
ITGOA,ITGOABASL,BIC,bic/ITGOABASL-BIC.json,2,CENTROID|FACILITY,1,LOCAL_KNOWLEDGE,2026-02-19
ITGOA,ITGOABCTA,BIC,bic/ITGOABCTA-BIC.json,2,CENTROID|FACILITY,1,LOCAL_KNOWLEDGE,2026-02-19
ITGOA,ITGOAGPT,SMDG,smdg/ITGOAGPT-SMDG.json,10,ASSOCIATED_RAIL|BERTH|CENTROID|FACILITY,5,LOCAL_KNOWLEDGE,2026-06-09
ITGOA,ITGOAMESSIN,SMDG,smdg/ITGOAMESSIN-SMDG.json,4,BERTH|CENTROID|FACILITY,2,LOCAL_KNOWLEDGE,2026-02-27
ITGOA,ITGOASECH,SMDG,smdg/ITGOASECH-SMDG.json,4,BERTH|CENTROID|FACILITY,2,LOCAL_KNOWLEDGE,2026-02-27
ITGOA,ITGOATSG,SMDG,smdg/ITGOATSG-SMDG.json,6,BERTH|CENTROID|FACILITY,3,REVIEW_PANEL,2026-06-11
ITGOA,ITGOAVTE,SMDG,smdg/ITGOAVTE-SMDG.json,4,BERTH|CENTROID|FACILITY,2,LOCAL_KNOWLEDGE,2026-02-26
ITLIV,ITLIVCNTA,BIC,bic/ITLIVCNTA-BIC.json,2,CENTROID|FACILITY,1,REVIEW_PANEL,2024-03-28
ITLIV,ITLIVEBJH,BIC,bic/ITLIVEBJH-BIC.json,2,CENTROID|FACILITY,1,REVIEW_PANEL,2024-08-06
ITLIV,ITLIVGNIX,BIC,bic/ITLIVGNIX-BIC.json,2,CENTROID|FACILITY,1,LOCAL_KNOWLEDGE,2026-03-26
ITLIV,ITLIVGTRA,BIC,bic/ITLIVGTRA-BIC.json,2,CENTROID|FACILITY,1,FACILITY_PROVIDED,2025-05-16
ITLIV,ITLIVLORA,BIC,bic/ITLIVLORA-BIC.json,4,CENTROID|FACILITY,2,REVIEW_PANEL,2025-05-16
ITLIV,ITLIVIMP,SMDG,smdg/ITLIVIMP-SMDG.json,6,BERTH|CENTROID|FACILITY|GATE,3,LOCAL_KNOWLEDGE,2026-06-25
ITLIV,ITLIVLOREN,SMDG,smdg/ITLIVLOREN-SMDG.json,4,BERTH|CENTROID|FACILITY,2,LOCAL_KNOWLEDGE,2026-03-26
ITLIV,ITLIVTAFLIV,SMDG,smdg/ITLIVTAFLIV-SMDG.json,4,BERTH|CENTROID|FACILITY,2,LOCAL_KNOWLEDGE,2026-06-25
ITLIV,ITLIVTDT,SMDG,smdg/ITLIVTDT-SMDG.json,4,BERTH|CENTROID|FACILITY,2,LOCAL_KNOWLEDGE,2026-03-26
ITNAP,ITNAPAMDA,BIC,bic/ITNAPAMDA-BIC.json,2,CENTROID|FACILITY,1,REVIEW_PANEL,2025-05-16
ITNAP,ITNAPISEA,BIC,bic/ITNAPISEA-BIC.json,2,CENTROID|FACILITY,1,LOCAL_KNOWLEDGE,2026-06-10
ITNAP,ITNAPIULA,BIC,bic/ITNAPIULA-BIC.json,2,CENTROID|FACILITY,1,LOCAL_KNOWLEDGE,2026-04-09
ITNAP,ITNAPMESA,BIC,bic/ITNAPMESA-BIC.json,2,CENTROID|FACILITY,1,LOCAL_KNOWLEDGE,2026-06-10
ITNAP,ITNAPMIEA,BIC,bic/ITNAPMIEA-BIC.json,2,CENTROID|FACILITY,1,REVIEW_PANEL,2025-05-16
ITNAP,ITNAPCONA,SMDG,smdg/ITNAPCONA-SMDG.json,8,BERTH|CENTROID|FACILITY,4,LOCAL_KNOWLEDGE,2024-03-28
ITNAP,ITNAPTERMIN,SMDG,smdg/ITNAPTERMIN-SMDG.json,6,BERTH|CENTROID|FACILITY,3,LOCAL_KNOWLEDGE,2026-06-18
ITPMO,ITPMOPORA,BIC,bic/ITPMOPORA-BIC.json,2,CENTROID|FACILITY,1,LOCAL_KNOWLEDGE,2026-06-04
ITPMO,ITPMOPOIT,SMDG,smdg/ITPMOPOIT-SMDG.json,4,BERTH|CENTROID|FACILITY,2,LOCAL_KNOWLEDGE,2026-06-04
ITPZL,ITPZLSERM,SMDG,smdg/ITPZLSERM-SMDG.json,6,BERTH|CENTROID|FACILITY,3,LOCAL_KNOWLEDGE,2026-03-12
ITRAN,ITRANCONA,BIC,bic/ITRANCONA-BIC.json,2,CENTROID|FACILITY,1,REVIEW_PANEL,2024-03-28
ITRAN,ITRANCSRA,BIC,bic/ITRANCSRA-BIC.json,2,CENTROID|FACILITY,1,FACILITY_PROVIDED,2024-02-14
ITRAN,ITRANSARA,BIC,bic/ITRANSARA-BIC.json,4,CENTROID|FACILITY,2,LOCAL_KNOWLEDGE,2026-05-07
ITRAN,ITRANSETA,BIC,bic/ITRANSETA-BIC.json,2,CENTROID|FACILITY,1,REVIEW_PANEL,2024-02-28
ITRAN,ITRANSYCA,BIC,bic/ITRANSYCA-BIC.json,2,CENTROID|FACILITY,1,REVIEW_PANEL,2024-03-20
ITRAN,ITRANSETRA,SMDG,smdg/ITRANSETRA-SMDG.json,4,BERTH|CENTROID|FACILITY,2,LOCAL_KNOWLEDGE,2026-05-07
ITRAN,ITRANTCR,SMDG,smdg/ITRANTCR-SMDG.json,4,BERTH|CENTROID|FACILITY,2,LOCAL_KNOWLEDGE,2026-05-07
ITSAL,ITSALMEMA,BIC,bic/ITSALMEMA-BIC.json,2,CENTROID|FACILITY,1,REVIEW_PANEL,2024-03-28
ITSAL,ITSALSALA,BIC,bic/ITSALSALA-BIC.json,2,CENTROID|FACILITY,1,LOCAL_KNOWLEDGE,2026-04-23
ITSAL,ITSALSCTA,BIC,bic/ITSALSCTA-BIC.json,2,CENTROID|FACILITY,1,REVIEW_PANEL,2024-03-28
ITSAL,ITSALSCTB,BIC,bic/ITSALSCTB-BIC.json,2,CENTROID|FACILITY,1,LOCAL_KNOWLEDGE,2026-04-23
ITSAL,ITSALVEMJ,BIC,bic/ITSALVEMJ-BIC.json,2,CENTROID|FACILITY,1,LOCAL_KNOWLEDGE,2026-04-23
ITSAL,ITSALSCT,SMDG,smdg/ITSALSCT-SMDG.json,4,BERTH|CENTROID|FACILITY,2,LOCAL_KNOWLEDGE,2026-04-23
ITSPE,ITSPECNPA,BIC,bic/ITSPECNPA-BIC.json,2,CENTROID|FACILITY,1,REVIEW_PANEL,2024-03-28
ITSPE,ITSPECNTB,BIC,bic/ITSPECNTB-BIC.json,2,CENTROID|FACILITY,1,REVIEW_PANEL,2024-03-28
ITSPE,ITSPEHZBQ,BIC,bic/ITSPEHZBQ-BIC.json,2,CENTROID|FACILITY,1,LOCAL_KNOWLEDGE,2026-05-28
ITSPE,ITSPEIRBA,BIC,bic/ITSPEIRBA-BIC.json,2,CENTROID|FACILITY,1,FACILITY_PROVIDED,2024-01-25
ITSPE,ITSPEKJSJ,BIC,bic/ITSPEKJSJ-BIC.json,2,CENTROID|FACILITY,1,,2026-05-28
ITSPE,ITSPELSCT,SMDG,smdg/ITSPELSCT-SMDG.json,8,BERTH|CENTROID|FACILITY,4,REVIEW_PANEL,2026-03-12
ITSPE,ITSPETDG,SMDG,smdg/ITSPETDG-SMDG.json,4,BERTH|CENTROID|FACILITY,2,LOCAL_KNOWLEDGE,2026-03-12
ITTAR,ITTARSCCA,BIC,bic/ITTARSCCA-BIC.json,2,CENTROID|FACILITY,1,LOCAL_KNOWLEDGE,2026-05-14
ITTAR,ITTARSCCT,SMDG,smdg/ITTARSCCT-SMDG.json,4,BERTH|CENTROID|FACILITY,2,LOCAL_KNOWLEDGE,2026-05-14
ITTPS,ITTPSLSMW,BIC,bic/ITTPSLSMW-BIC.json,2,CENTROID|FACILITY,1,REVIEW_PANEL,2026-06-04
ITTPS,ITTPSSANA,BIC,bic/ITTPSSANA-BIC.json,2,CENTROID|FACILITY,1,LOCAL_KNOWLEDGE,2026-06-11
ITTPS,ITTPSSCS,SMDG,smdg/ITTPSSCS-SMDG.json,4,BERTH|CENTROID|FACILITY,2,LOCAL_KNOWLEDGE,2026-06-04
ITTRS,ITTRSADRA,BIC,bic/ITTRSADRA-BIC.json,2,CENTROID|FACILITY,1,REVIEW_PANEL,2024-08-06
ITTRS,ITTRSAUTA,BIC,bic/ITTRSAUTA-BIC.json,2,CENTROID|FACILITY,1,FACILITY_PROVIDED,2024-02-21
ITTRS,ITTRSHHLA,BIC,bic/ITTRSHHLA-BIC.json,2,CENTROID|FACILITY,1,REVIEW_PANEL,2025-05-16
ITTRS,ITTRSNDTY,BIC,bic/ITTRSNDTY-BIC.json,2,CENTROID|FACILITY,1,FACILITY_PROVIDED,2023-12-08
ITTRS,ITTRSSAMA,BIC,bic/ITTRSSAMA-BIC.json,2,CENTROID|FACILITY,1,REVIEW_PANEL,2025-05-16
ITTRS,ITTRSPLT,SMDG,smdg/ITTRSPLT-SMDG.json,6,BERTH|CENTROID|FACILITY,3,LOCAL_KNOWLEDGE,2026-06-04
ITTRS,ITTRSTMT,SMDG,smdg/ITTRSTMT-SMDG.json,6,BERTH|CENTROID|FACILITY,3,LOCAL_KNOWLEDGE,2024-07-29
ITVCE,ITVCEADHA,BIC,bic/ITVCEADHA-BIC.json,2,CENTROID|FACILITY,1,FACILITY_PROVIDED,2024-02-28
ITVCE,ITVCEAMBA,BIC,bic/ITVCEAMBA-BIC.json,2,CENTROID|FACILITY,1,FACILITY_PROVIDED,2024-03-20
ITVCE,ITVCECTJZ,BIC,bic/ITVCECTJZ-BIC.json,2,CENTROID|FACILITY,1,REVIEW_PANEL,2023-12-08
ITVCE,ITVCEFQYE,BIC,bic/ITVCEFQYE-BIC.json,2,CENTROID|FACILITY,1,LOCAL_KNOWLEDGE,2025-11-28
ITVCE,ITVCEPSAA,BIC,bic/ITVCEPSAA-BIC.json,2,CENTROID|FACILITY,1,LOCAL_KNOWLEDGE,2026-05-14
ITVCE,ITVCETIV,SMDG,smdg/ITVCETIV-SMDG.json,6,BERTH|CENTROID|FACILITY,3,LOCAL_KNOWLEDGE,2026-05-14
ITVCE,ITVCEVECON,SMDG,smdg/ITVCEVECON-SMDG.json,4,BERTH|CENTROID|FACILITY,2,LOCAL_KNOWLEDGE,2026-05-14
ITVDL,ITVDLRFTA,BIC,bic/ITVDLRFTA-BIC.json,2,CENTROID|FACILITY,1,REVIEW_PANEL,2024-02-28
ITVDL,ITVDLTGZV,BIC,bic/ITVDLTGZV-BIC.json,2,CENTROID|FACILITY,1,LOCAL_KNOWLEDGE,2026-03-19
ITVDL,ITVDLVADA,BIC,bic/ITVDLVADA-BIC.json,2,CENTROID|FACILITY,1,FACILITY_PROVIDED,2025-04-14
ITVDL,ITVDLVCSA,BIC,bic/ITVDLVCSA-BIC.json,2,CENTROID|FACILITY,1,FACILITY_PROVIDED,2024-02-28
ITVDL,ITVDLVGMA,BIC,bic/ITVDLVGMA-BIC.json,2,CENTROID|FACILITY,1,LOCAL_KNOWLEDGE,2026-05-28
ITVDL,ITVDLREEF,SMDG,smdg/ITVDLREEF-SMDG.json,4,BERTH|CENTROID|FACILITY,2,LOCAL_KNOWLEDGE,2026-03-19
ITVDL,ITVDLVGT,SMDG,smdg/ITVDLVGT-SMDG.json,8,BERTH|CENTROID|FACILITY|GATE|TRUCK_QUEUE,4,LOCAL_KNOWLEDGE,2026-06-09
JMKIN,JMKINPOGC,BIC,bic/JMKINPOGC-BIC.json,2,CENTROID|FACILITY,1,REVIEW_PANEL,2025-08-21
JMKIN,JMKINWEKP,BIC,bic/JMKINWEKP-BIC.json,2,CENTROID|FACILITY,1,LOCAL_KNOWLEDGE,2025-08-21
JMKIN,JMKINWSAP,BIC,bic/JMKINWSAP-BIC.json,2,CENTROID|FACILITY,1,LOCAL_KNOWLEDGE,2025-08-21
JMKIN,JMKINKCT,SMDG,smdg/JMKINKCT-SMDG.json,4,BERTH|CENTROID|FACILITY,2,LOCAL_KNOWLEDGE,2025-08-21
JMKIN,JMKINKWL,SMDG,smdg/JMKINKWL-SMDG.json,4,BERTH|CENTROID|FACILITY,2,LOCAL_KNOWLEDGE,2025-08-21
JMMBJ,JMMBJTOLE,BIC,bic/JMMBJTOLE-BIC.json,2,CENTROID|FACILITY,1,LOCAL_KNOWLEDGE,2025-08-21
JMMBJ,JMMBJMBY,SMDG,smdg/JMMBJMBY-SMDG.json,4,BERTH|CENTROID|FACILITY,2,LOCAL_KNOWLEDGE,2025-08-21
JPMOJ,JPMOJEOOM,BIC,bic/JPMOJEOOM-BIC.json,2,CENTROID|FACILITY,1,LOCAL_KNOWLEDGE,2025-02-28
JPMOJ,JPMOJFVBQ,BIC,bic/JPMOJFVBQ-BIC.json,2,CENTROID|FACILITY,1,LOCAL_KNOWLEDGE,2025-03-03
JPMOJ,JPMOJKKLA,BIC,bic/JPMOJKKLA-BIC.json,2,CENTROID|FACILITY,1,LOCAL_KNOWLEDGE,2025-02-28
JPMOJ,JPMOJMSIM,BIC,bic/JPMOJMSIM-BIC.json,2,CENTROID|FACILITY,1,LOCAL_KNOWLEDGE,2025-02-28
JPMOJ,JPMOJSEGA,BIC,bic/JPMOJSEGA-BIC.json,2,CENTROID|FACILITY,1,LOCAL_KNOWLEDGE,2025-02-28
JPMOJ,JPMOJHBK,SMDG,smdg/JPMOJHBK-SMDG.json,4,BERTH|CENTROID|FACILITY,2,LOCAL_KNOWLEDGE,2025-02-28
JPMOJ,JPMOJTAC1,SMDG,smdg/JPMOJTAC1-SMDG.json,4,BERTH|CENTROID|FACILITY,2,LOCAL_KNOWLEDGE,2025-02-28
JPMOJ,JPMOJTAC2,SMDG,smdg/JPMOJTAC2-SMDG.json,4,BERTH|CENTROID|FACILITY,2,LOCAL_KNOWLEDGE,2025-02-28
JPMOJ,JPMOJTNC,SMDG,smdg/JPMOJTNC-SMDG.json,4,BERTH|CENTROID|FACILITY,2,LOCAL_KNOWLEDGE,2025-04-24
JPNGO,JPNGOBGCW,BIC,bic/JPNGOBGCW-BIC.json,2,CENTROID|FACILITY,1,LOCAL_KNOWLEDGE,2025-02-12
JPNGO,JPNGODACI,BIC,bic/JPNGODACI-BIC.json,2,CENTROID|FACILITY,1,LOCAL_KNOWLEDGE,2025-02-12
JPNGO,JPNGOETDS,BIC,bic/JPNGOETDS-BIC.json,2,CENTROID|FACILITY,1,LOCAL_KNOWLEDGE,2025-02-12
JPNGO,JPNGOEVDG,BIC,bic/JPNGOEVDG-BIC.json,2,CENTROID|FACILITY,1,LOCAL_KNOWLEDGE,2025-02-12
JPNGO,JPNGOFDWH,BIC,bic/JPNGOFDWH-BIC.json,2,CENTROID|FACILITY,1,LOCAL_KNOWLEDGE,2025-02-12
JPNGO,JPNGONCB,SMDG,smdg/JPNGONCB-SMDG.json,4,BERTH|CENTROID|FACILITY,2,LOCAL_KNOWLEDGE,2025-05-16
JPNGO,JPNGONCT,SMDG,smdg/JPNGONCT-SMDG.json,4,BERTH|CENTROID|FACILITY,2,LOCAL_KNOWLEDGE,2025-02-12
JPNGO,JPNGOTCB,SMDG,smdg/JPNGOTCB-SMDG.json,4,BERTH|CENTROID|FACILITY,2,LOCAL_KNOWLEDGE,2025-02-12
JPNGO,JPNGOTNT,SMDG,smdg/JPNGOTNT-SMDG.json,4,BERTH|CENTROID|FACILITY,2,LOCAL_KNOWLEDGE,2025-02-12
JPNGO,JPNGOTST,SMDG,smdg/JPNGOTST-SMDG.json,4,BERTH|CENTROID|FACILITY,2,LOCAL_KNOWLEDGE,2025-02-12
JPOSA,JPOSABBKA,BIC,bic/JPOSABBKA-BIC.json,2,CENTROID|FACILITY,1,LOCAL_KNOWLEDGE,2025-02-28
JPOSA,JPOSACIOE,BIC,bic/JPOSACIOE-BIC.json,2,CENTROID|FACILITY,1,LOCAL_KNOWLEDGE,2025-02-28
JPOSA,JPOSAFEVX,BIC,bic/JPOSAFEVX-BIC.json,2,CENTROID|FACILITY,1,REVIEW_PANEL,2025-03-03
JPOSA,JPOSAFNRG,BIC,bic/JPOSAFNRG-BIC.json,2,CENTROID|FACILITY,1,LOCAL_KNOWLEDGE,2025-02-28
JPOSA,JPOSAHFFO,BIC,bic/JPOSAHFFO-BIC.json,2,CENTROID|FACILITY,1,LOCAL_KNOWLEDGE,2025-03-03
JPOSA,JPOSAOC1,SMDG,smdg/JPOSAOC1-SMDG.json,4,BERTH|CENTROID|FACILITY,2,LOCAL_KNOWLEDGE,2025-02-28
JPOSA,JPOSAOC10,SMDG,smdg/JPOSAOC10-SMDG.json,4,BERTH|CENTROID|FACILITY,2,REVIEW_PANEL,2025-03-03
JPOSA,JPOSAOC11,SMDG,smdg/JPOSAOC11-SMDG.json,4,BERTH|CENTROID|FACILITY,2,REVIEW_PANEL,2025-03-03
JPOSA,JPOSAOC12,SMDG,smdg/JPOSAOC12-SMDG.json,4,BERTH|CENTROID|FACILITY,2,REVIEW_PANEL,2025-03-03
JPOSA,JPOSAOC2,SMDG,smdg/JPOSAOC2-SMDG.json,4,BERTH|CENTROID|FACILITY,2,LOCAL_KNOWLEDGE,2025-02-28
JPOSA,JPOSAOC34,SMDG,smdg/JPOSAOC34-SMDG.json,4,BERTH|CENTROID|FACILITY,2,LOCAL_KNOWLEDGE,2025-02-28
JPOSA,JPOSAOC6,SMDG,smdg/JPOSAOC6-SMDG.json,4,BERTH|CENTROID|FACILITY,2,REVIEW_PANEL,2025-03-03
JPOSA,JPOSAOC7,SMDG,smdg/JPOSAOC7-SMDG.json,4,BERTH|CENTROID|FACILITY,2,REVIEW_PANEL,2025-03-03
JPOSA,JPOSAOC8,SMDG,smdg/JPOSAOC8-SMDG.json,4,BERTH|CENTROID|FACILITY,2,REVIEW_PANEL,2025-03-03
JPOSA,JPOSAOC9,SMDG,smdg/JPOSAOC9-SMDG.json,4,BERTH|CENTROID|FACILITY,2,REVIEW_PANEL,2025-03-03
JPTYO,JPTYOANYO,BIC,bic/JPTYOANYO-BIC.json,2,CENTROID|FACILITY,1,LOCAL_KNOWLEDGE,2023-12-19
JPTYO,JPTYOBAMU,BIC,bic/JPTYOBAMU-BIC.json,2,CENTROID|FACILITY,1,REVIEW_PANEL,2023-12-13
JPTYO,JPTYOBATO,BIC,bic/JPTYOBATO-BIC.json,2,CENTROID|FACILITY,1,LOCAL_KNOWLEDGE,2024-06-19
JPTYO,JPTYOCRUJ,BIC,bic/JPTYOCRUJ-BIC.json,2,CENTROID|FACILITY,1,LOCAL_KNOWLEDGE,2023-12-19
JPTYO,JPTYODPVF,BIC,bic/JPTYODPVF-BIC.json,2,CENTROID|FACILITY,1,LOCAL_KNOWLEDGE,2024-06-19
JPTYO,JPTYOAOH,SMDG,smdg/JPTYOAOH-SMDG.json,4,BERTH|CENTROID|FACILITY,2,REVIEW_PANEL,2024-05-02
JPTYO,JPTYOAOO,SMDG,smdg/JPTYOAOO-SMDG.json,4,BERTH|CENTROID|FACILITY,2,REVIEW_PANEL,2024-05-02
JPTYO,JPTYOCBY1,SMDG,smdg/JPTYOCBY1-SMDG.json,4,BERTH|CENTROID|FACILITY,2,REVIEW_PANEL,2024-05-02
JPTYO,JPTYOCBY2,SMDG,smdg/JPTYOCBY2-SMDG.json,4,BERTH|CENTROID|FACILITY,2,REVIEW_PANEL,2024-05-02
JPTYO,JPTYOOHA,SMDG,smdg/JPTYOOHA-SMDG.json,4,BERTH|CENTROID|FACILITY,2,REVIEW_PANEL,2024-05-02
JPTYO,JPTYOOHK,SMDG,smdg/JPTYOOHK-SMDG.json,4,BERTH|CENTROID|FACILITY,2,REVIEW_PANEL,2024-05-02
JPTYO,JPTYOOHM,SMDG,smdg/JPTYOOHM-SMDG.json,4,BERTH|CENTROID|FACILITY,2,REVIEW_PANEL,2025-05-16
JPTYO,JPTYOOHN,SMDG,smdg/JPTYOOHN-SMDG.json,4,BERTH|CENTROID|FACILITY,2,REVIEW_PANEL,2024-05-02
JPTYO,JPTYOSHG,SMDG,smdg/JPTYOSHG-SMDG.json,4,BERTH|CENTROID|FACILITY,2,REVIEW_PANEL,2024-05-02
JPUKB,JPUKBAGGV,BIC,bic/JPUKBAGGV-BIC.json,2,CENTROID|FACILITY,1,LOCAL_KNOWLEDGE,2024-10-10
JPUKB,JPUKBCCAT,BIC,bic/JPUKBCCAT-BIC.json,2,CENTROID|FACILITY,1,LOCAL_KNOWLEDGE,2023-12-13
JPUKB,JPUKBGFEE,BIC,bic/JPUKBGFEE-BIC.json,2,CENTROID|FACILITY,1,LOCAL_KNOWLEDGE,2023-12-15
JPUKB,JPUKBHAGX,BIC,bic/JPUKBHAGX-BIC.json,2,CENTROID|FACILITY,1,LOCAL_KNOWLEDGE,2024-10-17
JPUKB,JPUKBKAMA,BIC,bic/JPUKBKAMA-BIC.json,2,CENTROID|FACILITY,1,LOCAL_KNOWLEDGE,2024-10-29
JPUKB,JPUKBKCT,SMDG,smdg/JPUKBKCT-SMDG.json,6,BERTH|CENTROID|FACILITY,3,REVIEW_PANEL,2024-10-03
JPUKB,JPUKBPC13,SMDG,smdg/JPUKBPC13-SMDG.json,4,BERTH|CENTROID|FACILITY,2,LOCAL_KNOWLEDGE,2024-10-17
JPUKB,JPUKBPC14,SMDG,smdg/JPUKBPC14-SMDG.json,4,BERTH|CENTROID|FACILITY,2,LOCAL_KNOWLEDGE,2024-10-17
JPUKB,JPUKBPC15,SMDG,smdg/JPUKBPC15-SMDG.json,4,BERTH|CENTROID|FACILITY,2,LOCAL_KNOWLEDGE,2024-10-17
JPUKB,JPUKBPIM,SMDG,smdg/JPUKBPIM-SMDG.json,4,BERTH|CENTROID|FACILITY,2,LOCAL_KNOWLEDGE,2024-10-17
JPUKB,JPUKBRC2,SMDG,smdg/JPUKBRC2-SMDG.json,4,BERTH|CENTROID|FACILITY,2,LOCAL_KNOWLEDGE,2024-10-10
JPUKB,JPUKBRC4,SMDG,smdg/JPUKBRC4-SMDG.json,4,BERTH|CENTROID|FACILITY,2,LOCAL_KNOWLEDGE,2024-10-10
JPUKB,JPUKBRC5,SMDG,smdg/JPUKBRC5-SMDG.json,4,BERTH|CENTROID|FACILITY,2,LOCAL_KNOWLEDGE,2024-10-10
JPUKB,JPUKBRC6,SMDG,smdg/JPUKBRC6-SMDG.json,4,BERTH|CENTROID|FACILITY,2,LOCAL_KNOWLEDGE,2024-10-03
JPUKB,JPUKBRSBC,SMDG,smdg/JPUKBRSBC-SMDG.json,4,BERTH|CENTROID|FACILITY,2,LOCAL_KNOWLEDGE,2024-10-10
JPUKB,JPUKBRWX,SMDG,smdg/JPUKBRWX-SMDG.json,4,BERTH|CENTROID|FACILITY,2,LOCAL_KNOWLEDGE,2024-10-10
JPYOK,JPYOKDTID,BIC,bic/JPYOKDTID-BIC.json,2,CENTROID|FACILITY,1,LOCAL_KNOWLEDGE,2024-11-06
JPYOK,JPYOKFYMG,BIC,bic/JPYOKFYMG-BIC.json,2,CENTROID|FACILITY,1,LOCAL_KNOWLEDGE,2024-11-06
JPYOK,JPYOKJYYI,BIC,bic/JPYOKJYYI-BIC.json,2,CENTROID|FACILITY,1,LOCAL_KNOWLEDGE,2025-05-16
JPYOK,JPYOKKAMA,BIC,bic/JPYOKKAMA-BIC.json,2,CENTROID|FACILITY,1,LOCAL_KNOWLEDGE,2024-11-06
JPYOK,JPYOKMMTE,BIC,bic/JPYOKMMTE-BIC.json,2,CENTROID|FACILITY,1,LOCAL_KNOWLEDGE,2024-11-06
JPYOK,JPYOKAPMYOK,SMDG,smdg/JPYOKAPMYOK-SMDG.json,6,BERTH|CENTROID|FACILITY,3,LOCAL_KNOWLEDGE,2024-11-06
JPYOK,JPYOKDC3,SMDG,smdg/JPYOKDC3-SMDG.json,6,BERTH|CENTROID|FACILITY,3,LOCAL_KNOWLEDGE,2024-11-06
JPYOK,JPYOKDC4,SMDG,smdg/JPYOKDC4-SMDG.json,6,BERTH|CENTROID|FACILITY,3,LOCAL_KNOWLEDGE,2024-11-06
JPYOK,JPYOKDT9,SMDG,smdg/JPYOKDT9-SMDG.json,4,BERTH|CENTROID|FACILITY,2,LOCAL_KNOWLEDGE,2024-11-06
JPYOK,JPYOKHBC,SMDG,smdg/JPYOKHBC-SMDG.json,6,BERTH|CENTROID|FACILITY,3,LOCAL_KNOWLEDGE,2024-11-06
JPYOK,JPYOKHD1,SMDG,smdg/JPYOKHD1-SMDG.json,4,BERTH|CENTROID|FACILITY,2,LOCAL_KNOWLEDGE,2024-11-06
JPYOK,JPYOKHD4,SMDG,smdg/JPYOKHD4-SMDG.json,4,BERTH|CENTROID|FACILITY,2,LOCAL_KNOWLEDGE,2024-10-25
JPYOK,JPYOKHD5,SMDG,smdg/JPYOKHD5-SMDG.json,6,BERTH|CENTROID|FACILITY,3,LOCAL_KNOWLEDGE,2024-11-06
KEMBA,KEMBAACRE,BIC,bic/KEMBAACRE-BIC.json,2,CENTROID|FACILITY,1,REVIEW_PANEL,2026-07-14
KEMBA,KEMBAAGLA,BIC,bic/KEMBAAGLA-BIC.json,2,CENTROID|FACILITY,1,REVIEW_PANEL,2026-07-14
KEMBA,KEMBAALMA,BIC,bic/KEMBAALMA-BIC.json,2,CENTROID|FACILITY,1,REVIEW_PANEL,2026-07-14
KEMBA,KEMBABUZK,BIC,bic/KEMBABUZK-BIC.json,2,CENTROID|FACILITY,1,REVIEW_PANEL,2026-07-14
KEMBA,KEMBACHQI,BIC,bic/KEMBACHQI-BIC.json,2,CENTROID|FACILITY,1,REVIEW_PANEL,2026-07-16
KEMBA,KEMBAMCT,SMDG,smdg/KEMBAMCT-SMDG.json,16,BERTH|CENTROID|FACILITY,8,LOCAL_KNOWLEDGE,2026-03-18
KRINC,KRINCDOJU,BIC,bic/KRINCDOJU-BIC.json,2,CENTROID|FACILITY,1,LOCAL_KNOWLEDGE,2024-01-10
KRINC,KRINCGLJM,BIC,bic/KRINCGLJM-BIC.json,2,CENTROID|FACILITY,1,LOCAL_KNOWLEDGE,2025-11-28
KRINC,KRINCICCA,BIC,bic/KRINCICCA-BIC.json,2,CENTROID|FACILITY,1,REVIEW_PANEL,2024-01-10
KRINC,KRINCPWPM,BIC,bic/KRINCPWPM-BIC.json,2,CENTROID|FACILITY,1,LOCAL_KNOWLEDGE,2024-01-04
KRINC,KRINCSBGV,BIC,bic/KRINCSBGV-BIC.json,2,CENTROID|FACILITY,1,LOCAL_KNOWLEDGE,2026-01-29
KRINC,KRINCICTPC,SMDG,smdg/KRINCICTPC-SMDG.json,4,BERTH|CENTROID|FACILITY,2,REVIEW_PANEL,2024-02-15
KRKAN,KRKANJAYX,BIC,bic/KRKANJAYX-BIC.json,2,CENTROID|FACILITY,1,LOCAL_KNOWLEDGE,2026-01-29
KRKAN,KRKANNQTM,BIC,bic/KRKANNQTM-BIC.json,2,CENTROID|FACILITY,1,LOCAL_KNOWLEDGE,2026-01-29
KRKAN,KRKANOAPQ,BIC,bic/KRKANOAPQ-BIC.json,2,CENTROID|FACILITY,1,LOCAL_KNOWLEDGE,2026-01-29
KRKAN,KRKANGIGCT,SMDG,smdg/KRKANGIGCT-SMDG.json,4,BERTH|CENTROID|FACILITY,2,REVIEW_PANEL,2024-02-15
KRPUS,KRPUSBKBQ,BIC,bic/KRPUSBKBQ-BIC.json,2,CENTROID|FACILITY,1,LOCAL_KNOWLEDGE,2024-02-22
KRPUS,KRPUSCTNS,BIC,bic/KRPUSCTNS-BIC.json,2,CENTROID|FACILITY,1,REVIEW_PANEL,2024-02-15
KRPUS,KRPUSDAQY,BIC,bic/KRPUSDAQY-BIC.json,2,CENTROID|FACILITY,1,LOCAL_KNOWLEDGE,2024-01-03
KRPUS,KRPUSDHOA,BIC,bic/KRPUSDHOA-BIC.json,2,CENTROID|FACILITY,1,REVIEW_PANEL,2024-01-10
KRPUS,KRPUSEULV,BIC,bic/KRPUSEULV-BIC.json,2,CENTROID|FACILITY,1,REVIEW_PANEL,2024-02-22
KRPUS,KRPUSBCT,SMDG,smdg/KRPUSBCT-SMDG.json,4,BERTH|CENTROID|FACILITY,2,REVIEW_PANEL,2024-02-22
KRPUS,KRPUSBNCT,SMDG,smdg/KRPUSBNCT-SMDG.json,4,BERTH|CENTROID|FACILITY,2,REVIEW_PANEL,2024-02-22
KRPUS,KRPUSDPCT,SMDG,smdg/KRPUSDPCT-SMDG.json,4,BERTH|CENTROID|FACILITY,2,LOCAL_KNOWLEDGE,2023-11-26
KRPUS,KRPUSHBCT,SMDG,smdg/KRPUSHBCT-SMDG.json,4,BERTH|CENTROID|FACILITY,2,REVIEW_PANEL,2026-02-09
KRPUS,KRPUSHJNC,SMDG,smdg/KRPUSHJNC-SMDG.json,4,BERTH|CENTROID|FACILITY,2,REVIEW_PANEL,2024-02-15
KRPUS,KRPUSHPNT,SMDG,smdg/KRPUSHPNT-SMDG.json,4,BERTH|CENTROID|FACILITY,2,LOCAL_KNOWLEDGE,2025-05-16
KRPUS,KRPUSKBCT,SMDG,smdg/KRPUSKBCT-SMDG.json,8,BERTH|CENTROID|FACILITY,4,REVIEW_PANEL,2026-02-09
KRPUS,KRPUSPNC,SMDG,smdg/KRPUSPNC-SMDG.json,4,BERTH|CENTROID|FACILITY,2,LOCAL_KNOWLEDGE,2024-02-22
KRPUS,KRPUSPNP,SMDG,smdg/KRPUSPNP-SMDG.json,4,BERTH|CENTROID|FACILITY,2,LOCAL_KNOWLEDGE,2024-02-22
LBBEY,LBBEYRGBK,BIC,bic/LBBEYRGBK-BIC.json,2,CENTROID|FACILITY,1,LOCAL_KNOWLEDGE,2026-02-13
LBBEY,LBBEYBCTC,SMDG,smdg/LBBEYBCTC-SMDG.json,6,BERTH|CENTROID|FACILITY,3,LOCAL_KNOWLEDGE,2026-02-13
LCCAS,LCCASZCVV,BIC,bic/LCCASZCVV-BIC.json,2,CENTROID|FACILITY,1,REVIEW_PANEL,2025-08-21
LCCAS,LCCASPCAS,SMDG,smdg/LCCASPCAS-SMDG.json,4,BERTH|CENTROID|FACILITY,2,REVIEW_PANEL,2025-08-21
LCVIF,LCVIFXQXD,BIC,bic/LCVIFXQXD-BIC.json,2,CENTROID|FACILITY,1,REVIEW_PANEL,2025-08-21
LCVIF,LCVIFPVIF,SMDG,smdg/LCVIFPVIF-SMDG.json,4,BERTH|CENTROID|FACILITY,2,REVIEW_PANEL,2025-08-21
LKCMB,LKCMBABCA,BIC,bic/LKCMBABCA-BIC.json,2,CENTROID|FACILITY,1,FACILITY_PROVIDED,2023-12-15
LKCMB,LKCMBADNP,BIC,bic/LKCMBADNP-BIC.json,2,CENTROID|FACILITY,1,REVIEW_PANEL,2023-12-21
LKCMB,LKCMBCSLF,BIC,bic/LKCMBCSLF-BIC.json,2,CENTROID|FACILITY,1,LOCAL_KNOWLEDGE,2025-05-16
LKCMB,LKCMBDAEA,BIC,bic/LKCMBDAEA-BIC.json,2,CENTROID|FACILITY,1,LOCAL_KNOWLEDGE,2024-06-20
LKCMB,LKCMBDRMN,BIC,bic/LKCMBDRMN-BIC.json,2,CENTROID|FACILITY,1,LOCAL_KNOWLEDGE,2024-06-20
LKCMB,LKCMBCICT,SMDG,smdg/LKCMBCICT-SMDG.json,4,BERTH|CENTROID|FACILITY,2,LOCAL_KNOWLEDGE,2024-06-21
LKCMB,LKCMBLKJCT,SMDG,smdg/LKCMBLKJCT-SMDG.json,4,BERTH|CENTROID|FACILITY,2,LOCAL_KNOWLEDGE,2024-06-21
LKCMB,LKCMBSAGT,SMDG,smdg/LKCMBSAGT-SMDG.json,4,BERTH|CENTROID|FACILITY,2,LOCAL_KNOWLEDGE,2024-06-13
LRMLW,LRMLWSLQU,BIC,bic/LRMLWSLQU-BIC.json,2,CENTROID|FACILITY,1,LOCAL_KNOWLEDGE,2026-08-27
LRMLW,LRMLWTLQR,BIC,bic/LRMLWTLQR-BIC.json,2,CENTROID|FACILITY,1,LOCAL_KNOWLEDGE,2026-08-27
LRMLW,LRMLWAPMT,SMDG,smdg/LRMLWAPMT-SMDG.json,4,BERTH|CENTROID|FACILITY,2,LOCAL_KNOWLEDGE,2026-08-27
LTKLJ,LTKLJBWIC,BIC,bic/LTKLJBWIC-BIC.json,2,CENTROID|FACILITY,1,LOCAL_KNOWLEDGE,2025-01-24
LTKLJ,LTKLJJFJO,BIC,bic/LTKLJJFJO-BIC.json,2,CENTROID|FACILITY,1,LOCAL_KNOWLEDGE,2025-01-24
LTKLJ,LTKLJKPDA,BIC,bic/LTKLJKPDA-BIC.json,2,CENTROID|FACILITY,1,LOCAL_KNOWLEDGE,2025-01-24
LTKLJ,LTKLJVQCD,BIC,bic/LTKLJVQCD-BIC.json,2,CENTROID|FACILITY,1,LOCAL_KNOWLEDGE,2025-01-24
LTKLJ,LTKLJKAS,SMDG,smdg/LTKLJKAS-SMDG.json,4,BERTH|CENTROID|FACILITY,2,LOCAL_KNOWLEDGE,2025-01-24
LTKLJ,LTKLJKKT,SMDG,smdg/LTKLJKKT-SMDG.json,4,BERTH|CENTROID|FACILITY,2,LOCAL_KNOWLEDGE,2025-01-24
LVRIX,LVRIXAQRM,BIC,bic/LVRIXAQRM-BIC.json,2,CENTROID|FACILITY,1,REVIEW_PANEL,2025-01-16
LVRIX,LVRIXSKFH,BIC,bic/LVRIXSKFH-BIC.json,2,CENTROID|FACILITY,1,LOCAL_KNOWLEDGE,2025-01-16
LVRIX,LVRIXUTIJ,BIC,bic/LVRIXUTIJ-BIC.json,2,CENTROID|FACILITY,1,LOCAL_KNOWLEDGE,2025-01-16
LVRIX,LVRIXXVTG,BIC,bic/LVRIXXVTG-BIC.json,4,CENTROID|FACILITY,2,LOCAL_KNOWLEDGE,2025-05-16
LVRIX,LVRIXYFUO,BIC,bic/LVRIXYFUO-BIC.json,2,CENTROID|FACILITY,1,LOCAL_KNOWLEDGE,2025-01-16
LVRIX,LVRIXBCT,SMDG,smdg/LVRIXBCT-SMDG.json,4,BERTH|CENTROID|FACILITY,2,LOCAL_KNOWLEDGE,2025-05-16
LVRIX,LVRIXRCT,SMDG,smdg/LVRIXRCT-SMDG.json,4,BERTH|CENTROID|FACILITY,2,LOCAL_KNOWLEDGE,2025-05-16
LVRIX,LVRIXRUT,SMDG,smdg/LVRIXRUT-SMDG.json,4,BERTH|CENTROID|FACILITY,2,LOCAL_KNOWLEDGE,2025-05-16
MACAS,MACASAHRA,BIC,bic/MACASAHRA-BIC.json,2,CENTROID|FACILITY,1,LOCAL_KNOWLEDGE,2025-10-22
MACAS,MACASEDGW,BIC,bic/MACASEDGW-BIC.json,2,CENTROID|FACILITY,1,REVIEW_PANEL,2023-12-21
MACAS,MACASMMVH,BIC,bic/MACASMMVH-BIC.json,4,CENTROID|FACILITY|GATE,2,LOCAL_KNOWLEDGE,2026-06-29
MACAS,MACASYVJA,BIC,bic/MACASYVJA-BIC.json,4,CENTROID|FACILITY|GATE,2,LOCAL_KNOWLEDGE,2026-06-18
MACAS,MACASSOMAP,SMDG,smdg/MACASSOMAP-SMDG.json,4,BERTH|CENTROID|FACILITY,2,FACILITY_PROVIDED,2025-05-16
MAPTM,MAPTMDCUV,BIC,bic/MAPTMDCUV-BIC.json,2,CENTROID|FACILITY,1,LOCAL_KNOWLEDGE,2024-04-30
MAPTM,MAPTMQRBY,BIC,bic/MAPTMQRBY-BIC.json,2,CENTROID|FACILITY,1,REVIEW_PANEL,2024-05-14
MAPTM,MAPTMAPM2,SMDG,smdg/MAPTMAPM2-SMDG.json,4,BERTH|CENTROID|FACILITY,2,FACILITY_PROVIDED,2024-05-08
MAPTM,MAPTMAPMT,SMDG,smdg/MAPTMAPMT-SMDG.json,4,BERTH|CENTROID|FACILITY,2,LOCAL_KNOWLEDGE,2024-04-30
MAPTM,MAPTMEURTN,SMDG,smdg/MAPTMEURTN-SMDG.json,4,BERTH|CENTROID|FACILITY,2,FACILITY_PROVIDED,2024-04-30
MAPTM,MAPTMTAT,SMDG,smdg/MAPTMTAT-SMDG.json,4,BERTH|CENTROID|FACILITY,2,LOCAL_KNOWLEDGE,2024-04-30
MTMAR,MTMARLFZU,BIC,bic/MTMARLFZU-BIC.json,2,CENTROID|FACILITY,1,REVIEW_PANEL,2024-02-16
MTMAR,MTMARFREE,SMDG,smdg/MTMARFREE-SMDG.json,8,BERTH|CENTROID|FACILITY,4,REVIEW_PANEL,2024-02-14
MXATM,MXATMATPA,BIC,bic/MXATMATPA-BIC.json,2,CENTROID|FACILITY,1,LOCAL_KNOWLEDGE,2025-03-20
MXATM,MXATMCDGA,BIC,bic/MXATMCDGA-BIC.json,2,CENTROID|FACILITY,1,REVIEW_PANEL,2025-03-26
MXATM,MXATMDEPA,BIC,bic/MXATMDEPA-BIC.json,2,CENTROID|FACILITY,1,REVIEW_PANEL,2025-04-09
MXATM,MXATMDIPM,BIC,bic/MXATMDIPM-BIC.json,2,CENTROID|FACILITY,1,LOCAL_KNOWLEDGE,2025-03-20
MXATM,MXATMISYA,BIC,bic/MXATMISYA-BIC.json,2,CENTROID|FACILITY,1,REVIEW_PANEL,2025-04-02
MXATM,MXATMATP,SMDG,smdg/MXATMATP-SMDG.json,4,BERTH|CENTROID|FACILITY,2,LOCAL_KNOWLEDGE,2025-03-20
MXATM,MXATMIPM,SMDG,smdg/MXATMIPM-SMDG.json,4,BERTH|CENTROID|FACILITY,2,LOCAL_KNOWLEDGE,2025-03-20
MXESE,MXESEDSZL,BIC,bic/MXESEDSZL-BIC.json,4,CENTROID|FACILITY|GATE,2,LOCAL_KNOWLEDGE,2026-06-18
MXESE,MXESEENSA,BIC,bic/MXESEENSA-BIC.json,2,CENTROID|FACILITY,1,LOCAL_KNOWLEDGE,2025-04-02
MXESE,MXESEULHQ,BIC,bic/MXESEULHQ-BIC.json,2,CENTROID|FACILITY,1,LOCAL_KNOWLEDGE,2025-04-02
MXESE,MXESEVUSV,BIC,bic/MXESEVUSV-BIC.json,2,CENTROID|FACILITY,1,LOCAL_KNOWLEDGE,2025-04-02
MXESE,MXESEYPCS,BIC,bic/MXESEYPCS-BIC.json,2,CENTROID|FACILITY,1,LOCAL_KNOWLEDGE,2025-04-02
MXESE,MXESEEIT,SMDG,smdg/MXESEEIT-SMDG.json,4,BERTH|CENTROID|FACILITY,2,LOCAL_KNOWLEDGE,2025-05-27
MXGYM,MXGYMTGUA,SMDG,smdg/MXGYMTGUA-SMDG.json,4,BERTH|CENTROID|FACILITY,2,LOCAL_KNOWLEDGE,2025-05-27
MXLZC,MXLZCAPMA,BIC,bic/MXLZCAPMA-BIC.json,2,CENTROID|FACILITY,1,LOCAL_KNOWLEDGE,2025-04-02
MXLZC,MXLZCCENA,BIC,bic/MXLZCCENA-BIC.json,2,CENTROID|FACILITY,1,LOCAL_KNOWLEDGE,2025-09-17
MXLZC,MXLZCCHRW,BIC,bic/MXLZCCHRW-BIC.json,2,CENTROID|FACILITY,1,LOCAL_KNOWLEDGE,2025-05-14
MXLZC,MXLZCHCCF,BIC,bic/MXLZCHCCF-BIC.json,2,CENTROID|FACILITY,1,LOCAL_KNOWLEDGE,2025-05-16
MXLZC,MXLZCVASA,BIC,bic/MXLZCVASA-BIC.json,2,CENTROID|FACILITY,1,REVIEW_PANEL,2025-08-19
MXLZC,MXLZCAPMT,SMDG,smdg/MXLZCAPMT-SMDG.json,4,BERTH|CENTROID|FACILITY,2,LOCAL_KNOWLEDGE,2025-03-13
MXLZC,MXLZCLCMT,SMDG,smdg/MXLZCLCMT-SMDG.json,4,BERTH|CENTROID|FACILITY,2,LOCAL_KNOWLEDGE,2025-03-13
MXLZC,MXLZCLCT,SMDG,smdg/MXLZCLCT-SMDG.json,4,BERTH|CENTROID|FACILITY,2,LOCAL_KNOWLEDGE,2025-03-13
MXMZT,MXMZTCPFA,BIC,bic/MXMZTCPFA-BIC.json,2,CENTROID|FACILITY,1,REVIEW_PANEL,2025-05-27
MXMZT,MXMZTKXVC,BIC,bic/MXMZTKXVC-BIC.json,2,CENTROID|FACILITY,1,LOCAL_KNOWLEDGE,2025-03-20
MXMZT,MXMZTTMAZ,SMDG,smdg/MXMZTTMAZ-SMDG.json,4,BERTH|CENTROID|FACILITY,2,LOCAL_KNOWLEDGE,2025-03-20
MXPGO,MXPGODBBL,BIC,bic/MXPGODBBL-BIC.json,2,CENTROID|FACILITY,1,LOCAL_KNOWLEDGE,2025-04-02
MXPGO,MXPGOEFCV,BIC,bic/MXPGOEFCV-BIC.json,2,CENTROID|FACILITY,1,LOCAL_KNOWLEDGE,2025-04-02
MXPGO,MXPGOTERA,BIC,bic/MXPGOTERA-BIC.json,2,CENTROID|FACILITY,1,LOCAL_KNOWLEDGE,2025-04-02
MXPGO,MXPGOWZJQ,BIC,bic/MXPGOWZJQ-BIC.json,2,CENTROID|FACILITY,1,LOCAL_KNOWLEDGE,2025-04-02
MXPGO,MXPGOTCY,SMDG,smdg/MXPGOTCY-SMDG.json,4,BERTH|CENTROID|FACILITY,2,LOCAL_KNOWLEDGE,2025-05-16
MXPMD,MXPMDPMD,SMDG,smdg/MXPMDPMD-SMDG.json,4,BERTH|CENTROID|FACILITY,2,REVIEW_PANEL,2025-04-30
MXPMS,MXPMSPMOR,SMDG,smdg/MXPMSPMOR-SMDG.json,4,BERTH|CENTROID|FACILITY,2,LOCAL_KNOWLEDGE,2025-04-30
MXTUX,MXTUXMAIL,BIC,bic/MXTUXMAIL-BIC.json,2,CENTROID|FACILITY,1,LOCAL_KNOWLEDGE,2025-05-27
MXTUX,MXTUXTPT,SMDG,smdg/MXTUXTPT-SMDG.json,4,BERTH|CENTROID|FACILITY,2,LOCAL_KNOWLEDGE,2025-05-27
MXVER,MXVERCCIA,BIC,bic/MXVERCCIA-BIC.json,2,CENTROID|FACILITY,1,LOCAL_KNOWLEDGE,2025-05-16
MXVER,MXVERCCSA,BIC,bic/MXVERCCSA-BIC.json,2,CENTROID|FACILITY,1,LOCAL_KNOWLEDGE,2025-04-30
MXVER,MXVERCPEX,BIC,bic/MXVERCPEX-BIC.json,2,CENTROID|FACILITY,1,LOCAL_KNOWLEDGE,2025-04-30
MXVER,MXVERDCCI,BIC,bic/MXVERDCCI-BIC.json,4,CENTROID|FACILITY|GATE,2,LOCAL_KNOWLEDGE,2026-06-18
MXVER,MXVERDHAQ,BIC,bic/MXVERDHAQ-BIC.json,2,CENTROID|FACILITY,1,LOCAL_KNOWLEDGE,2025-04-09
MXVER,MXVERCICENB,SMDG,smdg/MXVERCICENB-SMDG.json,4,BERTH|CENTROID|FACILITY,2,LOCAL_KNOWLEDGE,2025-04-30
MXVER,MXVERCICESB,SMDG,smdg/MXVERCICESB-SMDG.json,4,BERTH|CENTROID|FACILITY,2,LOCAL_KNOWLEDGE,2025-04-30
MXVER,MXVERICAVE,SMDG,smdg/MXVERICAVE-SMDG.json,4,BERTH|CENTROID|FACILITY,2,LOCAL_KNOWLEDGE,2025-04-30
MXZLO,MXZLOCBWX,BIC,bic/MXZLOCBWX-BIC.json,2,CENTROID|FACILITY,1,LOCAL_KNOWLEDGE,2025-04-22
MXZLO,MXZLOCONA,BIC,bic/MXZLOCONA-BIC.json,2,CENTROID|FACILITY,1,LOCAL_KNOWLEDGE,2025-05-16
MXZLO,MXZLOCORA,BIC,bic/MXZLOCORA-BIC.json,2,CENTROID|FACILITY,1,REVIEW_PANEL,2025-04-16
MXZLO,MXZLODMZG,BIC,bic/MXZLODMZG-BIC.json,4,CENTROID|FACILITY|GATE,2,LOCAL_KNOWLEDGE,2026-06-18
MXZLO,MXZLOEKDU,BIC,bic/MXZLOEKDU-BIC.json,2,CENTROID|FACILITY,1,LOCAL_KNOWLEDGE,2025-04-22
MXZLO,MXZLOCMSA,SMDG,smdg/MXZLOCMSA-SMDG.json,4,BERTH|CENTROID|FACILITY,2,LOCAL_KNOWLEDGE,2025-05-16
MXZLO,MXZLOSSAMX,SMDG,smdg/MXZLOSSAMX-SMDG.json,4,BERTH|CENTROID|FACILITY,2,LOCAL_KNOWLEDGE,2025-03-13
MXZLO,MXZLOTIMSA,SMDG,smdg/MXZLOTIMSA-SMDG.json,4,BERTH|CENTROID|FACILITY,2,LOCAL_KNOWLEDGE,2025-05-16
MYKCH,MYKCHSENA,SMDG,smdg/MYKCHSENA-SMDG.json,4,BERTH|CENTROID|FACILITY,2,REVIEW_PANEL,2026-04-23
MYPEN,MYPENDCPA,BIC,bic/MYPENDCPA-BIC.json,4,CENTROID|FACILITY|GATE,2,LOCAL_KNOWLEDGE,2026-07-01
MYPEN,MYPENDUID,BIC,bic/MYPENDUID-BIC.json,2,CENTROID|FACILITY,1,REVIEW_PANEL,2024-01-10
MYPEN,MYPENEKGA,BIC,bic/MYPENEKGA-BIC.json,2,CENTROID|FACILITY,1,FACILITY_PROVIDED,2025-05-16
MYPEN,MYPENPPAB,BIC,bic/MYPENPPAB-BIC.json,2,CENTROID|FACILITY,1,REVIEW_PANEL,2025-10-31
MYPEN,MYPENVCNU,BIC,bic/MYPENVCNU-BIC.json,2,CENTROID|FACILITY,1,REVIEW_PANEL,2025-05-16
MYPEN,MYPENPENP,SMDG,smdg/MYPENPENP-SMDG.json,6,BERTH|CENTROID|FACILITY,3,REVIEW_PANEL,2023-12-13
MYPKG,MYPKGAVMI,BIC,bic/MYPKGAVMI-BIC.json,4,CENTROID|FACILITY|GATE,2,LOCAL_KNOWLEDGE,2026-07-01
MYPKG,MYPKGBINA,BIC,bic/MYPKGBINA-BIC.json,2,CENTROID|FACILITY,1,REVIEW_PANEL,2024-04-25
MYPKG,MYPKGCCBA,BIC,bic/MYPKGCCBA-BIC.json,2,CENTROID|FACILITY,1,LOCAL_KNOWLEDGE,2024-02-29
MYPKG,MYPKGCFTH,BIC,bic/MYPKGCFTH-BIC.json,2,CENTROID|FACILITY,1,REVIEW_PANEL,2025-05-16
MYPKG,MYPKGDSDN,BIC,bic/MYPKGDSDN-BIC.json,4,CENTROID|FACILITY|GATE,2,LOCAL_KNOWLEDGE,2026-06-24
MYPKG,MYPKGKMT,SMDG,smdg/MYPKGKMT-SMDG.json,4,BERTH|CENTROID|FACILITY,2,REVIEW_PANEL,2024-02-29
MYPKG,MYPKGNPM,SMDG,smdg/MYPKGNPM-SMDG.json,4,BERTH|CENTROID|FACILITY,2,REVIEW_PANEL,2024-02-29
MYSBW,MYSBWLKUJ,BIC,bic/MYSBWLKUJ-BIC.json,2,CENTROID|FACILITY,1,LOCAL_KNOWLEDGE,2024-02-15
MYSBW,MYSBWVPIX,BIC,bic/MYSBWVPIX-BIC.json,2,CENTROID|FACILITY,1,REVIEW_PANEL,2023-12-21
MYSBW,MYSBWYGLI,BIC,bic/MYSBWYGLI-BIC.json,2,CENTROID|FACILITY,1,REVIEW_PANEL,2023-12-22
MYSBW,MYSBWRPS,SMDG,smdg/MYSBWRPS-SMDG.json,4,BERTH|CENTROID|FACILITY,2,LOCAL_KNOWLEDGE,2023-11-22
MYTPP,MYTPPVOTO,BIC,bic/MYTPPVOTO-BIC.json,2,CENTROID|FACILITY,1,REVIEW_PANEL,2025-05-16
MYTPP,MYTPPPTP,SMDG,smdg/MYTPPPTP-SMDG.json,4,BERTH|CENTROID|FACILITY,2,LOCAL_KNOWLEDGE,2024-04-09
MZBEW,MZBEWADTX,BIC,bic/MZBEWADTX-BIC.json,2,CENTROID|FACILITY,1,LOCAL_KNOWLEDGE,2026-08-06
MZBEW,MZBEWDDSI,BIC,bic/MZBEWDDSI-BIC.json,2,CENTROID|FACILITY,1,LOCAL_KNOWLEDGE,2026-08-06
MZBEW,MZBEWFREA,BIC,bic/MZBEWFREA-BIC.json,2,CENTROID|FACILITY,1,LOCAL_KNOWLEDGE,2026-07-30
MZBEW,MZBEWJMDA,BIC,bic/MZBEWJMDA-BIC.json,2,CENTROID|FACILITY,1,LOCAL_KNOWLEDGE,2026-07-30
MZBEW,MZBEWKGRT,BIC,bic/MZBEWKGRT-BIC.json,2,CENTROID|FACILITY,1,REVIEW_PANEL,2026-07-30
MZBEW,MZBEWBCT,SMDG,smdg/MZBEWBCT-SMDG.json,6,BERTH|CENTROID|FACILITY|GATE,3,LOCAL_KNOWLEDGE,2026-07-30
MZMNC,MZMNCBMXY,BIC,bic/MZMNCBMXY-BIC.json,2,CENTROID|FACILITY,1,REVIEW_PANEL,2026-07-30
MZMNC,MZMNCFYFR,BIC,bic/MZMNCFYFR-BIC.json,2,CENTROID|FACILITY,1,LOCAL_KNOWLEDGE,2026-08-06
MZMNC,MZMNCIMBS,BIC,bic/MZMNCIMBS-BIC.json,2,CENTROID|FACILITY,1,LOCAL_KNOWLEDGE,2026-07-30
MZMNC,MZMNCLXXC,BIC,bic/MZMNCLXXC-BIC.json,2,CENTROID|FACILITY,1,LOCAL_KNOWLEDGE,2026-07-30
MZMNC,MZMNCPKTT,BIC,bic/MZMNCPKTT-BIC.json,2,CENTROID|FACILITY,1,LOCAL_KNOWLEDGE,2026-08-06
MZMNC,MZMNCNCT,SMDG,smdg/MZMNCNCT-SMDG.json,8,ASSOCIATED_RAIL|BERTH|CENTROID|FACILITY|GATE,4,REVIEW_PANEL,2026-07-30
MZMPM,MZMPMBGBY,BIC,bic/MZMPMBGBY-BIC.json,2,CENTROID|FACILITY,1,REVIEW_PANEL,2026-08-06
MZMPM,MZMPMRQDI,BIC,bic/MZMPMRQDI-BIC.json,2,CENTROID|FACILITY,1,REVIEW_PANEL,2026-07-30
MZMPM,MZMPMRVLG,BIC,bic/MZMPMRVLG-BIC.json,2,CENTROID|FACILITY,1,REVIEW_PANEL,2026-07-30
MZMPM,MZMPMSHFP,BIC,bic/MZMPMSHFP-BIC.json,2,CENTROID|FACILITY,1,LOCAL_KNOWLEDGE,2026-07-30
MZMPM,MZMPMMIPS,SMDG,smdg/MZMPMMIPS-SMDG.json,6,BERTH|CENTROID|FACILITY|GATE,3,LOCAL_KNOWLEDGE,2026-07-30
NALUD,NALUDNAMP,SMDG,smdg/NALUDNAMP-SMDG.json,4,BERTH|CENTROID|FACILITY,2,LOCAL_KNOWLEDGE,2026-07-29
NAWVB,NAWVBAGLA,BIC,bic/NAWVBAGLA-BIC.json,2,CENTROID|FACILITY,1,REVIEW_PANEL,2026-07-29
NAWVB,NAWVBDZYI,BIC,bic/NAWVBDZYI-BIC.json,2,CENTROID|FACILITY,1,REVIEW_PANEL,2026-07-29
NAWVB,NAWVBIYCP,BIC,bic/NAWVBIYCP-BIC.json,2,CENTROID|FACILITY,1,LOCAL_KNOWLEDGE,2026-07-29
NAWVB,NAWVBMANA,BIC,bic/NAWVBMANA-BIC.json,2,CENTROID|FACILITY,1,REVIEW_PANEL,2026-07-29
NAWVB,NAWVBNAMA,BIC,bic/NAWVBNAMA-BIC.json,2,CENTROID|FACILITY,1,REVIEW_PANEL,2026-07-29
NAWVB,NAWVBNCT,SMDG,smdg/NAWVBNCT-SMDG.json,4,BERTH|CENTROID|FACILITY,2,LOCAL_KNOWLEDGE,2026-07-29
NAWVB,NAWVBWVB,SMDG,smdg/NAWVBWVB-SMDG.json,4,BERTH|CENTROID|FACILITY,2,LOCAL_KNOWLEDGE,2026-07-29
NGAPP,NGAPPAGLA,BIC,bic/NGAPPAGLA-BIC.json,2,CENTROID|FACILITY,1,REVIEW_PANEL,2026-07-30
NGAPP,NGAPPCIQX,BIC,bic/NGAPPCIQX-BIC.json,2,CENTROID|FACILITY,1,REVIEW_PANEL,2026-07-30
NGAPP,NGAPPDMNE,BIC,bic/NGAPPDMNE-BIC.json,2,CENTROID|FACILITY,1,LOCAL_KNOWLEDGE,2026-07-30
NGAPP,NGAPPGIHN,BIC,bic/NGAPPGIHN-BIC.json,2,CENTROID|FACILITY,1,REVIEW_PANEL,2026-07-30
NGAPP,NGAPPITEZ,BIC,bic/NGAPPITEZ-BIC.json,2,CENTROID|FACILITY,1,LOCAL_KNOWLEDGE,2026-07-30
NGAPP,NGAPPAPMTER,SMDG,smdg/NGAPPAPMTER-SMDG.json,4,BERTH|CENTROID|FACILITY,2,LOCAL_KNOWLEDGE,2026-03-18
NGLKK,NGLKKLFTL,SMDG,smdg/NGLKKLFTL-SMDG.json,4,BERTH|CENTROID|FACILITY,2,FACILITY_PROVIDED,2024-11-08
NGONN,NGONNAPMT,SMDG,smdg/NGONNAPMT-SMDG.json,4,BERTH|CENTROID|FACILITY,2,LOCAL_KNOWLEDGE,2026-03-13
NGONN,NGONNOMT,SMDG,smdg/NGONNOMT-SMDG.json,6,BERTH|CENTROID|FACILITY,3,LOCAL_KNOWLEDGE,2026-03-13
NICIO,NICIOBJQZ,BIC,bic/NICIOBJQZ-BIC.json,2,CENTROID|FACILITY,1,,2025-09-03
NICIO,NICIOGVBA,BIC,bic/NICIOGVBA-BIC.json,2,CENTROID|FACILITY,1,LOCAL_KNOWLEDGE,2025-09-03
NICIO,NICIOMIRA,BIC,bic/NICIOMIRA-BIC.json,2,CENTROID|FACILITY,1,LOCAL_KNOWLEDGE,2025-09-03
NICIO,NICIOPPYA,BIC,bic/NICIOPPYA-BIC.json,2,CENTROID|FACILITY,1,LOCAL_KNOWLEDGE,2025-09-03
NICIO,NICIOQCUK,BIC,bic/NICIOQCUK-BIC.json,2,CENTROID|FACILITY,1,LOCAL_KNOWLEDGE,2025-09-03
NICIO,NICIOEPN,SMDG,smdg/NICIOEPN-SMDG.json,4,BERTH|CENTROID|FACILITY,2,LOCAL_KNOWLEDGE,2025-09-03
NLALM,NLALMCTTA,SMDG,smdg/NLALMCTTA-SMDG.json,4,BERTH|CENTROID|FACILITY,2,REVIEW_PANEL,2025-01-29
NLAMS,NLAMSGQJE,BIC,bic/NLAMSGQJE-BIC.json,2,CENTROID|FACILITY,1,REVIEW_PANEL,2025-01-29
NLAMS,NLAMSJGHX,BIC,bic/NLAMSJGHX-BIC.json,2,CENTROID|FACILITY,1,LOCAL_KNOWLEDGE,2025-05-16
NLAMS,NLAMSPWVW,BIC,bic/NLAMSPWVW-BIC.json,2,CENTROID|FACILITY,1,LOCAL_KNOWLEDGE,2025-04-03
NLAMS,NLAMSUDIU,BIC,bic/NLAMSUDIU-BIC.json,2,CENTROID|FACILITY,1,REVIEW_PANEL,2025-01-29
NLAMS,NLAMSACT,SMDG,smdg/NLAMSACT-SMDG.json,6,BERTH|CENTROID|FACILITY,3,LOCAL_KNOWLEDGE,2025-01-29
NLAMS,NLAMSCTVA,SMDG,smdg/NLAMSCTVA-SMDG.json,4,BERTH|CENTROID|FACILITY,2,LOCAL_KNOWLEDGE,2025-01-29
NLHEN,NLHENTKVM,BIC,bic/NLHENTKVM-BIC.json,2,CENTROID|FACILITY,1,REVIEW_PANEL,2025-02-14
NLHEN,NLHENCTTH,SMDG,smdg/NLHENCTTH-SMDG.json,4,BERTH|CENTROID|FACILITY,2,LOCAL_KNOWLEDGE,2025-02-05
NLMOE,NLMOEAPJU,BIC,bic/NLMOEAPJU-BIC.json,6,BERTH|CENTROID|FACILITY,3,LOCAL_KNOWLEDGE,2026-07-29
NLMOE,NLMOECARA,BIC,bic/NLMOECARA-BIC.json,2,CENTROID|FACILITY,1,REVIEW_PANEL,2025-03-14
NLMOE,NLMOECARL,BIC,bic/NLMOECARL-BIC.json,2,CENTROID|FACILITY,1,LOCAL_KNOWLEDGE,2025-03-14
NLMOE,NLMOECPBA,BIC,bic/NLMOECPBA-BIC.json,2,CENTROID|FACILITY,1,REVIEW_PANEL,2025-03-14
NLMOE,NLMOESTOL,BIC,bic/NLMOESTOL-BIC.json,2,CENTROID|FACILITY,1,FACILITY_PROVIDED,2024-12-19
NLMOE,NLMOEMCT,SMDG,smdg/NLMOEMCT-SMDG.json,6,BERTH|CENTROID|FACILITY,3,LOCAL_KNOWLEDGE,2025-02-05
NLRTM,NLRTMAGCP,BIC,bic/NLRTMAGCP-BIC.json,2,centroid|geofence,1,,2023-01-05
NLRTM,NLRTMALPW,BIC,bic/NLRTMALPW-BIC.json,2,centroid|geofence,1,,2023-01-05
NLRTM,NLRTMAPJO,BIC,bic/NLRTMAPJO-BIC.json,2,centroid|geofence,1,,2023-01-05
NLRTM,NLRTMASLA,BIC,bic/NLRTMASLA-BIC.json,2,centroid|geofence,1,,2023-01-05
NLRTM,NLRTMBURA,BIC,bic/NLRTMBURA-BIC.json,2,CENTROID|geofence,1,,2025-05-16
NLRTM,NLRTM5049,SMDG,smdg/NLRTM5049-SMDG.json,4,BERTH|CENTROID|FACILITY,2,LOCAL_KNOWLEDGE,2023-11-15
NLRTM,NLRTMBDP,SMDG,smdg/NLRTMBDP-SMDG.json,6,BERTH|CENTROID|FACILITY,3,REVIEW_PANEL,2024-03-22
NLRTM,NLRTMDBF,SMDG,smdg/NLRTMDBF-SMDG.json,4,BERTH|CENTROID|FACILITY,2,LOCAL_KNOWLEDGE,2023-11-22
NLRTM,NLRTMDCD,SMDG,smdg/NLRTMDCD-SMDG.json,2,centroid|geofence,1,,2023-01-05
NLRTM,NLRTMDDE,SMDG,smdg/NLRTMDDE-SMDG.json,4,BERTH|CENTROID|FACILITY,2,REVIEW_PANEL,2024-03-22
NLRTM,NLRTMDDN,SMDG,smdg/NLRTMDDN-SMDG.json,4,BERTH|CENTROID|FACILITY,2,REVIEW_PANEL,2024-03-22
NLRTM,NLRTMEMX,SMDG,smdg/NLRTMEMX-SMDG.json,4,BERTH|CENTROID|FACILITY,2,LOCAL_KNOWLEDGE,2023-11-15
NLRTM,NLRTMHPD2,SMDG,smdg/NLRTMHPD2-SMDG.json,6,ASSOCIATED_RAIL|BERTH|CENTROID|FACILITY,3,REVIEW_PANEL,2026-06-09
NLRTM,NLRTMKRM,SMDG,smdg/NLRTMKRM-SMDG.json,4,BERTH|CENTROID|FACILITY,2,LOCAL_KNOWLEDGE,2023-11-15
NLRTM,NLRTMMATR,SMDG,smdg/NLRTMMATR-SMDG.json,6,BERTH|CENTROID|FACILITY,3,LOCAL_KNOWLEDGE,2023-11-29
NLRTM,NLRTMNLMVII,SMDG,smdg/NLRTMNLMVII-SMDG.json,6,BERTH|CENTROID|FACILITY,3,REVIEW_PANEL,2024-03-22
NLRTM,NLRTMNLSBH,SMDG,smdg/NLRTMNLSBH-SMDG.json,6,BERTH|CENTROID|FACILITY,3,REVIEW_PANEL,2024-03-22
NLRTM,NLRTMRBC,SMDG,smdg/NLRTMRBC-SMDG.json,4,BERTH|CENTROID|FACILITY,2,REVIEW_PANEL,2023-11-29
NLRTM,NLRTMRSC,SMDG,smdg/NLRTMRSC-SMDG.json,2,centroid|geofence,1,,2023-01-05
NLRTM,NLRTMRSN,SMDG,smdg/NLRTMRSN-SMDG.json,4,BERTH|CENTROID|FACILITY,2,LOCAL_KNOWLEDGE,2023-11-15
NLRTM,NLRTMRSZ,SMDG,smdg/NLRTMRSZ-SMDG.json,6,BERTH|CENTROID|FACILITY,3,LOCAL_KNOWLEDGE,2023-11-15
NLRTM,NLRTMRTMB,SMDG,smdg/NLRTMRTMB-SMDG.json,4,BERTH|CENTROID|FACILITY,2,LOCAL_KNOWLEDGE,2023-11-15
NLRTM,NLRTMRWG,SMDG,smdg/NLRTMRWG-SMDG.json,6,BERTH|CENTROID|FACILITY,3,FACILITY_PROVIDED,2024-11-08
NLRTM,NLRTMUMTR,SMDG,smdg/NLRTMUMTR-SMDG.json,8,BERTH|CENTROID|FACILITY,4,LOCAL_KNOWLEDGE,2023-11-15
NLVLI,NLVLIPZAL,BIC,bic/NLVLIPZAL-BIC.json,2,CENTROID|FACILITY,1,LOCAL_KNOWLEDGE,2025-04-09
NLVLI,NLVLIKBV,SMDG,smdg/NLVLIKBV-SMDG.json,4,BERTH|CENTROID|FACILITY,2,LOCAL_KNOWLEDGE,2025-04-09
NLVLI,NLVLIVZT,SMDG,smdg/NLVLIVZT-SMDG.json,4,BERTH|CENTROID|FACILITY,2,LOCAL_KNOWLEDGE,2026-04-23
NLZAA,NLZAACTVH,SMDG,smdg/NLZAACTVH-SMDG.json,4,BERTH|CENTROID|FACILITY,2,LOCAL_KNOWLEDGE,2025-01-29
NOAES,NOAESBIKJ,BIC,bic/NOAESBIKJ-BIC.json,2,CENTROID|FACILITY,1,LOCAL_KNOWLEDGE,2024-10-02
NOAES,NOAESJMRO,BIC,bic/NOAESJMRO-BIC.json,2,CENTROID|FACILITY,1,REVIEW_PANEL,2024-02-21
NOAES,NOAESNAKO,BIC,bic/NOAESNAKO-BIC.json,2,CENTROID|FACILITY,1,LOCAL_KNOWLEDGE,2024-10-02
NOAES,NOAESTYFA,BIC,bic/NOAESTYFA-BIC.json,2,CENTROID|FACILITY,1,FACILITY_PROVIDED,2026-06-12
NOAES,NOAESXRFZ,BIC,bic/NOAESXRFZ-BIC.json,2,CENTROID|FACILITY,1,REVIEW_PANEL,2024-10-15
NOAES,NOAESFLAT,SMDG,smdg/NOAESFLAT-SMDG.json,4,BERTH|CENTROID|FACILITY,2,LOCAL_KNOWLEDGE,2024-10-23
NOAES,NOAESFRI,SMDG,smdg/NOAESFRI-SMDG.json,6,BERTH|CENTROID|FACILITY,3,LOCAL_KNOWLEDGE,2024-10-23
NOAES,NOAESSKUTVI,SMDG,smdg/NOAESSKUTVI-SMDG.json,8,BERTH|CENTROID|FACILITY,4,REVIEW_PANEL,2024-10-15
NOBGO,NOBGOKAZA,BIC,bic/NOBGOKAZA-BIC.json,2,CENTROID|FACILITY,1,LOCAL_KNOWLEDGE,2024-10-02
NOBGO,NOBGORVSE,BIC,bic/NOBGORVSE-BIC.json,2,CENTROID|FACILITY,1,REVIEW_PANEL,2024-10-23
NOBGO,NOBGOZRGU,BIC,bic/NOBGOZRGU-BIC.json,2,CENTROID|FACILITY,1,LOCAL_KNOWLEDGE,2026-01-13
NOBGO,NOBGOBDV,SMDG,smdg/NOBGOBDV-SMDG.json,4,BERTH|CENTROID|FACILITY,2,LOCAL_KNOWLEDGE,2024-10-02
NOBVK,NOBVKCDRB,BIC,bic/NOBVKCDRB-BIC.json,2,CENTROID|FACILITY,1,LOCAL_KNOWLEDGE,2024-10-31
NOBVK,NOBVKNSB,SMDG,smdg/NOBVKNSB-SMDG.json,6,BERTH|CENTROID|FACILITY,3,REVIEW_PANEL,2024-10-31
NOEGE,NOEGEBOLA,BIC,bic/NOEGEBOLA-BIC.json,2,CENTROID|FACILITY,1,LOCAL_KNOWLEDGE,2024-10-23
NOEGE,NOEGEKAUP,SMDG,smdg/NOEGEKAUP-SMDG.json,4,BERTH|CENTROID|FACILITY,2,LOCAL_KNOWLEDGE,2024-10-31
NOFRK,NOFRKXMIT,BIC,bic/NOFRKXMIT-BIC.json,2,CENTROID|FACILITY,1,LOCAL_KNOWLEDGE,2024-10-23
NOFRK,NOFRKOERK,SMDG,smdg/NOFRKOERK-SMDG.json,4,BERTH|CENTROID|FACILITY,2,LOCAL_KNOWLEDGE,2024-10-31
NOFUS,NOFUSFUSA,SMDG,smdg/NOFUSFUSA-SMDG.json,4,BERTH|CENTROID|FACILITY,2,LOCAL_KNOWLEDGE,2024-10-23
NOGJM,NOGJMIXXC,BIC,bic/NOGJMIXXC-BIC.json,2,CENTROID|FACILITY,1,LOCAL_KNOWLEDGE,2025-02-06
NOGJM,NOGJMHOGT,SMDG,smdg/NOGJMHOGT-SMDG.json,4,BERTH|CENTROID|FACILITY,2,LOCAL_KNOWLEDGE,2025-02-06
NOHAU,NOHAUHMRC,BIC,bic/NOHAUHMRC-BIC.json,2,CENTROID|FACILITY,1,FACILITY_PROVIDED,2025-10-31
NOHAU,NOHAUVYHY,BIC,bic/NOHAUVYHY-BIC.json,2,CENTROID|FACILITY,1,REVIEW_PANEL,2026-01-15
NOHAU,NOHAUHCT,SMDG,smdg/NOHAUHCT-SMDG.json,4,BERTH|CENTROID|FACILITY,2,REVIEW_PANEL,2026-01-15
NOKRS,NOKRSBDCG,BIC,bic/NOKRSBDCG-BIC.json,2,CENTROID|FACILITY,1,REVIEW_PANEL,2026-01-13
NOKRS,NOKRSLPXW,BIC,bic/NOKRSLPXW-BIC.json,2,CENTROID|FACILITY,1,LOCAL_KNOWLEDGE,2024-10-23
NOKRS,NOKRSXAMX,BIC,bic/NOKRSXAMX-BIC.json,2,CENTROID|FACILITY,1,LOCAL_KNOWLEDGE,2024-10-23
NOKRS,NOKRSKRSCT,SMDG,smdg/NOKRSKRSCT-SMDG.json,6,BERTH|CENTROID|FACILITY,3,REVIEW_PANEL,2024-10-23
NOLAR,NOLARFJNV,BIC,bic/NOLARFJNV-BIC.json,2,CENTROID|FACILITY,1,LOCAL_KNOWLEDGE,2026-01-13
NOLAR,NOLARNOLCT,SMDG,smdg/NOLARNOLCT-SMDG.json,4,BERTH|CENTROID|FACILITY,2,LOCAL_KNOWLEDGE,2026-01-13
NOMAY,NOMAYXCJV,BIC,bic/NOMAYXCJV-BIC.json,2,CENTROID|FACILITY,1,LOCAL_KNOWLEDGE,2024-10-23
NOMAY,NOMAYYLCJ,BIC,bic/NOMAYYLCJ-BIC.json,2,CENTROID|FACILITY,1,LOCAL_KNOWLEDGE,2024-10-23
NOMAY,NOMAYICT,SMDG,smdg/NOMAYICT-SMDG.json,4,BERTH|CENTROID|FACILITY,2,LOCAL_KNOWLEDGE,2024-10-23
NOMAY,NOMAYTCT,SMDG,smdg/NOMAYTCT-SMDG.json,4,BERTH|CENTROID|FACILITY,2,LOCAL_KNOWLEDGE,2024-10-23
NOMSS,NOMSSMCT,SMDG,smdg/NOMSSMCT-SMDG.json,6,BERTH|CENTROID|FACILITY,3,REVIEW_PANEL,2024-10-23
NOORK,NOORKSZCX,BIC,bic/NOORKSZCX-BIC.json,2,CENTROID|FACILITY,1,REVIEW_PANEL,2025-05-16
NOORK,NOORKORKLA,SMDG,smdg/NOORKORKLA-SMDG.json,4,BERTH|CENTROID|FACILITY,2,REVIEW_PANEL,2024-10-23
NOOSL,NOOSLBWAZ,BIC,bic/NOOSLBWAZ-BIC.json,2,CENTROID|FACILITY,1,LOCAL_KNOWLEDGE,2024-10-23
NOOSL,NOOSLDXJF,BIC,bic/NOOSLDXJF-BIC.json,2,CENTROID|FACILITY,1,REVIEW_PANEL,2024-10-23
NOOSL,NOOSLEJOV,BIC,bic/NOOSLEJOV-BIC.json,2,CENTROID|FACILITY,1,LOCAL_KNOWLEDGE,2024-10-31
NOOSL,NOOSLNSAA,BIC,bic/NOOSLNSAA-BIC.json,2,CENTROID|FACILITY,1,LOCAL_KNOWLEDGE,2024-10-23
NOOSL,NOOSLOSCA,BIC,bic/NOOSLOSCA-BIC.json,4,CENTROID|FACILITY,2,LOCAL_KNOWLEDGE,2024-02-21
NOOSL,NOOSLSCT,SMDG,smdg/NOOSLSCT-SMDG.json,4,BERTH|CENTROID|FACILITY,2,LOCAL_KNOWLEDGE,2024-10-23
NOSAT,NOSATSALT,SMDG,smdg/NOSATSALT-SMDG.json,6,BERTH|CENTROID|FACILITY,3,LOCAL_KNOWLEDGE,2024-10-02
NOTAE,NOTAEHMYP,BIC,bic/NOTAEHMYP-BIC.json,2,CENTROID|FACILITY,1,FACILITY_PROVIDED,2025-05-16
NOTAE,NOTAERIS,SMDG,smdg/NOTAERIS-SMDG.json,4,BERTH|CENTROID|FACILITY,2,LOCAL_KNOWLEDGE,2025-02-06
OMSLL,OMSLLAPMT,SMDG,smdg/OMSLLAPMT-SMDG.json,4,BERTH|CENTROID|FACILITY,2,REVIEW_PANEL,2025-05-12
PABLB,PABLBULYL,BIC,bic/PABLBULYL-BIC.json,2,CENTROID|FACILITY,1,LOCAL_KNOWLEDGE,2024-06-12
PABLB,PABLBPPCBL,SMDG,smdg/PABLBPPCBL-SMDG.json,4,BERTH|CENTROID|FACILITY,2,LOCAL_KNOWLEDGE,2025-05-16
PACTB,PACTBLWEH,BIC,bic/PACTBLWEH-BIC.json,2,CENTROID|FACILITY,1,LOCAL_KNOWLEDGE,2026-09-02
PACTB,PACTBPCPPC,SMDG,smdg/PACTBPCPPC-SMDG.json,10,BERTH|CENTROID|FACILITY,5,LOCAL_KNOWLEDGE,2026-04-20
PAMIT,PAMITMIT,SMDG,smdg/PAMITMIT-SMDG.json,10,BERTH|CENTROID|FACILITY,5,LOCAL_KNOWLEDGE,2024-06-21
PAONX,PAONXCCTA,BIC,bic/PAONXCCTA-BIC.json,2,CENTROID|FACILITY,1,LOCAL_KNOWLEDGE,2024-06-12
PAONX,PAONXMANZ,BIC,bic/PAONXMANZ-BIC.json,8,CENTROID|FACILITY,4,LOCAL_KNOWLEDGE,2024-06-12
PAONX,PAONXCCT,SMDG,smdg/PAONXCCT-SMDG.json,4,BERTH|CENTROID|FACILITY,2,LOCAL_KNOWLEDGE,2024-06-21
PAPAM,PAPAMPAM,SMDG,smdg/PAPAMPAM-SMDG.json,4,BERTH|CENTROID|FACILITY,2,REVIEW_PANEL,2025-05-16
PAROD,PARODZYBT,BIC,bic/PARODZYBT-BIC.json,2,CENTROID|FACILITY,1,LOCAL_KNOWLEDGE,2024-06-12
PAROD,PARODPPIT,SMDG,smdg/PARODPPIT-SMDG.json,4,BERTH|CENTROID|FACILITY,2,LOCAL_KNOWLEDGE,2024-06-21
PECHY,PECHYCSP,SMDG,smdg/PECHYCSP-SMDG.json,8,BERTH|CENTROID|FACILITY,4,LOCAL_KNOWLEDGE,2025-03-26
PECLL,PECLLCQAZ,BIC,bic/PECLLCQAZ-BIC.json,2,CENTROID|FACILITY,1,LOCAL_KNOWLEDGE,2025-04-15
PECLL,PECLLDPWA,BIC,bic/PECLLDPWA-BIC.json,2,CENTROID|FACILITY,1,LOCAL_KNOWLEDGE,2025-04-15
PECLL,PECLLERXJ,BIC,bic/PECLLERXJ-BIC.json,2,CENTROID|FACILITY,1,REVIEW_PANEL,2025-03-26
PECLL,PECLLETFU,BIC,bic/PECLLETFU-BIC.json,2,CENTROID|FACILITY,1,REVIEW_PANEL,2025-03-26
PECLL,PECLLEZOI,BIC,bic/PECLLEZOI-BIC.json,2,CENTROID|FACILITY,1,LOCAL_KNOWLEDGE,2025-04-24
PECLL,PECLLAPMCLL,SMDG,smdg/PECLLAPMCLL-SMDG.json,22,BERTH|CENTROID|FACILITY,11,LOCAL_KNOWLEDGE,2025-03-26
PECLL,PECLLDPCLL,SMDG,smdg/PECLLDPCLL-SMDG.json,4,BERTH|CENTROID|FACILITY,2,LOCAL_KNOWLEDGE,2025-03-26
PEPAI,PEPAICIHE,BIC,bic/PEPAICIHE-BIC.json,2,CENTROID|FACILITY,1,REVIEW_PANEL,2025-05-16
PEPAI,PEPAIGKEQ,BIC,bic/PEPAIGKEQ-BIC.json,4,CENTROID|FACILITY,2,LOCAL_KNOWLEDGE,2025-04-15
PEPAI,PEPAIJXKD,BIC,bic/PEPAIJXKD-BIC.json,2,CENTROID|FACILITY,1,LOCAL_KNOWLEDGE,2025-04-15
PEPAI,PEPAINEPA,BIC,bic/PEPAINEPA-BIC.json,2,CENTROID|FACILITY,1,LOCAL_KNOWLEDGE,2025-04-15
PEPAI,PEPAIPDIC,BIC,bic/PEPAIPDIC-BIC.json,2,CENTROID|FACILITY,1,LOCAL_KNOWLEDGE,2025-04-15
PEPAI,PEPAITPE,SMDG,smdg/PEPAITPE-SMDG.json,8,BERTH|CENTROID|FACILITY,4,LOCAL_KNOWLEDGE,2025-03-28
PEPIO,PEPIOPDP,SMDG,smdg/PEPIOPDP-SMDG.json,4,BERTH|CENTROID|FACILITY,2,LOCAL_KNOWLEDGE,2025-03-28
PHDVO,PHDVOAIGA,BIC,bic/PHDVOAIGA-BIC.json,2,CENTROID|FACILITY,1,LOCAL_KNOWLEDGE,2024-05-30
PHDVO,PHDVOEZWG,BIC,bic/PHDVOEZWG-BIC.json,2,CENTROID|FACILITY,1,LOCAL_KNOWLEDGE,2024-05-30
PHDVO,PHDVOYAWT,BIC,bic/PHDVOYAWT-BIC.json,2,CENTROID|FACILITY,1,REVIEW_PANEL,2023-12-22
PHDVO,PHDVOILANG,SMDG,smdg/PHDVOILANG-SMDG.json,4,BERTH|CENTROID|FACILITY,2,FACILITY_PROVIDED,2026-01-29
PHMNL,PHMNLAWDD,BIC,bic/PHMNLAWDD-BIC.json,2,CENTROID|FACILITY,1,REVIEW_PANEL,2024-05-30
PHMNL,PHMNLCGTL,BIC,bic/PHMNLCGTL-BIC.json,2,CENTROID|FACILITY,1,LOCAL_KNOWLEDGE,2024-05-30
PHMNL,PHMNLEBZH,BIC,bic/PHMNLEBZH-BIC.json,2,CENTROID|FACILITY,1,LOCAL_KNOWLEDGE,2024-06-06
PHMNL,PHMNLEJDB,BIC,bic/PHMNLEJDB-BIC.json,2,CENTROID|FACILITY,1,LOCAL_KNOWLEDGE,2024-06-27
PHMNL,PHMNLJAVW,BIC,bic/PHMNLJAVW-BIC.json,2,CENTROID|FACILITY,1,LOCAL_KNOWLEDGE,2024-06-27
PHMNL,PHMNLATI,SMDG,smdg/PHMNLATI-SMDG.json,4,BERTH|CENTROID|FACILITY,2,LOCAL_KNOWLEDGE,2024-05-31
PHMNL,PHMNLMIC,SMDG,smdg/PHMNLMIC-SMDG.json,6,BERTH|CENTROID|FACILITY,3,LOCAL_KNOWLEDGE,2024-06-27
PHMNL,PHMNLNHDP,SMDG,smdg/PHMNLNHDP-SMDG.json,4,BERTH|CENTROID|FACILITY,2,LOCAL_KNOWLEDGE,2024-06-27
PKKHI,PKKHISAPT,SMDG,smdg/PKKHISAPT-SMDG.json,4,BERTH|CENTROID|FACILITY,2,REVIEW_PANEL,2024-01-24
PLGDN,PLGDNCEPM,BIC,bic/PLGDNCEPM-BIC.json,2,CENTROID|FACILITY,1,LOCAL_KNOWLEDGE,2024-08-28
PLGDN,PLGDNCRCS,BIC,bic/PLGDNCRCS-BIC.json,2,CENTROID|FACILITY,1,LOCAL_KNOWLEDGE,2023-12-13
PLGDN,PLGDNFTLD,BIC,bic/PLGDNFTLD-BIC.json,2,CENTROID|FACILITY,1,LOCAL_KNOWLEDGE,2024-08-28
PLGDN,PLGDNSCAY,BIC,bic/PLGDNSCAY-BIC.json,2,CENTROID|FACILITY,1,LOCAL_KNOWLEDGE,2024-08-21
PLGDN,PLGDNSIST,BIC,bic/PLGDNSIST-BIC.json,4,CENTROID|FACILITY,2,LOCAL_KNOWLEDGE,2024-08-28
PLGDN,PLGDNDCT,SMDG,smdg/PLGDNDCT-SMDG.json,4,BERTH|CENTROID|FACILITY,2,REVIEW_PANEL,2024-08-28
PLGDN,PLGDNPLGDA,SMDG,smdg/PLGDNPLGDA-SMDG.json,4,BERTH|CENTROID|FACILITY,2,LOCAL_KNOWLEDGE,2025-05-16
PLGDY,PLGDYAQWB,BIC,bic/PLGDYAQWB-BIC.json,2,CENTROID|FACILITY,1,FACILITY_PROVIDED,2025-05-16
PLGDY,PLGDYBCTA,BIC,bic/PLGDYBCTA-BIC.json,2,CENTROID|FACILITY,1,LOCAL_KNOWLEDGE,2024-08-28
PLGDY,PLGDYBLTC,BIC,bic/PLGDYBLTC-BIC.json,2,CENTROID|FACILITY,1,LOCAL_KNOWLEDGE,2023-12-13
PLGDY,PLGDYCEFA,BIC,bic/PLGDYCEFA-BIC.json,2,CENTROID|FACILITY,1,LOCAL_KNOWLEDGE,2023-12-13
PLGDY,PLGDYEOOJ,BIC,bic/PLGDYEOOJ-BIC.json,6,CENTROID|FACILITY,3,LOCAL_KNOWLEDGE,2024-08-28
PLGDY,PLGDYPLBCT,SMDG,smdg/PLGDYPLBCT-SMDG.json,6,BERTH|CENTROID|FACILITY,3,LOCAL_KNOWLEDGE,2024-08-28
PLGDY,PLGDYPLGCT,SMDG,smdg/PLGDYPLGCT-SMDG.json,6,BERTH|CENTROID|FACILITY,3,LOCAL_KNOWLEDGE,2024-08-28
PRSJU,PRSJUXKSE,BIC,bic/PRSJUXKSE-BIC.json,2,CENTROID|FACILITY,1,LOCAL_KNOWLEDGE,2025-09-11
PRSJU,PRSJUXUGZ,BIC,bic/PRSJUXUGZ-BIC.json,2,CENTROID|FACILITY,1,LOCAL_KNOWLEDGE,2025-09-11
PRSJU,PRSJUYENO,BIC,bic/PRSJUYENO-BIC.json,2,CENTROID|FACILITY,1,LOCAL_KNOWLEDGE,2025-09-11
PRSJU,PRSJUIGT,SMDG,smdg/PRSJUIGT-SMDG.json,6,BERTH|CENTROID|FACILITY,3,LOCAL_KNOWLEDGE,2025-09-04
PRSJU,PRSJULACS,SMDG,smdg/PRSJULACS-SMDG.json,4,BERTH|CENTROID|FACILITY,2,LOCAL_KNOWLEDGE,2025-09-04
PRSJU,PRSJUPRT,SMDG,smdg/PRSJUPRT-SMDG.json,4,BERTH|CENTROID|FACILITY,2,LOCAL_KNOWLEDGE,2025-09-04
PTCNL,PTCNLLBEO,BIC,bic/PTCNLLBEO-BIC.json,2,CENTROID|FACILITY,1,REVIEW_PANEL,2024-10-01
PTCNL,PTCNLCSP,SMDG,smdg/PTCNLCSP-SMDG.json,4,BERTH|CENTROID|FACILITY,2,LOCAL_KNOWLEDGE,2024-10-01
PTFDF,PTFDFLISC,SMDG,smdg/PTFDFLISC-SMDG.json,4,BERTH|CENTROID|FACILITY,2,REVIEW_PANEL,2024-09-11
PTLEI,PTLEICDVU,BIC,bic/PTLEICDVU-BIC.json,2,CENTROID|FACILITY,1,REVIEW_PANEL,2024-10-01
PTLEI,PTLEIDOVI,BIC,bic/PTLEIDOVI-BIC.json,2,CENTROID|FACILITY,1,REVIEW_PANEL,2024-09-04
PTLEI,PTLEIFSUS,BIC,bic/PTLEIFSUS-BIC.json,2,CENTROID|FACILITY,1,REVIEW_PANEL,2025-05-16
PTLEI,PTLEIJSWJ,BIC,bic/PTLEIJSWJ-BIC.json,2,CENTROID|FACILITY,1,REVIEW_PANEL,2024-10-01
PTLEI,PTLEIKLEA,BIC,bic/PTLEIKLEA-BIC.json,2,CENTROID|FACILITY,1,LOCAL_KNOWLEDGE,2024-09-24
PTLEI,PTLEITCLA,SMDG,smdg/PTLEITCLA-SMDG.json,6,BERTH|CENTROID|FACILITY,3,LOCAL_KNOWLEDGE,2025-05-16
PTLIS,PTLISETGA,BIC,bic/PTLISETGA-BIC.json,2,CENTROID|FACILITY,1,LOCAL_KNOWLEDGE,2024-10-08
PTLIS,PTLISPKKD,BIC,bic/PTLISPKKD-BIC.json,2,CENTROID|FACILITY,1,LOCAL_KNOWLEDGE,2024-09-11
PTLIS,PTLISPNUA,BIC,bic/PTLISPNUA-BIC.json,2,CENTROID|FACILITY,1,REVIEW_PANEL,2026-08-19
PTLIS,PTLISPOLA,BIC,bic/PTLISPOLA-BIC.json,2,CENTROID|FACILITY,1,REVIEW_PANEL,2026-08-19
PTLIS,PTLISWIDN,BIC,bic/PTLISWIDN-BIC.json,2,CENTROID|FACILITY,1,REVIEW_PANEL,2026-08-19
PTLIS,PTLISLISC,SMDG,smdg/PTLISLISC-SMDG.json,4,BERTH|CENTROID|FACILITY,2,LOCAL_KNOWLEDGE,2024-09-18
PTLIS,PTLISOLIS,SMDG,smdg/PTLISOLIS-SMDG.json,4,BERTH|CENTROID|FACILITY,2,REVIEW_PANEL,2024-09-11
PTLIS,PTLISSOTA,SMDG,smdg/PTLISSOTA-SMDG.json,6,BERTH|CENTROID|FACILITY,3,LOCAL_KNOWLEDGE,2024-09-18
PTLIS,PTLISTMB,SMDG,smdg/PTLISTMB-SMDG.json,4,BERTH|CENTROID|FACILITY,2,REVIEW_PANEL,2024-09-18
PTPDL,PTPDLOUPA,BIC,bic/PTPDLOUPA-BIC.json,2,CENTROID|FACILITY,1,LOCAL_KNOWLEDGE,2024-09-24
PTPDL,PTPDLPODE,SMDG,smdg/PTPDLPODE-SMDG.json,6,BERTH|CENTROID|FACILITY,3,REVIEW_PANEL,2024-09-24
PTPXO,PTPXOAPRAM,SMDG,smdg/PTPXOAPRAM-SMDG.json,4,BERTH|CENTROID|FACILITY,2,REVIEW_PANEL,2024-10-01
PTSET,PTSETCPSA,BIC,bic/PTSETCPSA-BIC.json,2,CENTROID|FACILITY,1,REVIEW_PANEL,2026-08-19
PTSET,PTSETIOMZ,BIC,bic/PTSETIOMZ-BIC.json,2,CENTROID|FACILITY,1,LOCAL_KNOWLEDGE,2024-09-24
PTSET,PTSETZUKB,BIC,bic/PTSETZUKB-BIC.json,2,CENTROID|FACILITY,1,LOCAL_KNOWLEDGE,2024-09-20
PTSET,PTSETAPSS,SMDG,smdg/PTSETAPSS-SMDG.json,4,BERTH|CENTROID|FACILITY,2,REVIEW_PANEL,2024-09-11
PTSET,PTSETSADOP,SMDG,smdg/PTSETSADOP-SMDG.json,4,BERTH|CENTROID|FACILITY,2,REVIEW_PANEL,2024-09-11
PTSIE,PTSIEUPFE,BIC,bic/PTSIEUPFE-BIC.json,4,CENTROID|FACILITY,2,LOCAL_KNOWLEDGE,2024-10-01
PTSIE,PTSIESCT,SMDG,smdg/PTSIESCT-SMDG.json,4,BERTH|CENTROID|FACILITY,2,REVIEW_PANEL,2024-10-01
PYASU,PYASUFEVP,BIC,bic/PYASUFEVP-BIC.json,2,CENTROID|FACILITY,1,LOCAL_KNOWLEDGE,2025-08-19
PYASU,PYASULSLD,BIC,bic/PYASULSLD-BIC.json,2,CENTROID|FACILITY,1,LOCAL_KNOWLEDGE,2025-08-19
PYASU,PYASUNZBR,BIC,bic/PYASUNZBR-BIC.json,2,CENTROID|FACILITY,1,LOCAL_KNOWLEDGE,2025-08-19
PYASU,PYASUNZVS,BIC,bic/PYASUNZVS-BIC.json,2,CENTROID|FACILITY,1,LOCAL_KNOWLEDGE,2025-08-19
PYASU,PYASUORQA,BIC,bic/PYASUORQA-BIC.json,2,CENTROID|FACILITY,1,LOCAL_KNOWLEDGE,2025-08-19
PYASU,PYASUCCPMI,SMDG,smdg/PYASUCCPMI-SMDG.json,4,BERTH|CENTROID|FACILITY,2,LOCAL_KNOWLEDGE,2025-08-19
PYASU,PYASUPFNX,SMDG,smdg/PYASUPFNX-SMDG.json,4,BERTH|CENTROID|FACILITY,2,LOCAL_KNOWLEDGE,2025-08-19
PYASU,PYASUPSJ,SMDG,smdg/PYASUPSJ-SMDG.json,4,BERTH|CENTROID|FACILITY,2,LOCAL_KNOWLEDGE,2025-08-19
PYPIL,PYPILJLIC,BIC,bic/PYPILJLIC-BIC.json,2,CENTROID|FACILITY,1,LOCAL_KNOWLEDGE,2025-08-19
PYPIL,PYPILNTJQ,BIC,bic/PYPILNTJQ-BIC.json,2,CENTROID|FACILITY,1,LOCAL_KNOWLEDGE,2025-08-19
PYPIL,PYPILCAP,SMDG,smdg/PYPILCAP-SMDG.json,4,BERTH|CENTROID|FACILITY,2,LOCAL_KNOWLEDGE,2025-08-19
PYSAN,PYSANTERSAN,SMDG,smdg/PYSANTERSAN-SMDG.json,4,BERTH|CENTROID|FACILITY,2,LOCAL_KNOWLEDGE,2025-08-19
PYVLL,PYVLLANNP,SMDG,smdg/PYVLLANNP-SMDG.json,4,BERTH|CENTROID|FACILITY,2,LOCAL_KNOWLEDGE,2025-08-19
PYVLL,PYVLLPSF,SMDG,smdg/PYVLLPSF-SMDG.json,4,BERTH|CENTROID|FACILITY,2,LOCAL_KNOWLEDGE,2025-08-19
PYVLL,PYVLLTERVIL,SMDG,smdg/PYVLLTERVIL-SMDG.json,4,BERTH|CENTROID|FACILITY,2,LOCAL_KNOWLEDGE,2025-08-19
QAHMD,QAHMDHCT,SMDG,smdg/QAHMDHCT-SMDG.json,4,BERTH|CENTROID|FACILITY,2,FACILITY_PROVIDED,2025-05-16
QAUMS,QAUMSCT7,SMDG,smdg/QAUMSCT7-SMDG.json,4,BERTH|CENTROID|FACILITY,2,FACILITY_PROVIDED,2026-01-29
RELPT,RELPTSAMR2,SMDG,smdg/RELPTSAMR2-SMDG.json,4,BERTH|CENTROID|FACILITY,2,FACILITY_PROVIDED,2024-11-08
ROCND,ROCNDANLV,BIC,bic/ROCNDANLV-BIC.json,2,CENTROID|FACILITY,1,FACILITY_PROVIDED,2024-01-24
ROCND,ROCNDDDLT,BIC,bic/ROCNDDDLT-BIC.json,2,CENTROID|FACILITY,1,FACILITY_PROVIDED,2026-07-09
ROCND,ROCNDGJZA,BIC,bic/ROCNDGJZA-BIC.json,2,CENTROID|FACILITY,1,LOCAL_KNOWLEDGE,2026-07-01
ROCND,ROCNDSEBH,BIC,bic/ROCNDSEBH-BIC.json,2,CENTROID|FACILITY,1,REVIEW_PANEL,2026-07-01
ROCND,ROCNDTLSA,BIC,bic/ROCNDTLSA-BIC.json,2,CENTROID|FACILITY,1,REVIEW_PANEL,2026-06-26
ROCND,ROCNDCSCT,SMDG,smdg/ROCNDCSCT-SMDG.json,4,BERTH|CENTROID|FACILITY,2,FACILITY_PROVIDED,2025-10-31
SADMM,SADMMKWEI,BIC,bic/SADMMKWEI-BIC.json,2,CENTROID|FACILITY,1,REVIEW_PANEL,2023-12-08
SADMM,SADMMSTOL,BIC,bic/SADMMSTOL-BIC.json,2,CENTROID|FACILITY,1,FACILITY_PROVIDED,2025-04-14
SADMM,SADMMSUVM,BIC,bic/SADMMSUVM-BIC.json,2,CENTROID|FACILITY,1,,2025-01-02
SADMM,SADMMSCT,SMDG,smdg/SADMMSCT-SMDG.json,4,BERTH|CENTROID|FACILITY,2,FACILITY_PROVIDED,2026-01-29
SAJED,SAJEDDFBV,BIC,bic/SAJEDDFBV-BIC.json,2,CENTROID|FACILITY,1,REVIEW_PANEL,2024-09-26
SAJED,SAJEDDGCT,BIC,bic/SAJEDDGCT-BIC.json,6,CENTROID|FACILITY|GATE,3,LOCAL_KNOWLEDGE,2026-07-29
SAJED,SAJEDDKVG,BIC,bic/SAJEDDKVG-BIC.json,2,CENTROID|FACILITY,1,REVIEW_PANEL,2024-09-26
SAJED,SAJEDLMYN,BIC,bic/SAJEDLMYN-BIC.json,2,CENTROID|FACILITY,1,LOCAL_KNOWLEDGE,2024-10-02
SAJED,SAJEDLWEX,BIC,bic/SAJEDLWEX-BIC.json,2,CENTROID|FACILITY,1,LOCAL_KNOWLEDGE,2024-09-26
SAJED,SAJEDDPW,SMDG,smdg/SAJEDDPW-SMDG.json,4,BERTH|CENTROID|FACILITY,2,LOCAL_KNOWLEDGE,2024-09-26
SAJED,SAJEDRSGT,SMDG,smdg/SAJEDRSGT-SMDG.json,8,BERTH|CENTROID|FACILITY,4,LOCAL_KNOWLEDGE,2024-10-02
SCVIC,SCVICVPT,SMDG,smdg/SCVICVPT-SMDG.json,4,BERTH|CENTROID|FACILITY,2,LOCAL_KNOWLEDGE,2026-03-13
SEAHU,SEAHUODYE,BIC,bic/SEAHUODYE-BIC.json,2,CENTROID|FACILITY,1,LOCAL_KNOWLEDGE,2024-10-24
SEAHU,SEAHUAHU,SMDG,smdg/SEAHUAHU-SMDG.json,4,BERTH|CENTROID|FACILITY,2,LOCAL_KNOWLEDGE,2024-10-24
SEGOT,SEGOTAAYP,BIC,bic/SEGOTAAYP-BIC.json,2,CENTROID|FACILITY,1,REVIEW_PANEL,2024-10-17
SEGOT,SEGOTBEUW,BIC,bic/SEGOTBEUW-BIC.json,2,CENTROID|FACILITY,1,LOCAL_KNOWLEDGE,2025-05-16
SEGOT,SEGOTELFA,BIC,bic/SEGOTELFA-BIC.json,2,CENTROID|FACILITY,1,REVIEW_PANEL,2026-01-27
SEGOT,SEGOTFPIL,BIC,bic/SEGOTFPIL-BIC.json,2,CENTROID|FACILITY,1,REVIEW_PANEL,2026-01-23
SEGOT,SEGOTHJSQ,BIC,bic/SEGOTHJSQ-BIC.json,2,CENTROID|FACILITY,1,REVIEW_PANEL,2026-01-23
SEGOT,SEGOTCT1,SMDG,smdg/SEGOTCT1-SMDG.json,4,BERTH|CENTROID|FACILITY,2,LOCAL_KNOWLEDGE,2024-10-17
SEGVX,SEGVXETWD,BIC,bic/SEGVXETWD-BIC.json,2,CENTROID|FACILITY,1,REVIEW_PANEL,2024-10-24
SEGVX,SEGVXXPPB,BIC,bic/SEGVXXPPB-BIC.json,2,CENTROID|FACILITY,1,LOCAL_KNOWLEDGE,2024-10-24
SEGVX,SEGVXGVXFS,SMDG,smdg/SEGVXGVXFS-SMDG.json,6,BERTH|CENTROID|FACILITY,3,LOCAL_KNOWLEDGE,2024-10-24
SEGVX,SEGVXGVXGU,SMDG,smdg/SEGVXGVXGU-SMDG.json,4,BERTH|CENTROID|FACILITY,2,LOCAL_KNOWLEDGE,2024-10-24
SEHAD,SEHADNRDY,BIC,bic/SEHADNRDY-BIC.json,2,CENTROID|FACILITY,1,LOCAL_KNOWLEDGE,2026-01-27
SEHAD,SEHADKTH,SMDG,smdg/SEHADKTH-SMDG.json,6,BERTH|CENTROID|FACILITY,3,LOCAL_KNOWLEDGE,2024-10-24
SEHEL,SEHELCPOU,BIC,bic/SEHELCPOU-BIC.json,2,CENTROID|FACILITY,1,REVIEW_PANEL,2026-01-23
SEHEL,SEHELCTRA,BIC,bic/SEHELCTRA-BIC.json,2,CENTROID|FACILITY,1,REVIEW_PANEL,2026-01-23
SEHEL,SEHELGYMP,BIC,bic/SEHELGYMP-BIC.json,2,CENTROID|FACILITY,1,LOCAL_KNOWLEDGE,2024-10-24
SEHEL,SEHELJQWH,BIC,bic/SEHELJQWH-BIC.json,2,CENTROID|FACILITY,1,LOCAL_KNOWLEDGE,2026-01-23
SEHEL,SEHELOQDQ,BIC,bic/SEHELOQDQ-BIC.json,2,CENTROID|FACILITY,1,REVIEW_PANEL,2026-01-23
SEHEL,SEHELVESTHA,SMDG,smdg/SEHELVESTHA-SMDG.json,6,BERTH|CENTROID|FACILITY,3,LOCAL_KNOWLEDGE,2026-05-06
SEKAN,SEKANPOK,SMDG,smdg/SEKANPOK-SMDG.json,2,CENTROID|FACILITY,1,LOCAL_KNOWLEDGE,2024-10-24
SEMMA,SEMMABZAB,BIC,bic/SEMMABZAB-BIC.json,2,CENTROID|FACILITY,1,REVIEW_PANEL,2026-01-30
SEMMA,SEMMACMPSE,SMDG,smdg/SEMMACMPSE-SMDG.json,4,BERTH|CENTROID|FACILITY,2,LOCAL_KNOWLEDGE,2026-05-06
SENRK,SENRKBOMR,BIC,bic/SENRKBOMR-BIC.json,2,CENTROID|FACILITY,1,LOCAL_KNOWLEDGE,2026-02-03
SENRK,SENRKQVFP,BIC,bic/SENRKQVFP-BIC.json,2,CENTROID|FACILITY,1,REVIEW_PANEL,2026-01-30
SENRK,SENRKYINP,BIC,bic/SENRKYINP-BIC.json,2,CENTROID|FACILITY,1,LOCAL_KNOWLEDGE,2024-10-24
SENRK,SENRKSEPCT,SMDG,smdg/SENRKSEPCT-SMDG.json,4,BERTH|CENTROID|FACILITY,2,LOCAL_KNOWLEDGE,2024-10-24
SESOE,SESOEDQFI,BIC,bic/SESOEDQFI-BIC.json,4,CENTROID|FACILITY,2,REVIEW_PANEL,2026-02-10
SESOE,SESOEPOS,SMDG,smdg/SESOEPOS-SMDG.json,6,BERTH|CENTROID|FACILITY,3,LOCAL_KNOWLEDGE,2026-02-10
SESTO,SESTOKFCD,BIC,bic/SESTOKFCD-BIC.json,2,CENTROID|FACILITY,1,REVIEW_PANEL,2026-02-10
SESTO,SESTOTLVF,BIC,bic/SESTOTLVF-BIC.json,2,CENTROID|FACILITY,1,LOCAL_KNOWLEDGE,2026-02-10
SESTO,SESTOXJKP,BIC,bic/SESTOXJKP-BIC.json,2,CENTROID|FACILITY,1,REVIEW_PANEL,2026-02-10
SESTO,SESTONCS,SMDG,smdg/SESTONCS-SMDG.json,4,BERTH|CENTROID|FACILITY,2,LOCAL_KNOWLEDGE,2026-02-10
SEVST,SEVSTQHZL,BIC,bic/SEVSTQHZL-BIC.json,2,CENTROID|FACILITY,1,REVIEW_PANEL,2026-02-10
SEVST,SEVSTXVJY,BIC,bic/SEVSTXVJY-BIC.json,2,CENTROID|FACILITY,1,LOCAL_KNOWLEDGE,2026-02-10
SEVST,SEVSTVSTCT,SMDG,smdg/SEVSTVSTCT-SMDG.json,4,BERTH|CENTROID|FACILITY,2,LOCAL_KNOWLEDGE,2026-02-10
SGSIN,SGSINABPX,BIC,bic/SGSINABPX-BIC.json,2,CENTROID|FACILITY,1,LOCAL_KNOWLEDGE,2025-03-28
SGSIN,SGSINARES,BIC,bic/SGSINARES-BIC.json,2,CENTROID|FACILITY,1,REVIEW_PANEL,2024-02-08
SGSIN,SGSINASTA,BIC,bic/SGSINASTA-BIC.json,2,CENTROID|FACILITY,1,REVIEW_PANEL,2025-03-28
SGSIN,SGSINCCQB,BIC,bic/SGSINCCQB-BIC.json,2,CENTROID|FACILITY,1,REVIEW_PANEL,2024-02-01
SGSIN,SGSINCGTA,BIC,bic/SGSINCGTA-BIC.json,2,CENTROID|FACILITY,1,REVIEW_PANEL,2026-09-02
SGSIN,SGSINJPCT,SMDG,smdg/SGSINJPCT-SMDG.json,8,BERTH|CENTROID|FACILITY,4,LOCAL_KNOWLEDGE,2025-11-20
SGSIN,SGSINPSABT,SMDG,smdg/SGSINPSABT-SMDG.json,4,BERTH|CENTROID|FACILITY,2,REVIEW_PANEL,2024-02-08
SGSIN,SGSINPSAKT,SMDG,smdg/SGSINPSAKT-SMDG.json,4,BERTH|CENTROID|FACILITY,2,LOCAL_KNOWLEDGE,2026-04-20
SGSIN,SGSINPSAPPT,SMDG,smdg/SGSINPSAPPT-SMDG.json,20,BERTH|CENTROID|FACILITY,10,LOCAL_KNOWLEDGE,2025-11-21
SGSIN,SGSINPSATUA,SMDG,smdg/SGSINPSATUA-SMDG.json,6,BERTH|CENTROID|FACILITY,3,LOCAL_KNOWLEDGE,2025-11-20
SIKOP,SIKOPDPLA,BIC,bic/SIKOPDPLA-BIC.json,2,CENTROID|FACILITY,1,FACILITY_PROVIDED,2026-03-20
SIKOP,SIKOPMWGC,BIC,bic/SIKOPMWGC-BIC.json,6,CENTROID|FACILITY,3,REVIEW_PANEL,2025-05-28
SIKOP,SIKOPLUKA,SMDG,smdg/SIKOPLUKA-SMDG.json,8,BERTH|CENTROID|FACILITY,4,FACILITY_PROVIDED,2025-05-28
SNDKR,SNDKRBLBA,BIC,bic/SNDKRBLBA-BIC.json,2,CENTROID|FACILITY,1,REVIEW_PANEL,2026-07-14
SNDKR,SNDKRCYUV,BIC,bic/SNDKRCYUV-BIC.json,2,CENTROID|FACILITY,1,REVIEW_PANEL,2026-07-02
SNDKR,SNDKRDEPA,BIC,bic/SNDKRDEPA-BIC.json,2,CENTROID|FACILITY,1,REVIEW_PANEL,2026-07-02
SNDKR,SNDKRGOUA,BIC,bic/SNDKRGOUA-BIC.json,2,CENTROID|FACILITY,1,REVIEW_PANEL,2026-07-02
SNDKR,SNDKRLAGA,BIC,bic/SNDKRLAGA-BIC.json,2,CENTROID|FACILITY,1,REVIEW_PANEL,2026-07-14
SNDKR,SNDKRDPWSN,SMDG,smdg/SNDKRDPWSN-SMDG.json,4,BERTH|CENTROID|FACILITY,2,LOCAL_KNOWLEDGE,2026-02-06
SRPBM,SRPBMGWHA,BIC,bic/SRPBMGWHA-BIC.json,2,CENTROID|FACILITY,1,LOCAL_KNOWLEDGE,2025-08-22
SRPBM,SRPBMIHOI,BIC,bic/SRPBMIHOI-BIC.json,2,CENTROID|FACILITY,1,LOCAL_KNOWLEDGE,2025-08-22
SRPBM,SRPBMLMBZ,BIC,bic/SRPBMLMBZ-BIC.json,2,CENTROID|FACILITY,1,LOCAL_KNOWLEDGE,2025-08-22
SRPBM,SRPBMPBM01,SMDG,smdg/SRPBMPBM01-SMDG.json,4,BERTH|CENTROID|FACILITY,2,LOCAL_KNOWLEDGE,2025-08-22
STTMS,STTMSTMS,SMDG,smdg/STTMSTMS-SMDG.json,4,BERTH|CENTROID|FACILITY,2,REVIEW_PANEL,2026-06-19
SVAQJ,SVAQJBRZE,BIC,bic/SVAQJBRZE-BIC.json,2,CENTROID|FACILITY,1,REVIEW_PANEL,2025-07-17
SVAQJ,SVAQJCJDX,BIC,bic/SVAQJCJDX-BIC.json,2,CENTROID|FACILITY,1,LOCAL_KNOWLEDGE,2025-07-17
SVAQJ,SVAQJEGUW,BIC,bic/SVAQJEGUW-BIC.json,8,CENTROID|FACILITY,4,FACILITY_PROVIDED,2025-07-17
SVAQJ,SVAQJETLA,BIC,bic/SVAQJETLA-BIC.json,2,CENTROID|FACILITY,1,REVIEW_PANEL,2025-09-05
SVAQJ,SVAQJGVLA,BIC,bic/SVAQJGVLA-BIC.json,2,CENTROID|FACILITY,1,REVIEW_PANEL,2024-01-10
SVAQJ,SVAQJPUACA,SMDG,smdg/SVAQJPUACA-SMDG.json,8,BERTH|CENTROID|FACILITY,4,LOCAL_KNOWLEDGE,2025-07-17
SVLUN,SVLUNQHJE,BIC,bic/SVLUNQHJE-BIC.json,2,CENTROID|FACILITY,1,LOCAL_KNOWLEDGE,2025-07-17
SVLUN,SVLUNPULUN,SMDG,smdg/SVLUNPULUN-SMDG.json,4,BERTH|CENTROID|FACILITY,2,LOCAL_KNOWLEDGE,2025-07-17
SYLTK,SYLTKLICT,SMDG,smdg/SYLTKLICT-SMDG.json,4,BERTH|CENTROID|FACILITY,2,FACILITY_PROVIDED,2024-11-08
TGLFW,TGLFWNFHY,BIC,bic/TGLFWNFHY-BIC.json,2,CENTROID|FACILITY,1,REVIEW_PANEL,2026-08-25
TGLFW,TGLFWSZLC,BIC,bic/TGLFWSZLC-BIC.json,2,CENTROID|FACILITY,1,REVIEW_PANEL,2026-08-25
TGLFW,TGLFWLCT,SMDG,smdg/TGLFWLCT-SMDG.json,8,BERTH|CENTROID|FACILITY|GATE|TRUCK_QUEUE,4,LOCAL_KNOWLEDGE,2026-08-25
TGLFW,TGLFWTTE,SMDG,smdg/TGLFWTTE-SMDG.json,8,BERTH|CENTROID|FACILITY,4,LOCAL_KNOWLEDGE,2026-08-25
THLCH,THLCHAFPN,BIC,bic/THLCHAFPN-BIC.json,2,CENTROID|FACILITY,1,FACILITY_PROVIDED,2025-01-02
THLCH,THLCHANUV,BIC,bic/THLCHANUV-BIC.json,2,CENTROID|FACILITY,1,LOCAL_KNOWLEDGE,2024-04-11
THLCH,THLCHAOLI,BIC,bic/THLCHAOLI-BIC.json,2,CENTROID|FACILITY,1,LOCAL_KNOWLEDGE,2024-04-04
THLCH,THLCHBDSF,BIC,bic/THLCHBDSF-BIC.json,2,CENTROID|FACILITY,1,REVIEW_PANEL,2024-04-11
THLCH,THLCHCBSS,BIC,bic/THLCHCBSS-BIC.json,2,CENTROID|FACILITY,1,LOCAL_KNOWLEDGE,2024-03-28
THLCH,THLCHESCO,SMDG,smdg/THLCHESCO-SMDG.json,4,BERTH|CENTROID|FACILITY,2,REVIEW_PANEL,2024-03-28
THLCH,THLCHHLTA3,SMDG,smdg/THLCHHLTA3-SMDG.json,4,BERTH|CENTROID|FACILITY,2,REVIEW_PANEL,2024-03-28
THLCH,THLCHHLTC12,SMDG,smdg/THLCHHLTC12-SMDG.json,4,BERTH|CENTROID|FACILITY,2,REVIEW_PANEL,2024-03-28
THLCH,THLCHHLTD,SMDG,smdg/THLCHHLTD-SMDG.json,4,BERTH|CENTROID|FACILITY,2,LOCAL_KNOWLEDGE,2024-03-28
THLCH,THLCHKSP,SMDG,smdg/THLCHKSP-SMDG.json,14,BERTH|CENTROID|FACILITY,7,LOCAL_KNOWLEDGE,2025-12-30
THLCH,THLCHLCHA0,SMDG,smdg/THLCHLCHA0-SMDG.json,4,BERTH|CENTROID|FACILITY,2,REVIEW_PANEL,2024-03-28
THLCH,THLCHLCHB1,SMDG,smdg/THLCHLCHB1-SMDG.json,4,BERTH|CENTROID|FACILITY,2,REVIEW_PANEL,2025-03-31
THLCH,THLCHLCHB2,SMDG,smdg/THLCHLCHB2-SMDG.json,4,BERTH|CENTROID|FACILITY,2,REVIEW_PANEL,2024-03-28
THLCH,THLCHLCIT,SMDG,smdg/THLCHLCIT-SMDG.json,6,BERTH|CENTROID|FACILITY,3,LOCAL_KNOWLEDGE,2024-03-28
THLCH,THLCHTIPS4,SMDG,smdg/THLCHTIPS4-SMDG.json,4,BERTH|CENTROID|FACILITY,2,REVIEW_PANEL,2024-03-28
THLCH,THLCHTLTA2,SMDG,smdg/THLCHTLTA2-SMDG.json,4,BERTH|CENTROID|FACILITY,2,REVIEW_PANEL,2024-03-28
THSGK,THSGKCTIC,SMDG,smdg/THSGKCTIC-SMDG.json,4,BERTH|CENTROID|FACILITY,2,LOCAL_KNOWLEDGE,2025-04-01
TRALI,TRALIDEEP,BIC,bic/TRALIDEEP-BIC.json,2,CENTROID|FACILITY,1,REVIEW_PANEL,2024-11-20
TRALI,TRALIFVKZ,BIC,bic/TRALIFVKZ-BIC.json,4,CENTROID|FACILITY|GATE,2,LOCAL_KNOWLEDGE,2026-06-24
TRALI,TRALIIQYQ,BIC,bic/TRALIIQYQ-BIC.json,2,CENTROID|FACILITY,1,,2024-11-20
TRALI,TRALIKLOF,BIC,bic/TRALIKLOF-BIC.json,2,CENTROID|FACILITY,1,REVIEW_PANEL,2024-11-14
TRALI,TRALIKOIS,BIC,bic/TRALIKOIS-BIC.json,2,CENTROID|FACILITY,1,LOCAL_KNOWLEDGE,2024-11-20
TRALI,TRALIAPMALI,SMDG,smdg/TRALIAPMALI-SMDG.json,4,BERTH|CENTROID|FACILITY,2,LOCAL_KNOWLEDGE,2024-11-05
TRALI,TRALINEMPOR,SMDG,smdg/TRALINEMPOR-SMDG.json,8,BERTH|CENTROID|FACILITY,4,LOCAL_KNOWLEDGE,2024-11-05
TRALI,TRALITCEEG,SMDG,smdg/TRALITCEEG-SMDG.json,6,BERTH|CENTROID|FACILITY,3,LOCAL_KNOWLEDGE,2024-11-14
TRAYT,TRAYTQTRM,SMDG,smdg/TRAYTQTRM-SMDG.json,4,BERTH|CENTROID|FACILITY,2,LOCAL_KNOWLEDGE,2024-11-14
TRBDM,TRBDMOZRM,BIC,bic/TRBDMOZRM-BIC.json,2,CENTROID|FACILITY,1,LOCAL_KNOWLEDGE,2024-11-22
TRBDM,TRBDMCELE,SMDG,smdg/TRBDMCELE-SMDG.json,4,BERTH|CENTROID|FACILITY,2,LOCAL_KNOWLEDGE,2024-11-22
TRDRC,TRDRCAMHO,BIC,bic/TRDRCAMHO-BIC.json,2,CENTROID|FACILITY,1,LOCAL_KNOWLEDGE,2024-11-22
TRDRC,TRDRCSAFI,SMDG,smdg/TRDRCSAFI-SMDG.json,4,BERTH|CENTROID|FACILITY,2,LOCAL_KNOWLEDGE,2024-11-05
TRGEB,TRGEBBLWI,BIC,bic/TRGEBBLWI-BIC.json,2,CENTROID|FACILITY,1,LOCAL_KNOWLEDGE,2024-11-22
TRGEB,TRGEBEAZK,BIC,bic/TRGEBEAZK-BIC.json,2,CENTROID|FACILITY,1,LOCAL_KNOWLEDGE,2024-11-20
TRGEB,TRGEBKHMR,BIC,bic/TRGEBKHMR-BIC.json,2,CENTROID|FACILITY,1,FACILITY_PROVIDED,2023-12-13
TRGEB,TRGEBMPZF,BIC,bic/TRGEBMPZF-BIC.json,4,CENTROID|FACILITY,2,FACILITY_PROVIDED,2024-11-14
TRGEB,TRGEBTXNP,BIC,bic/TRGEBTXNP-BIC.json,2,CENTROID|FACILITY,1,LOCAL_KNOWLEDGE,2024-11-14
TRGEB,TRGEBYGCT,SMDG,smdg/TRGEBYGCT-SMDG.json,6,BERTH|CENTROID|FACILITY,3,LOCAL_KNOWLEDGE,2024-11-14
TRGEM,TRGEMDART,BIC,bic/TRGEMDART-BIC.json,4,CENTROID|FACILITY|GATE,2,LOCAL_KNOWLEDGE,2026-06-24
TRGEM,TRGEMJFLE,BIC,bic/TRGEMJFLE-BIC.json,8,CENTROID|FACILITY,4,LOCAL_KNOWLEDGE,2024-11-20
TRGEM,TRGEMJYTV,BIC,bic/TRGEMJYTV-BIC.json,2,CENTROID|FACILITY,1,FACILITY_PROVIDED,2024-11-20
TRGEM,TRGEMLYVH,BIC,bic/TRGEMLYVH-BIC.json,2,CENTROID|FACILITY,1,LOCAL_KNOWLEDGE,2024-11-22
TRGEM,TRGEMUOTE,BIC,bic/TRGEMUOTE-BIC.json,2,CENTROID|FACILITY,1,LOCAL_KNOWLEDGE,2024-11-22
TRGEM,TRGEMBORU,SMDG,smdg/TRGEMBORU-SMDG.json,12,BERTH|CENTROID|FACILITY,6,LOCAL_KNOWLEDGE,2024-11-14
TRGEM,TRGEMGEMPOR,SMDG,smdg/TRGEMGEMPOR-SMDG.json,4,BERTH|CENTROID|FACILITY,2,LOCAL_KNOWLEDGE,2025-05-16
TRGEM,TRGEMRODA,SMDG,smdg/TRGEMRODA-SMDG.json,4,BERTH|CENTROID|FACILITY,2,LOCAL_KNOWLEDGE,2024-11-22
TRISK,TRISKDCIS,BIC,bic/TRISKDCIS-BIC.json,4,CENTROID|FACILITY|GATE,2,LOCAL_KNOWLEDGE,2026-06-24
TRISK,TRISKPAJY,BIC,bic/TRISKPAJY-BIC.json,2,CENTROID|FACILITY,1,LOCAL_KNOWLEDGE,2025-05-16
TRISK,TRISKQNXD,BIC,bic/TRISKQNXD-BIC.json,4,CENTROID|FACILITY,2,REVIEW_PANEL,2026-05-07
TRISK,TRISKRRWH,BIC,bic/TRISKRRWH-BIC.json,2,CENTROID|FACILITY,1,REVIEW_PANEL,2023-12-14
TRISK,TRISKWOUB,BIC,bic/TRISKWOUB-BIC.json,2,CENTROID|FACILITY,1,LOCAL_KNOWLEDGE,2024-11-05
TRISK,TRISKASSAN,SMDG,smdg/TRISKASSAN-SMDG.json,4,BERTH|CENTROID|FACILITY,2,LOCAL_KNOWLEDGE,2024-11-05
TRISK,TRISKLIMAK,SMDG,smdg/TRISKLIMAK-SMDG.json,4,BERTH|CENTROID|FACILITY,2,LOCAL_KNOWLEDGE,2024-11-05
TRIST,TRISTAUGG,BIC,bic/TRISTAUGG-BIC.json,2,CENTROID|FACILITY,1,REVIEW_PANEL,2023-12-08
TRIST,TRISTAWTA,BIC,bic/TRISTAWTA-BIC.json,2,CENTROID|FACILITY,1,LOCAL_KNOWLEDGE,2024-11-28
TRIST,TRISTBPXA,BIC,bic/TRISTBPXA-BIC.json,2,CENTROID|FACILITY,1,REVIEW_PANEL,2024-11-28
TRIST,TRISTDTOL,BIC,bic/TRISTDTOL-BIC.json,8,CENTROID|FACILITY,4,LOCAL_KNOWLEDGE,2024-11-02
TRIST,TRISTGBRU,BIC,bic/TRISTGBRU-BIC.json,4,CENTROID|FACILITY|GATE,2,LOCAL_KNOWLEDGE,2026-06-25
TRIST,TRISTKUMLI,SMDG,smdg/TRISTKUMLI-SMDG.json,10,BERTH|CENTROID|FACILITY,5,LOCAL_KNOWLEDGE,2024-10-30
TRIST,TRISTMRD,SMDG,smdg/TRISTMRD-SMDG.json,8,BERTH|CENTROID|FACILITY,4,LOCAL_KNOWLEDGE,2024-10-30
TRIST,TRISTMRP,SMDG,smdg/TRISTMRP-SMDG.json,12,BERTH|CENTROID|FACILITY,6,LOCAL_KNOWLEDGE,2024-10-30
TRIZM,TRIZMAWTA,BIC,bic/TRIZMAWTA-BIC.json,2,CENTROID|FACILITY,1,FACILITY_PROVIDED,2026-08-17
TRIZM,TRIZMJYDB,BIC,bic/TRIZMJYDB-BIC.json,2,CENTROID|FACILITY,1,LOCAL_KNOWLEDGE,2024-11-22
TRIZM,TRIZMNEMA,BIC,bic/TRIZMNEMA-BIC.json,4,CENTROID|FACILITY,2,FACILITY_PROVIDED,2026-09-02
TRIZM,TRIZMTCDD,SMDG,smdg/TRIZMTCDD-SMDG.json,4,BERTH|CENTROID|FACILITY,2,LOCAL_KNOWLEDGE,2024-11-22
TRIZT,TRIZTWTDN,BIC,bic/TRIZTWTDN-BIC.json,2,CENTROID|FACILITY,1,REVIEW_PANEL,2026-08-17
TRIZT,TRIZTEVYAP,SMDG,smdg/TRIZTEVYAP-SMDG.json,6,BERTH|CENTROID|FACILITY,3,LOCAL_KNOWLEDGE,2024-11-05
TRKSP,TRKSPICKSP,SMDG,smdg/TRKSPICKSP-SMDG.json,4,BERTH|CENTROID|FACILITY,2,LOCAL_KNOWLEDGE,2024-11-28
TRLMA,TRLMALIMP,SMDG,smdg/TRLMALIMP-SMDG.json,8,BERTH|CENTROID|FACILITY,4,LOCAL_KNOWLEDGE,2024-11-28
TRMER,TRMERDCIS,BIC,bic/TRMERDCIS-BIC.json,4,CENTROID|FACILITY|GATE,2,LOCAL_KNOWLEDGE,2026-06-24
TRMER,TRMERMIVP,BIC,bic/TRMERMIVP-BIC.json,2,CENTROID|FACILITY,1,REVIEW_PANEL,2026-04-14
TRMER,TRMERSLUM,BIC,bic/TRMERSLUM-BIC.json,2,CENTROID|FACILITY,1,FACILITY_PROVIDED,2023-12-06
TRMER,TRMERWKME,BIC,bic/TRMERWKME-BIC.json,2,CENTROID|FACILITY,1,FACILITY_PROVIDED,2026-05-08
TRMER,TRMERZWTA,BIC,bic/TRMERZWTA-BIC.json,2,CENTROID|FACILITY,1,FACILITY_PROVIDED,2023-12-13
TRMER,TRMERMIP,SMDG,smdg/TRMERMIP-SMDG.json,8,BERTH|CENTROID|FACILITY,4,LOCAL_KNOWLEDGE,2024-11-22
TRSSX,TRSSXSAMP,SMDG,smdg/TRSSXSAMP-SMDG.json,4,BERTH|CENTROID|FACILITY,2,LOCAL_KNOWLEDGE,2024-11-28
TRTEK,TRTEKASYA,SMDG,smdg/TRTEKASYA-SMDG.json,6,BERTH|CENTROID|FACILITY,3,LOCAL_KNOWLEDGE,2024-11-28
TRTZX,TRTZXTLIM,SMDG,smdg/TRTZXTLIM-SMDG.json,4,BERTH|CENTROID|FACILITY,2,LOCAL_KNOWLEDGE,2024-11-28
TRYAR,TRYARDPWYAR,SMDG,smdg/TRYARDPWYAR-SMDG.json,4,BERTH|CENTROID|FACILITY,2,LOCAL_KNOWLEDGE,2024-11-28
TTPOS,TTPOSVPXF,BIC,bic/TTPOSVPXF-BIC.json,2,CENTROID|FACILITY,1,LOCAL_KNOWLEDGE,2025-08-21
TTPOS,TTPOSPPOS,SMDG,smdg/TTPOSPPOS-SMDG.json,4,BERTH|CENTROID|FACILITY,2,LOCAL_KNOWLEDGE,2025-08-21
TTPTS,TTPTSAUNM,BIC,bic/TTPTSAUNM-BIC.json,2,CENTROID|FACILITY,1,LOCAL_KNOWLEDGE,2025-08-21
TTPTS,TTPTSTPTS,SMDG,smdg/TTPTSTPTS-SMDG.json,4,BERTH|CENTROID|FACILITY,2,LOCAL_KNOWLEDGE,2025-08-21
TWKEL,TWKELBGEP,BIC,bic/TWKELBGEP-BIC.json,2,CENTROID|FACILITY,1,REVIEW_PANEL,2023-12-06
TWKEL,TWKELDCFU,BIC,bic/TWKELDCFU-BIC.json,2,CENTROID|FACILITY,1,LOCAL_KNOWLEDGE,2025-04-10
TWKEL,TWKELGGYN,BIC,bic/TWKELGGYN-BIC.json,2,CENTROID|FACILITY,1,LOCAL_KNOWLEDGE,2025-03-21
TWKEL,TWKELGPEZ,BIC,bic/TWKELGPEZ-BIC.json,2,centroid|geofence,1,FACILITY_PROVIDED,2023-09-27
TWKEL,TWKELHVUU,BIC,bic/TWKELHVUU-BIC.json,4,CENTROID|FACILITY,2,REVIEW_PANEL,2023-12-06
TWKEL,TWKELTIPC,SMDG,smdg/TWKELTIPC-SMDG.json,8,BERTH|CENTROID|FACILITY,4,LOCAL_KNOWLEDGE,2025-03-12
TWKEL,TWKELULIC,SMDG,smdg/TWKELULIC-SMDG.json,4,BERTH|CENTROID|FACILITY,2,LOCAL_KNOWLEDGE,2025-03-12
TWKEL,TWKELWUDU,SMDG,smdg/TWKELWUDU-SMDG.json,4,BERTH|CENTROID|FACILITY,2,LOCAL_KNOWLEDGE,2025-03-12
TWKHH,TWKHHBSGS,BIC,bic/TWKHHBSGS-BIC.json,2,CENTROID|FACILITY,1,REVIEW_PANEL,2025-03-28
TWKHH,TWKHHCTMK,BIC,bic/TWKHHCTMK-BIC.json,2,CENTROID|FACILITY,1,LOCAL_KNOWLEDGE,2025-03-28
TWKHH,TWKHHEHOT,BIC,bic/TWKHHEHOT-BIC.json,2,CENTROID|FACILITY,1,LOCAL_KNOWLEDGE,2025-03-28
TWKHH,TWKHHFIZK,BIC,bic/TWKHHFIZK-BIC.json,2,CENTROID|FACILITY,1,REVIEW_PANEL,2025-03-12
TWKHH,TWKHHGWYB,BIC,bic/TWKHHGWYB-BIC.json,2,CENTROID|FACILITY,1,LOCAL_KNOWLEDGE,2025-03-12
TWKHH,TWKHHCMAKT,SMDG,smdg/TWKHHCMAKT-SMDG.json,4,BERTH|CENTROID|FACILITY,2,FACILITY_PROVIDED,2024-11-08
TWKHH,TWKHHEMCKC5,SMDG,smdg/TWKHHEMCKC5-SMDG.json,4,BERTH|CENTROID|FACILITY,2,LOCAL_KNOWLEDGE,2025-03-12
TWKHH,TWKHHEMCKC7,SMDG,smdg/TWKHHEMCKC7-SMDG.json,4,BERTH|CENTROID|FACILITY,2,LOCAL_KNOWLEDGE,2025-03-12
TWKHH,TWKHHHJPCT,SMDG,smdg/TWKHHHJPCT-SMDG.json,4,BERTH|CENTROID|FACILITY,2,LOCAL_KNOWLEDGE,2024-11-14
TWKHH,TWKHHKAOCT,SMDG,smdg/TWKHHKAOCT-SMDG.json,4,BERTH|CENTROID|FACILITY,2,LOCAL_KNOWLEDGE,2025-03-12
TWKHH,TWKHHKHHPT,SMDG,smdg/TWKHHKHHPT-SMDG.json,6,BERTH|CENTROID|FACILITY,3,REVIEW_PANEL,2025-05-16
TWKHH,TWKHHKMCT,SMDG,smdg/TWKHHKMCT-SMDG.json,4,BERTH|CENTROID|FACILITY,2,FACILITY_PROVIDED,2023-11-06
TWKHH,TWKHHWHLT,SMDG,smdg/TWKHHWHLT-SMDG.json,4,BERTH|CENTROID|FACILITY,2,LOCAL_KNOWLEDGE,2025-03-12
TWKHH,TWKHHYMLT,SMDG,smdg/TWKHHYMLT-SMDG.json,4,BERTH|CENTROID|FACILITY,2,LOCAL_KNOWLEDGE,2025-03-12
TWTPE,TWTPEGIMA,BIC,bic/TWTPEGIMA-BIC.json,2,CENTROID|FACILITY,1,REVIEW_PANEL,2023-12-06
TWTPE,TWTPEYBEJ,BIC,bic/TWTPEYBEJ-BIC.json,2,CENTROID|FACILITY,1,LOCAL_KNOWLEDGE,2025-03-12
TWTPE,TWTPETPCT,SMDG,smdg/TWTPETPCT-SMDG.json,4,BERTH|CENTROID|FACILITY,2,LOCAL_KNOWLEDGE,2025-03-12
TWTXG,TWTXGAJVK,BIC,bic/TWTXGAJVK-BIC.json,4,CENTROID|FACILITY,2,LOCAL_KNOWLEDGE,2025-03-21
TWTXG,TWTXGAKEV,BIC,bic/TWTXGAKEV-BIC.json,2,CENTROID|FACILITY,1,LOCAL_KNOWLEDGE,2025-03-21
TWTXG,TWTXGDHXG,BIC,bic/TWTXGDHXG-BIC.json,2,CENTROID|FACILITY,1,LOCAL_KNOWLEDGE,2024-01-03
TWTXG,TWTXGEXLA,BIC,bic/TWTXGEXLA-BIC.json,2,CENTROID|FACILITY,1,LOCAL_KNOWLEDGE,2025-03-21
TWTXG,TWTXGGEEU,BIC,bic/TWTXGGEEU-BIC.json,2,CENTROID|FACILITY,1,FACILITY_PROVIDED,2023-11-06
TWTXG,TWTXGCCTC,SMDG,smdg/TWTXGCCTC-SMDG.json,4,BERTH|CENTROID|FACILITY,2,REVIEW_PANEL,2025-03-12
TWTXG,TWTXGEVER,SMDG,smdg/TWTXGEVER-SMDG.json,4,BERTH|CENTROID|FACILITY,2,FACILITY_PROVIDED,2023-11-06
TWTXG,TWTXGWANH,SMDG,smdg/TWTXGWANH-SMDG.json,4,BERTH|CENTROID|FACILITY,2,REVIEW_PANEL,2025-03-12
TZDAR,TZDARASBR,BIC,bic/TZDARASBR-BIC.json,2,CENTROID|FACILITY,1,REVIEW_PANEL,2026-05-26
TZDAR,TZDARBGKK,BIC,bic/TZDARBGKK-BIC.json,2,CENTROID|FACILITY,1,,2026-05-21
TZDAR,TZDARDEMB,BIC,bic/TZDARDEMB-BIC.json,2,CENTROID|FACILITY,1,REVIEW_PANEL,2026-05-26
TZDAR,TZDARDWND,BIC,bic/TZDARDWND-BIC.json,2,CENTROID|FACILITY,1,LOCAL_KNOWLEDGE,2026-05-21
TZDAR,TZDARECVN,BIC,bic/TZDARECVN-BIC.json,2,CENTROID|FACILITY,1,REVIEW_PANEL,2026-05-26
TZDAR,TZDARTICTS,SMDG,smdg/TZDARTICTS-SMDG.json,4,BERTH|CENTROID|FACILITY,2,REVIEW_PANEL,2026-05-26
TZTGT,TZTGTTPA,SMDG,smdg/TZTGTTPA-SMDG.json,4,BERTH|CENTROID|FACILITY,2,REVIEW_PANEL,2026-05-26
TZZNZ,TZZNZMALT,SMDG,smdg/TZZNZMALT-SMDG.json,4,BERTH|CENTROID|FACILITY,2,REVIEW_PANEL,2026-05-26
UAODS,UAODSAOCR,BIC,bic/UAODSAOCR-BIC.json,2,CENTROID|FACILITY,1,FACILITY_PROVIDED,2025-10-15
UAODS,UAODSZMJV,BIC,bic/UAODSZMJV-BIC.json,2,CENTROID|FACILITY,1,FACILITY_PROVIDED,2024-04-05
UAODS,UAODSBROOKL,SMDG,smdg/UAODSBROOKL-SMDG.json,4,BERTH|CENTROID|FACILITY,2,FACILITY_PROVIDED,2025-10-15
UAODS,UAODSCTO,SMDG,smdg/UAODSCTO-SMDG.json,6,BERTH|CENTROID|FACILITY,3,FACILITY_PROVIDED,2024-04-05
USADQ,USADQKODT,SMDG,smdg/USADQKODT-SMDG.json,4,BERTH|CENTROID|FACILITY,2,REVIEW_PANEL,2026-04-23
USBAL,USBALABQG,BIC,bic/USBALABQG-BIC.json,2,CENTROID|FACILITY,1,REVIEW_PANEL,2025-06-30
USBAL,USBALDCBE,BIC,bic/USBALDCBE-BIC.json,2,CENTROID|FACILITY,1,REVIEW_PANEL,2025-06-30
USBAL,USBALEXEE,BIC,bic/USBALEXEE-BIC.json,2,CENTROID|FACILITY,1,REVIEW_PANEL,2025-06-30
USBAL,USBALFLEA,BIC,bic/USBALFLEA-BIC.json,2,CENTROID|FACILITY,1,REVIEW_PANEL,2025-06-30
USBAL,USBALHUWK,BIC,bic/USBALHUWK-BIC.json,2,CENTROID|FACILITY,1,REVIEW_PANEL,2025-06-30
USBAL,USBALDMT,SMDG,smdg/USBALDMT-SMDG.json,6,BERTH|CENTROID|FACILITY|TRUCK_QUEUE,3,REVIEW_PANEL,2026-01-30
USBAL,USBALSMT,SMDG,smdg/USBALSMT-SMDG.json,6,BERTH|CENTROID|FACILITY|TRUCK_QUEUE,3,REVIEW_PANEL,2026-01-27
USCHS,USCHSBYAF,BIC,bic/USCHSBYAF-BIC.json,2,CENTROID|FACILITY,1,REVIEW_PANEL,2025-06-17
USCHS,USCHSEHHX,BIC,bic/USCHSEHHX-BIC.json,2,CENTROID|FACILITY,1,REVIEW_PANEL,2025-06-17
USCHS,USCHSHGLX,BIC,bic/USCHSHGLX-BIC.json,4,CENTROID|FACILITY|TRUCK_QUEUE,2,REVIEW_PANEL,2025-09-03
USCHS,USCHSITEA,BIC,bic/USCHSITEA-BIC.json,2,CENTROID|FACILITY,1,REVIEW_PANEL,2025-06-17
USCHS,USCHSPIDD,BIC,bic/USCHSPIDD-BIC.json,2,CENTROID|FACILITY,1,REVIEW_PANEL,2025-06-17
USCHS,USCHSHLT,SMDG,smdg/USCHSHLT-SMDG.json,6,BERTH|CENTROID|FACILITY|TRUCK_QUEUE,3,REVIEW_PANEL,2026-01-30
USCHS,USCHSNCMT,SMDG,smdg/USCHSNCMT-SMDG.json,6,BERTH|CENTROID|FACILITY|TRUCK_QUEUE,3,REVIEW_PANEL,2026-01-30
USCHS,USCHSWWMT,SMDG,smdg/USCHSWWMT-SMDG.json,6,BERTH|CENTROID|FACILITY|TRUCK_QUEUE,3,REVIEW_PANEL,2026-01-30
USDUT,USDUTCGJD,BIC,bic/USDUTCGJD-BIC.json,2,CENTROID|FACILITY,1,REVIEW_PANEL,2026-04-29
USDUT,USDUTAPL,SMDG,smdg/USDUTAPL-SMDG.json,6,BERTH|CENTROID|FACILITY,3,FACILITY_PROVIDED,2025-05-16
USHNL,USHNLTHFB,BIC,bic/USHNLTHFB-BIC.json,2,CENTROID|FACILITY,1,REVIEW_PANEL,2025-05-16
USHNL,USHNLWMBL,BIC,bic/USHNLWMBL-BIC.json,4,CENTROID|FACILITY|TRUCK_QUEUE,2,REVIEW_PANEL,2025-09-03
USHNL,USHNLMATS,SMDG,smdg/USHNLMATS-SMDG.json,6,BERTH|CENTROID|FACILITY|TRUCK_QUEUE,3,LOCAL_KNOWLEDGE,2026-02-11
USHNL,USHNLPASHA,SMDG,smdg/USHNLPASHA-SMDG.json,6,BERTH|CENTROID|FACILITY|TRUCK_QUEUE,3,LOCAL_KNOWLEDGE,2026-01-30
USHOU,USHOUAAQU,BIC,bic/USHOUAAQU-BIC.json,2,CENTROID|FACILITY,1,REVIEW_PANEL,2025-06-26
USHOU,USHOUBNFA,BIC,bic/USHOUBNFA-BIC.json,2,CENTROID|FACILITY,1,FACILITY_PROVIDED,2025-10-15
USHOU,USHOUBOAA,BIC,bic/USHOUBOAA-BIC.json,2,CENTROID|FACILITY,1,REVIEW_PANEL,2025-06-26
USHOU,USHOUCCIA,BIC,bic/USHOUCCIA-BIC.json,2,CENTROID|FACILITY,1,REVIEW_PANEL,2025-06-26
USHOU,USHOUCJZJ,BIC,bic/USHOUCJZJ-BIC.json,2,CENTROID|FACILITY,1,REVIEW_PANEL,2025-06-26
USHOU,USHOUBCMT,SMDG,smdg/USHOUBCMT-SMDG.json,4,BERTH|CENTROID|FACILITY,2,LOCAL_KNOWLEDGE,2025-07-22
USHOU,USHOUBPTM,SMDG,smdg/USHOUBPTM-SMDG.json,4,BERTH|CENTROID|FACILITY,2,LOCAL_KNOWLEDGE,2024-10-25
USILM,USILMAPXV,BIC,bic/USILMAPXV-BIC.json,2,CENTROID|FACILITY,1,REVIEW_PANEL,2025-03-05
USILM,USILMSTNA,BIC,bic/USILMSTNA-BIC.json,2,CENTROID|FACILITY,1,REVIEW_PANEL,2025-03-05
USILM,USILMYUIZ,BIC,bic/USILMYUIZ-BIC.json,4,centroid|geofence,2,FACILITY_PROVIDED,2023-09-13
USILM,USILMNCSPA,SMDG,smdg/USILMNCSPA-SMDG.json,4,BERTH|CENTROID|FACILITY,2,LOCAL_KNOWLEDGE,2025-07-28
USLAX,USLAXBNFA,BIC,bic/USLAXBNFA-BIC.json,2,CENTROID|FACILITY,1,FACILITY_PROVIDED,2025-07-09
USLAX,USLAXCCIA,BIC,bic/USLAXCCIA-BIC.json,4,CENTROID|FACILITY,2,REVIEW_PANEL,2025-06-05
USLAX,USLAXCXQI,BIC,bic/USLAXCXQI-BIC.json,2,CENTROID|FACILITY,1,FACILITY_PROVIDED,2024-10-24
USLAX,USLAXDCBM,BIC,bic/USLAXDCBM-BIC.json,6,CENTROID|FACILITY,3,LOCAL_KNOWLEDGE,2025-07-22
USLAX,USLAXHIND,BIC,bic/USLAXHIND-BIC.json,2,CENTROID|FACILITY,1,REVIEW_PANEL,2025-09-03
USLAX,USLAXAPMT,SMDG,smdg/USLAXAPMT-SMDG.json,6,BERTH|CENTROID|FACILITY,3,REVIEW_PANEL,2024-05-03
USLAX,USLAXEAGLE,SMDG,smdg/USLAXEAGLE-SMDG.json,6,BERTH|CENTROID|FACILITY|TRUCK_QUEUE,3,REVIEW_PANEL,2024-11-08
USLAX,USLAXETS,SMDG,smdg/USLAXETS-SMDG.json,4,BERTH|CENTROID|FACILITY,2,FACILITY_PROVIDED,2024-01-22
USLAX,USLAXTRAP,SMDG,smdg/USLAXTRAP-SMDG.json,4,BERTH|CENTROID|FACILITY,2,LOCAL_KNOWLEDGE,2025-07-28
USLAX,USLAXWBCT,SMDG,smdg/USLAXWBCT-SMDG.json,10,BERTH|CENTROID|FACILITY,5,LOCAL_KNOWLEDGE,2025-07-28
USLAX,USLAXYUSEN,SMDG,smdg/USLAXYUSEN-SMDG.json,4,BERTH|CENTROID|FACILITY,2,LOCAL_KNOWLEDGE,2025-04-29
USLGB,USLGBBRJX,BIC,bic/USLGBBRJX-BIC.json,2,CENTROID|FACILITY,1,LOCAL_KNOWLEDGE,2025-07-22
USLGB,USLGBBVIO,BIC,bic/USLGBBVIO-BIC.json,4,CENTROID|FACILITY|TRUCK_QUEUE,2,LOCAL_KNOWLEDGE,2024-07-18
USLGB,USLGBDITJ,BIC,bic/USLGBDITJ-BIC.json,2,CENTROID|FACILITY,1,REVIEW_PANEL,2025-05-16
USLGB,USLGBDWZU,BIC,bic/USLGBDWZU-BIC.json,2,CENTROID|FACILITY,1,LOCAL_KNOWLEDGE,2024-07-18
USLGB,USLGBETUA,BIC,bic/USLGBETUA-BIC.json,2,CENTROID|FACILITY,1,LOCAL_KNOWLEDGE,2024-07-18
USLGB,USLGBITS,SMDG,smdg/USLGBITS-SMDG.json,6,BERTH|CENTROID|FACILITY,3,LOCAL_KNOWLEDGE,2025-07-28
USLGB,USLGBLBCT,SMDG,smdg/USLGBLBCT-SMDG.json,4,BERTH|CENTROID|FACILITY,2,LOCAL_KNOWLEDGE,2025-07-22
USLGB,USLGBMATU,SMDG,smdg/USLGBMATU-SMDG.json,10,BERTH|CENTROID|FACILITY|TRUCK_QUEUE,5,LOCAL_KNOWLEDGE,2025-07-22
USLGB,USLGBSSAPCT,SMDG,smdg/USLGBSSAPCT-SMDG.json,6,BERTH|CENTROID|FACILITY,3,LOCAL_KNOWLEDGE,2025-07-28
USLGB,USLGBSSATA,SMDG,smdg/USLGBSSATA-SMDG.json,4,BERTH|CENTROID|FACILITY,2,LOCAL_KNOWLEDGE,2025-07-28
USLGB,USLGBTTI,SMDG,smdg/USLGBTTI-SMDG.json,4,BERTH|CENTROID|FACILITY,2,LOCAL_KNOWLEDGE,2025-07-22
USMIA,USMIADKDZ,BIC,bic/USMIADKDZ-BIC.json,2,CENTROID|FACILITY,1,REVIEW_PANEL,2025-02-11
USMIA,USMIAIVNS,BIC,bic/USMIAIVNS-BIC.json,2,CENTROID|FACILITY,1,REVIEW_PANEL,2025-02-11
USMIA,USMIAJCGQ,BIC,bic/USMIAJCGQ-BIC.json,2,CENTROID|FACILITY,1,REVIEW_PANEL,2025-02-11
USMIA,USMIAMCRA,BIC,bic/USMIAMCRA-BIC.json,2,CENTROID|FACILITY,1,,2025-02-11
USMIA,USMIARSEF,BIC,bic/USMIARSEF-BIC.json,2,CENTROID|FACILITY,1,REVIEW_PANEL,2025-02-11
USMIA,USMIASOU,SMDG,smdg/USMIASOU-SMDG.json,4,BERTH|CENTROID|FACILITY,2,FACILITY_PROVIDED,2024-10-25
USMOB,USMOBAPMA,BIC,bic/USMOBAPMA-BIC.json,4,CENTROID|FACILITY|TRUCK_QUEUE,2,REVIEW_PANEL,2025-09-03
USMOB,USMOBCHKA,BIC,bic/USMOBCHKA-BIC.json,2,CENTROID|FACILITY,1,REVIEW_PANEL,2025-03-12
USMOB,USMOBIQFP,BIC,bic/USMOBIQFP-BIC.json,4,CENTROID|FACILITY|TRUCK_QUEUE,2,REVIEW_PANEL,2025-05-16
USMOB,USMOBJGCX,BIC,bic/USMOBJGCX-BIC.json,2,CENTROID|FACILITY,1,REVIEW_PANEL,2025-04-29
USMOB,USMOBLCTP,BIC,bic/USMOBLCTP-BIC.json,2,CENTROID|FACILITY,1,LOCAL_KNOWLEDGE,2024-11-22
USMOB,USMOBAPMT,SMDG,smdg/USMOBAPMT-SMDG.json,6,BERTH|CENTROID|FACILITY|TRUCK_QUEUE,3,REVIEW_PANEL,2026-01-30
USMSY,USMSYAXMD,BIC,bic/USMSYAXMD-BIC.json,2,CENTROID|FACILITY,1,REVIEW_PANEL,2025-03-12
USMSY,USMSYDOSR,BIC,bic/USMSYDOSR-BIC.json,2,CENTROID|FACILITY,1,,2025-07-09
USMSY,USMSYFTFA,BIC,bic/USMSYFTFA-BIC.json,4,CENTROID|FACILITY|TRUCK_QUEUE,2,REVIEW_PANEL,2025-03-12
USMSY,USMSYHHPW,BIC,bic/USMSYHHPW-BIC.json,2,CENTROID|FACILITY,1,REVIEW_PANEL,2025-03-12
USMSY,USMSYKEDW,BIC,bic/USMSYKEDW-BIC.json,2,CENTROID|FACILITY,1,REVIEW_PANEL,2025-03-12
USMSY,USMSYNOLA,SMDG,smdg/USMSYNOLA-SMDG.json,4,BERTH|CENTROID|FACILITY,2,LOCAL_KNOWLEDGE,2026-02-11
USMSY,USMSYNOT,SMDG,smdg/USMSYNOT-SMDG.json,4,BERTH|CENTROID|FACILITY,2,LOCAL_KNOWLEDGE,2026-02-11
USNYC,USNYCHGMQ,BIC,bic/USNYCHGMQ-BIC.json,4,CENTROID|FACILITY|TRUCK_QUEUE,2,REVIEW_PANEL,2025-09-03
USNYC,USNYCJCCM,BIC,bic/USNYCJCCM-BIC.json,2,CENTROID|FACILITY,1,REVIEW_PANEL,2025-04-02
USNYC,USNYCKUPZ,BIC,bic/USNYCKUPZ-BIC.json,4,CENTROID|FACILITY|TRUCK_QUEUE,2,LOCAL_KNOWLEDGE,2024-07-08
USNYC,USNYCMJZX,BIC,bic/USNYCMJZX-BIC.json,2,CENTROID|FACILITY,1,REVIEW_PANEL,2025-04-02
USNYC,USNYCNOAO,BIC,bic/USNYCNOAO-BIC.json,2,CENTROID|FACILITY,1,LOCAL_KNOWLEDGE,2024-07-08
USNYC,USNYCAPMT,SMDG,smdg/USNYCAPMT-SMDG.json,6,BERTH|CENTROID|FACILITY|TRUCK_QUEUE,3,REVIEW_PANEL,2026-01-30
USNYC,USNYCGTC,SMDG,smdg/USNYCGTC-SMDG.json,6,BERTH|CENTROID|FACILITY|TRUCK_QUEUE,3,LOCAL_KNOWLEDGE,2025-01-02
USNYC,USNYCMAHER,SMDG,smdg/USNYCMAHER-SMDG.json,8,BERTH|CENTROID|FACILITY|TRUCK_QUEUE,4,REVIEW_PANEL,2026-01-30
USNYC,USNYCNYCT,SMDG,smdg/USNYCNYCT-SMDG.json,4,BERTH|CENTROID|FACILITY,2,LOCAL_KNOWLEDGE,2024-10-25
USNYC,USNYCRHCT,SMDG,smdg/USNYCRHCT-SMDG.json,4,BERTH|CENTROID|FACILITY,2,REVIEW_PANEL,2026-01-30
USOAK,USOAKAKGF,BIC,bic/USOAKAKGF-BIC.json,2,CENTROID|FACILITY,1,REVIEW_PANEL,2024-08-29
USOAK,USOAKDVYR,BIC,bic/USOAKDVYR-BIC.json,4,CENTROID|FACILITY|TRUCK_QUEUE,2,REVIEW_PANEL,2024-10-01
USOAK,USOAKFEZI,BIC,bic/USOAKFEZI-BIC.json,2,CENTROID|FACILITY,1,REVIEW_PANEL,2024-08-22
USOAK,USOAKFLIA,BIC,bic/USOAKFLIA-BIC.json,2,CENTROID|FACILITY,1,REVIEW_PANEL,2024-08-22
USOAK,USOAKFOBM,BIC,bic/USOAKFOBM-BIC.json,2,CENTROID|FACILITY,1,REVIEW_PANEL,2025-05-16
USOAK,USOAKB58,SMDG,smdg/USOAKB58-SMDG.json,8,BERTH|CENTROID|FACILITY|TRUCK_QUEUE,4,REVIEW_PANEL,2024-08-29
USOAK,USOAKBENT,SMDG,smdg/USOAKBENT-SMDG.json,4,BERTH|CENTROID|FACILITY,2,REVIEW_PANEL,2025-07-28
USOAK,USOAKMATS,SMDG,smdg/USOAKMATS-SMDG.json,6,BERTH|CENTROID|FACILITY|TRUCK_QUEUE,3,REVIEW_PANEL,2026-01-30
USOAK,USOAKTPOAK,SMDG,smdg/USOAKTPOAK-SMDG.json,4,BERTH|CENTROID|FACILITY,2,REVIEW_PANEL,2025-07-28
USPCV,USPCVCCT,SMDG,smdg/USPCVCCT-SMDG.json,4,BERTH|CENTROID|FACILITY,2,REVIEW_PANEL,2026-01-30
USPHL,USPHLBNPZ,BIC,bic/USPHLBNPZ-BIC.json,2,CENTROID|FACILITY,1,FACILITY_PROVIDED,2024-09-03
USPHL,USPHLERZF,BIC,bic/USPHLERZF-BIC.json,2,CENTROID|FACILITY,1,REVIEW_PANEL,2025-09-03
USPHL,USPHLGPYA,BIC,bic/USPHLGPYA-BIC.json,2,CENTROID|FACILITY,1,REVIEW_PANEL,2025-02-26
USPHL,USPHLROGD,BIC,bic/USPHLROGD-BIC.json,4,CENTROID|FACILITY|TRUCK_QUEUE,2,REVIEW_PANEL,2025-02-26
USPHL,USPHLVKZO,BIC,bic/USPHLVKZO-BIC.json,2,CENTROID|FACILITY,1,REVIEW_PANEL,2025-02-26
USPHL,USPHLPAMT,SMDG,smdg/USPHLPAMT-SMDG.json,6,BERTH|CENTROID|FACILITY|TRUCK_QUEUE,3,LOCAL_KNOWLEDGE,2026-01-27
USPTM,USPTMWRTF,BIC,bic/USPTMWRTF-BIC.json,2,CENTROID|FACILITY,1,REVIEW_PANEL,2025-04-22
USPTM,USPTMYXKQ,BIC,bic/USPTMYXKQ-BIC.json,2,CENTROID|FACILITY,1,REVIEW_PANEL,2025-04-22
USPTM,USPTMPMT,SMDG,smdg/USPTMPMT-SMDG.json,4,BERTH|CENTROID|FACILITY,2,REVIEW_PANEL,2026-01-30
USPTM,USPTMVIG,SMDG,smdg/USPTMVIG-SMDG.json,6,BERTH|CENTROID|FACILITY|TRUCK_QUEUE,3,REVIEW_PANEL,2024-05-29
USPWM,USPWMMWPA,BIC,bic/USPWMMWPA-BIC.json,4,CENTROID|FACILITY|TRUCK_QUEUE,2,REVIEW_PANEL,2026-04-29
USPWM,USPWMIMT,SMDG,smdg/USPWMIMT-SMDG.json,6,BERTH|CENTROID|FACILITY|TRUCK_QUEUE,3,REVIEW_PANEL,2026-01-30
USSAV,USSAVATLA,BIC,bic/USSAVATLA-BIC.json,2,CENTROID|FACILITY,1,,2025-05-07
USSAV,USSAVCSXA,BIC,bic/USSAVCSXA-BIC.json,2,CENTROID|FACILITY,1,LOCAL_KNOWLEDGE,2024-09-05
USSAV,USSAVCYVS,BIC,bic/USSAVCYVS-BIC.json,2,CENTROID|FACILITY,1,LOCAL_KNOWLEDGE,2026-01-28
USSAV,USSAVGRTA,BIC,bic/USSAVGRTA-BIC.json,2,CENTROID|FACILITY,1,LOCAL_KNOWLEDGE,2024-10-09
USSAV,USSAVIICA,BIC,bic/USSAVIICA-BIC.json,2,CENTROID|FACILITY,1,,2025-05-07
USSAV,USSAVGCMT,SMDG,smdg/USSAVGCMT-SMDG.json,12,BERTH|CENTROID|FACILITY|TRUCK_QUEUE,6,LOCAL_KNOWLEDGE,2026-01-30
USSAV,USSAVOCT,SMDG,smdg/USSAVOCT-SMDG.json,8,BERTH|CENTROID|FACILITY|TRUCK_QUEUE,4,LOCAL_KNOWLEDGE,2026-01-30
USSEA,USSEABDNZ,BIC,bic/USSEABDNZ-BIC.json,2,CENTROID|FACILITY,1,REVIEW_PANEL,2025-06-11
USSEA,USSEADUMD,BIC,bic/USSEADUMD-BIC.json,4,CENTROID|FACILITY,2,LOCAL_KNOWLEDGE,2024-08-08
USSEA,USSEAEMLX,BIC,bic/USSEAEMLX-BIC.json,4,CENTROID|FACILITY|TRUCK_QUEUE,2,REVIEW_PANEL,2025-09-03
USSEA,USSEAFIPC,BIC,bic/USSEAFIPC-BIC.json,2,CENTROID|FACILITY,1,REVIEW_PANEL,2025-06-11
USSEA,USSEAHHUJ,BIC,bic/USSEAHHUJ-BIC.json,2,CENTROID|FACILITY,1,REVIEW_PANEL,2025-05-19
USSEA,USSEASSA18,SMDG,smdg/USSEASSA18-SMDG.json,6,BERTH|CENTROID|FACILITY|TRUCK_QUEUE,3,REVIEW_PANEL,2026-01-30
USSEA,USSEASSA30,SMDG,smdg/USSEASSA30-SMDG.json,8,BERTH|CENTROID|FACILITY|TRUCK_QUEUE,4,REVIEW_PANEL,2026-01-30
USSEA,USSEASSA5,SMDG,smdg/USSEASSA5-SMDG.json,6,BERTH|CENTROID|FACILITY|TRUCK_QUEUE,3,LOCAL_KNOWLEDGE,2026-01-30
USTIW,USTIWBQKK,BIC,bic/USTIWBQKK-BIC.json,2,CENTROID|FACILITY,1,REVIEW_PANEL,2024-08-08
USTIW,USTIWCJIA,BIC,bic/USTIWCJIA-BIC.json,2,CENTROID|FACILITY,1,LOCAL_KNOWLEDGE,2025-05-16
USTIW,USTIWCLXY,BIC,bic/USTIWCLXY-BIC.json,2,CENTROID|FACILITY,1,REVIEW_PANEL,2025-06-11
USTIW,USTIWDRTM,BIC,bic/USTIWDRTM-BIC.json,2,CENTROID|FACILITY,1,REVIEW_PANEL,2025-06-11
USTIW,USTIWFGWA,BIC,bic/USTIWFGWA-BIC.json,2,CENTROID|FACILITY,1,REVIEW_PANEL,2025-06-11
USTIW,USTIWHUSKY,SMDG,smdg/USTIWHUSKY-SMDG.json,8,BERTH|CENTROID|FACILITY|TRUCK_QUEUE,4,LOCAL_KNOWLEDGE,2025-05-16
USTIW,USTIWWSIT,SMDG,smdg/USTIWWSIT-SMDG.json,2,CENTROID|FACILITY,1,REVIEW_PANEL,2024-08-08
USTIW,USTIWWUT,SMDG,smdg/USTIWWUT-SMDG.json,6,BERTH|CENTROID|FACILITY|TRUCK_QUEUE,3,REVIEW_PANEL,2026-01-30
USTPA,USTPACSXA,BIC,bic/USTPACSXA-BIC.json,2,CENTROID|FACILITY,1,FACILITY_PROVIDED,2024-09-03
USTPA,USTPAPCVH,BIC,bic/USTPAPCVH-BIC.json,2,CENTROID|FACILITY,1,REVIEW_PANEL,2025-03-03
USTPA,USTPAQGXG,BIC,bic/USTPAQGXG-BIC.json,2,CENTROID|FACILITY,1,REVIEW_PANEL,2025-02-11
USTPA,USTPAPTCT,SMDG,smdg/USTPAPTCT-SMDG.json,4,BERTH|CENTROID|FACILITY,2,REVIEW_PANEL,2025-07-28
UYMVD,UYMVDAPMA,BIC,bic/UYMVDAPMA-BIC.json,2,CENTROID|FACILITY,1,REVIEW_PANEL,2025-08-06
UYMVD,UYMVDFIIT,BIC,bic/UYMVDFIIT-BIC.json,2,CENTROID|FACILITY,1,,2025-08-12
UYMVD,UYMVDGQGC,BIC,bic/UYMVDGQGC-BIC.json,2,CENTROID|FACILITY,1,LOCAL_KNOWLEDGE,2023-12-13
UYMVD,UYMVDMCLQ,BIC,bic/UYMVDMCLQ-BIC.json,4,CENTROID|FACILITY,2,LOCAL_KNOWLEDGE,2025-08-12
UYMVD,UYMVDMTRA,BIC,bic/UYMVDMTRA-BIC.json,2,CENTROID|FACILITY,1,LOCAL_KNOWLEDGE,2025-08-12
UYMVD,UYMVDMONTE,SMDG,smdg/UYMVDMONTE-SMDG.json,10,BERTH|CENTROID|FACILITY,5,LOCAL_KNOWLEDGE,2025-08-12
UYPTP,UYPTPMDP,SMDG,smdg/UYPTPMDP-SMDG.json,4,BERTH|CENTROID|FACILITY,2,LOCAL_KNOWLEDGE,2025-08-12
VEGUT,VEGUTGUTGU,SMDG,smdg/VEGUTGUTGU-SMDG.json,4,BERTH|CENTROID|FACILITY,2,LOCAL_KNOWLEDGE,2025-10-15
VELAG,VELAGIHEB,BIC,bic/VELAGIHEB-BIC.json,2,CENTROID|FACILITY,1,LOCAL_KNOWLEDGE,2025-10-14
VELAG,VELAGIRYK,BIC,bic/VELAGIRYK-BIC.json,2,CENTROID|FACILITY,1,LOCAL_KNOWLEDGE,2025-10-14
VELAG,VELAGOYPY,BIC,bic/VELAGOYPY-BIC.json,2,CENTROID|FACILITY,1,LOCAL_KNOWLEDGE,2025-10-14
VELAG,VELAGTECLG,SMDG,smdg/VELAGTECLG-SMDG.json,4,BERTH|CENTROID|FACILITY,2,LOCAL_KNOWLEDGE,2025-10-14
VEMAR,VEMARLYEE,BIC,bic/VEMARLYEE-BIC.json,2,CENTROID|FACILITY,1,LOCAL_KNOWLEDGE,2025-10-14
VEMAR,VEMARPMAR,SMDG,smdg/VEMARPMAR-SMDG.json,4,BERTH|CENTROID|FACILITY,2,LOCAL_KNOWLEDGE,2025-10-14
VEPBL,VEPBLALMA,BIC,bic/VEPBLALMA-BIC.json,2,CENTROID|FACILITY,1,LOCAL_KNOWLEDGE,2025-10-14
VEPBL,VEPBLCIAK,BIC,bic/VEPBLCIAK-BIC.json,2,CENTROID|FACILITY,1,LOCAL_KNOWLEDGE,2025-10-14
VEPBL,VEPBLIIMA,BIC,bic/VEPBLIIMA-BIC.json,2,CENTROID|FACILITY,1,LOCAL_KNOWLEDGE,2025-10-14
VEPBL,VEPBLOTJD,BIC,bic/VEPBLOTJD-BIC.json,2,CENTROID|FACILITY,1,LOCAL_KNOWLEDGE,2025-10-14
VEPBL,VEPBLSPNW,BIC,bic/VEPBLSPNW-BIC.json,2,CENTROID|FACILITY,1,LOCAL_KNOWLEDGE,2025-10-15
VEPBL,VEPBLBOPBL,SMDG,smdg/VEPBLBOPBL-SMDG.json,4,BERTH|CENTROID|FACILITY,2,LOCAL_KNOWLEDGE,2025-10-14
VICHA,VICHAGOLF,BIC,bic/VICHAGOLF-BIC.json,2,CENTROID|FACILITY,1,LOCAL_KNOWLEDGE,2025-09-11
VICHA,VICHACBCP,SMDG,smdg/VICHACBCP-SMDG.json,4,BERTH|CENTROID|FACILITY,2,LOCAL_KNOWLEDGE,2025-09-11
VICTD,VICTDWACP,SMDG,smdg/VICTDWACP-SMDG.json,4,BERTH|CENTROID|FACILITY,2,LOCAL_KNOWLEDGE,2025-09-11
VNDAD,VNDADKLSQ,BIC,bic/VNDADKLSQ-BIC.json,2,CENTROID|FACILITY,1,FACILITY_PROVIDED,2025-10-15
VNDAD,VNDADQESX,BIC,bic/VNDADQESX-BIC.json,2,CENTROID|FACILITY,1,FACILITY_PROVIDED,2025-10-15
VNDAD,VNDADUCWS,BIC,bic/VNDADUCWS-BIC.json,2,CENTROID|FACILITY,1,LOCAL_KNOWLEDGE,2024-05-16
VNDAD,VNDADDNT,SMDG,smdg/VNDADDNT-SMDG.json,14,BERTH|CENTROID|FACILITY,7,FACILITY_PROVIDED,2025-10-15
VNHPH,VNHPHBZRX,BIC,bic/VNHPHBZRX-BIC.json,2,CENTROID|FACILITY,1,LOCAL_KNOWLEDGE,2024-09-12
VNHPH,VNHPHCIMC,BIC,bic/VNHPHCIMC-BIC.json,2,CENTROID|FACILITY,1,FACILITY_PROVIDED,2025-10-15
VNHPH,VNHPHCXUK,BIC,bic/VNHPHCXUK-BIC.json,2,CENTROID|FACILITY,1,LOCAL_KNOWLEDGE,2024-09-12
VNHPH,VNHPHDXAA,BIC,bic/VNHPHDXAA-BIC.json,2,CENTROID|FACILITY,1,LOCAL_KNOWLEDGE,2024-09-12
VNHPH,VNHPHFAZY,BIC,bic/VNHPHFAZY-BIC.json,2,CENTROID|FACILITY,1,LOCAL_KNOWLEDGE,2024-09-05
VNHPH,VNHPHCVP,SMDG,smdg/VNHPHCVP-SMDG.json,4,BERTH|CENTROID|FACILITY,2,REVIEW_PANEL,2024-09-05
VNHPH,VNHPHDINHVU,SMDG,smdg/VNHPHDINHVU-SMDG.json,4,BERTH|CENTROID|FACILITY,2,REVIEW_PANEL,2024-09-05
VNHPH,VNHPHDOANXA,SMDG,smdg/VNHPHDOANXA-SMDG.json,4,BERTH|CENTROID|FACILITY,2,REVIEW_PANEL,2024-09-05
VNHPH,VNHPHGREEN,SMDG,smdg/VNHPHGREEN-SMDG.json,4,BERTH|CENTROID|FACILITY,2,REVIEW_PANEL,2024-09-05
VNHPH,VNHPHHAIAN,SMDG,smdg/VNHPHHAIAN-SMDG.json,4,BERTH|CENTROID|FACILITY,2,REVIEW_PANEL,2024-09-05
VNHPH,VNHPHMAIN,SMDG,smdg/VNHPHMAIN-SMDG.json,4,BERTH|CENTROID|FACILITY,2,REVIEW_PANEL,2024-09-05
VNHPH,VNHPHMPC,SMDG,smdg/VNHPHMPC-SMDG.json,4,BERTH|CENTROID|FACILITY,2,REVIEW_PANEL,2024-09-05
VNHPH,VNHPHNAMHAI,SMDG,smdg/VNHPHNAMHAI-SMDG.json,4,BERTH|CENTROID|FACILITY,2,REVIEW_PANEL,2024-09-05
VNHPH,VNHPHNDV,SMDG,smdg/VNHPHNDV-SMDG.json,4,BERTH|CENTROID|FACILITY,2,REVIEW_PANEL,2024-09-05
VNHPH,VNHPHNHDV,SMDG,smdg/VNHPHNHDV-SMDG.json,4,BERTH|CENTROID|FACILITY,2,REVIEW_PANEL,2024-09-05
VNHPH,VNHPHNP128,SMDG,smdg/VNHPHNP128-SMDG.json,4,BERTH|CENTROID|FACILITY,2,LOCAL_KNOWLEDGE,2024-09-05
VNHPH,VNHPHPTSC,SMDG,smdg/VNHPHPTSC-SMDG.json,4,BERTH|CENTROID|FACILITY,2,REVIEW_PANEL,2024-09-05
VNHPH,VNHPHTANVU,SMDG,smdg/VNHPHTANVU-SMDG.json,4,BERTH|CENTROID|FACILITY,2,REVIEW_PANEL,2024-09-05
VNHPH,VNHPHTC189,SMDG,smdg/VNHPHTC189-SMDG.json,2,BERTH|FACILITY,2,LOCAL_KNOWLEDGE,2024-09-05
VNHPH,VNHPHVGR,SMDG,smdg/VNHPHVGR-SMDG.json,4,BERTH|CENTROID|FACILITY,2,REVIEW_PANEL,2024-09-05
VNHPH,VNHPHVIMC,SMDG,smdg/VNHPHVIMC-SMDG.json,4,BERTH|CENTROID|FACILITY,2,REVIEW_PANEL,2024-09-05
VNHPH,VNHPHVNCHL,SMDG,smdg/VNHPHVNCHL-SMDG.json,4,BERTH|CENTROID|FACILITY,2,REVIEW_PANEL,2024-09-05
VNSGN,VNSGNACAK,BIC,bic/VNSGNACAK-BIC.json,2,CENTROID|FACILITY,1,FACILITY_PROVIDED,2024-05-16
VNSGN,VNSGNAJHP,BIC,bic/VNSGNAJHP-BIC.json,2,CENTROID|FACILITY,1,LOCAL_KNOWLEDGE,2024-05-23
VNSGN,VNSGNAJNR,BIC,bic/VNSGNAJNR-BIC.json,2,CENTROID|FACILITY,1,LOCAL_KNOWLEDGE,2025-12-30
VNSGN,VNSGNBDZC,BIC,bic/VNSGNBDZC-BIC.json,2,CENTROID|FACILITY,1,LOCAL_KNOWLEDGE,2024-05-23
VNSGN,VNSGNCEAG,BIC,bic/VNSGNCEAG-BIC.json,2,CENTROID|FACILITY,1,LOCAL_KNOWLEDGE,2024-05-23
VNSGN,VNSGNCATLAI,SMDG,smdg/VNSGNCATLAI-SMDG.json,6,BERTH|CENTROID|FACILITY,3,LOCAL_KNOWLEDGE,2024-05-23
VNSGN,VNSGNSPCT,SMDG,smdg/VNSGNSPCT-SMDG.json,4,BERTH|CENTROID|FACILITY,2,REVIEW_PANEL,2024-05-16
VNSGN,VNSGNVICT,SMDG,smdg/VNSGNVICT-SMDG.json,4,BERTH|CENTROID|FACILITY,2,REVIEW_PANEL,2024-05-16
YEADE,YEADEACT,SMDG,smdg/YEADEACT-SMDG.json,4,BERTH|CENTROID|FACILITY,2,LOCAL_KNOWLEDGE,2026-01-30
YEHOD,YEHODHOD,SMDG,smdg/YEHODHOD-SMDG.json,8,BERTH|CENTROID|FACILITY,4,LOCAL_KNOWLEDGE,2026-01-30
YTLON,YTLONMCG,SMDG,smdg/YTLONMCG-SMDG.json,4,BERTH|CENTROID|FACILITY,2,FACILITY_PROVIDED,2024-11-08
ZACPT,ZACPTBVFC,BIC,bic/ZACPTBVFC-BIC.json,2,CENTROID|FACILITY,1,LOCAL_KNOWLEDGE,2025-11-27
ZACPT,ZACPTCLDA,BIC,bic/ZACPTCLDA-BIC.json,2,CENTROID|FACILITY,1,LOCAL_KNOWLEDGE,2025-11-27
ZACPT,ZACPTCMCA,BIC,bic/ZACPTCMCA-BIC.json,2,CENTROID|FACILITY,1,LOCAL_KNOWLEDGE,2025-11-27
ZACPT,ZACPTCONA,BIC,bic/ZACPTCONA-BIC.json,2,CENTROID|FACILITY,1,LOCAL_KNOWLEDGE,2025-12-09
ZACPT,ZACPTDKLO,BIC,bic/ZACPTDKLO-BIC.json,2,CENTROID|FACILITY,1,LOCAL_KNOWLEDGE,2025-11-27
ZACPT,ZACPTFPT,SMDG,smdg/ZACPTFPT-SMDG.json,4,BERTH|CENTROID|FACILITY,2,LOCAL_KNOWLEDGE,2025-11-13
ZACPT,ZACPTTNCM,SMDG,smdg/ZACPTTNCM-SMDG.json,4,BERTH|CENTROID|FACILITY,2,LOCAL_KNOWLEDGE,2025-11-13
ZACPT,ZACPTTNCT,SMDG,smdg/ZACPTTNCT-SMDG.json,4,BERTH|CENTROID|FACILITY,2,LOCAL_KNOWLEDGE,2025-11-13
ZADUR,ZADURAGLA,BIC,bic/ZADURAGLA-BIC.json,2,CENTROID|FACILITY,1,LOCAL_KNOWLEDGE,2025-12-09
ZADUR,ZADURAMTR,BIC,bic/ZADURAMTR-BIC.json,2,CENTROID|FACILITY,1,LOCAL_KNOWLEDGE,2025-11-20
ZADUR,ZADURAZRF,BIC,bic/ZADURAZRF-BIC.json,2,CENTROID|FACILITY,1,,2025-12-08
ZADUR,ZADURBHAP,BIC,bic/ZADURBHAP-BIC.json,2,CENTROID|FACILITY,1,LOCAL_KNOWLEDGE,2025-12-09
ZADUR,ZADURBNJR,BIC,bic/ZADURBNJR-BIC.json,2,CENTROID|FACILITY,1,LOCAL_KNOWLEDGE,2025-12-08
ZADUR,ZADURGMWT,SMDG,smdg/ZADURGMWT-SMDG.json,4,BERTH|CENTROID|FACILITY,2,LOCAL_KNOWLEDGE,2025-11-13
ZADUR,ZADURMPTP,SMDG,smdg/ZADURMPTP-SMDG.json,4,BERTH|CENTROID|FACILITY,2,LOCAL_KNOWLEDGE,2025-11-13
ZADUR,ZADURTNP1,SMDG,smdg/ZADURTNP1-SMDG.json,4,BERTH|CENTROID|FACILITY,2,REVIEW_PANEL,2023-12-13
ZADUR,ZADURTNP2,SMDG,smdg/ZADURTNP2-SMDG.json,6,BERTH|CENTROID|FACILITY,3,REVIEW_PANEL,2023-12-13
ZAELS,ZAELSBNOU,BIC,bic/ZAELSBNOU-BIC.json,2,CENTROID|FACILITY,1,LOCAL_KNOWLEDGE,2025-12-17
ZAELS,ZAELSNMZK,BIC,bic/ZAELSNMZK-BIC.json,2,CENTROID|FACILITY,1,LOCAL_KNOWLEDGE,2025-12-17
ZAELS,ZAELSTNMPT,SMDG,smdg/ZAELSTNMPT-SMDG.json,4,BERTH|CENTROID|FACILITY,2,LOCAL_KNOWLEDGE,2025-11-13
ZAPLZ,ZAPLZATBH,BIC,bic/ZAPLZATBH-BIC.json,2,CENTROID|FACILITY,1,LOCAL_KNOWLEDGE,2025-12-18
ZAPLZ,ZAPLZCMCA,BIC,bic/ZAPLZCMCA-BIC.json,2,CENTROID|FACILITY,1,LOCAL_KNOWLEDGE,2025-12-18
ZAPLZ,ZAPLZCYRZ,BIC,bic/ZAPLZCYRZ-BIC.json,2,CENTROID|FACILITY,1,LOCAL_KNOWLEDGE,2025-12-18
ZAPLZ,ZAPLZEJHU,BIC,bic/ZAPLZEJHU-BIC.json,2,CENTROID|FACILITY,1,LOCAL_KNOWLEDGE,2025-12-18
ZAPLZ,ZAPLZGGBT,BIC,bic/ZAPLZGGBT-BIC.json,2,CENTROID|FACILITY,1,LOCAL_KNOWLEDGE,2025-12-18
ZAPLZ,ZAPLZTNPE,SMDG,smdg/ZAPLZTNPE-SMDG.json,4,BERTH|CENTROID|FACILITY,2,LOCAL_KNOWLEDGE,2025-11-13
ZAZBA,ZAZBAERXV,BIC,bic/ZAZBAERXV-BIC.json,2,CENTROID|FACILITY,1,REVIEW_PANEL,2025-12-18
ZAZBA,ZAZBAIOVM,BIC,bic/ZAZBAIOVM-BIC.json,2,CENTROID|FACILITY,1,REVIEW_PANEL,2025-12-18
ZAZBA,ZAZBAWBVT,BIC,bic/ZAZBAWBVT-BIC.json,2,CENTROID|FACILITY,1,REVIEW_PANEL,2025-12-18
ZAZBA,ZAZBAZFIV,BIC,bic/ZAZBAZFIV-BIC.json,2,CENTROID|FACILITY,1,REVIEW_PANEL,2025-12-18
ZAZBA,ZAZBATNNQ,SMDG,smdg/ZAZBATNNQ-SMDG.json,4,BERTH|CENTROID|FACILITY,2,LOCAL_KNOWLEDGE,2025-11-13